Assign F1,Assign F2,Position F1,Position F2,Height,Volume,Line Width F1 (Hz),Line Width F2 (Hz),Fit Method,Vol. Method,Merit,Details,#,Number
1MetH,1MetN,9.95562159121274,124.62737595983107,10.550539941578503,101.03637572937035,6.081999581726178,25.29747288100238,parabolic,box sum,1.0,None,0.0,0.0
2IleH,2IleN,8.92083375684931,110.15560711132413,6.1972029409517715,10.562894714772998,13.889362967959059,45.825625714918786,parabolic,box sum,1.0,None,1.0,1.0
3TrpH,3TrpN,7.678812496301536,108.99151438459462,65.91555347311231,55.40432533916406,16.285812369693883,27.700966709093425,parabolic,box sum,1.0,None,2.0,2.0
3TrpHe1a,3TrpNe1a,9.832586713981707,132.7795397576075,97.13342296644643,25.191291040983643,23.230300923844705,44.55713316650479,parabolic,box sum,1.0,None,2.0,2.0
4ValH,4ValN,7.374502700404897,110.91697331309351,20.8833032289796,51.16191167525073,21.09656341814988,5.302720590313272,parabolic,box sum,1.0,None,3.0,3.0
6PheH,6PheN,7.257022966466235,125.06989979568763,73.17682613392694,16.615703223870995,26.240460284227428,45.41066213967614,parabolic,box sum,1.0,None,5.0,5.0
7LysH,7LysN,6.052375717800457,131.23513174494482,42.55382256320875,37.36460358067512,44.32475733687977,21.516470180707728,parabolic,box sum,1.0,None,6.0,6.0
8HisH,8HisN,7.290104944894179,109.75593706314835,52.75237433619475,75.63048894807108,47.53689958100441,10.600213547980532,parabolic,box sum,1.0,None,7.0,7.0
9MetH,9MetN,9.278750904786571,132.5298948774767,62.70006294971617,8.332725540451573,49.62526296466364,27.871634035038607,parabolic,box sum,1.0,None,8.0,8.0
10PheH,10PheN,6.534679652237118,132.67759219015997,48.68613995318492,97.10231041831344,11.939241818285328,29.935046347906354,parabolic,box sum,1.0,None,9.0,9.0
11AlaH,11AlaN,7.367029993416856,124.96873291079807,21.9239504696624,36.591618621504544,33.73140007600505,47.329910393652206,parabolic,box sum,1.0,None,10.0,10.0
12TyrH,12TyrN,6.354464500022772,117.19043970971484,44.11955338281131,16.554340115063265,24.954069435473492,48.95237958649029,parabolic,box sum,1.0,None,11.0,11.0
13TrpH,13TrpN,9.154691258072388,118.94088447967515,42.66491439294825,62.074722143795405,7.839234859000896,27.529003450629325,parabolic,box sum,1.0,None,12.0,12.0
13TrpHe1a,13TrpNe1a,9.26471836837483,134.23479242850692,55.4299591003115,78.66094303630511,30.79927297403785,11.247211344496261,parabolic,box sum,1.0,None,12.0,12.0
14SerH,14SerN,7.21593232452555,130.38587270907283,79.64001302157702,56.32286481123234,9.120601235837178,17.632251061088517,parabolic,box sum,1.0,None,13.0,13.0
15GluH,15GluN,6.523815837070549,125.92811243862748,104.86302808006081,87.25537215077951,20.953321710136635,29.04931554047543,parabolic,box sum,1.0,None,14.0,14.0
16TrpH,16TrpN,7.932743059418577,105.39352508932821,44.82949484983086,56.733600099326885,35.21181211532029,33.409094859019895,parabolic,box sum,1.0,None,15.0,15.0
16TrpHe1a,16TrpNe1a,9.041996767733908,130.59846474586655,89.84186532869155,51.5394907545848,27.60705195474048,36.28131610414644,parabolic,box sum,1.0,None,15.0,15.0
17ThrH,17ThrN,9.20480657915075,109.14793857407182,75.2841807024757,18.443790370614053,24.260639758728345,10.64221575280362,parabolic,box sum,1.0,None,16.0,16.0
18AlaH,18AlaN,9.880512918562564,132.08631033914673,87.74414960861125,68.33149081174797,23.326733815161745,44.79925858368406,parabolic,box sum,1.0,None,17.0,17.0
19AspH,19AspN,8.237169655611737,126.52923612182768,62.364874881247445,57.6193196861512,20.309563644820443,41.29930078689131,parabolic,box sum,1.0,None,18.0,18.0
20ThrH,20ThrN,6.980662231686682,124.5043413513615,-1.081317552009108,91.04120183741314,6.602858451255487,29.548226414665525,parabolic,box sum,1.0,None,19.0,19.0
21SerH,21SerN,9.030483768740766,114.67556567681764,58.19549534045646,55.93976091564653,13.129568221873734,19.33173605595922,parabolic,box sum,1.0,None,20.0,20.0
22GlyH,22GlyN,7.833567255894082,133.35081998504526,67.00283463405728,84.7357122172308,34.02129951278755,17.884542120263667,parabolic,box sum,1.0,None,21.0,21.0
23PheH,23PheN,6.623608714456617,114.07465127418071,84.93480178080873,74.09970875179098,33.982613001428305,32.318803580202186,parabolic,box sum,1.0,None,22.0,22.0
24ValH,24ValN,6.98007415165783,109.41406511921858,46.98341673601302,26.046025979403336,38.24669331391248,34.399421264587886,parabolic,box sum,1.0,None,23.0,23.0
25ValH,25ValN,9.276744100176387,133.48807923275734,101.68562374192209,29.59879135209258,23.49978933954881,46.51328216083833,parabolic,box sum,1.0,None,24.0,24.0
26GlnH,26GlnN,7.962029940498316,111.35609707066062,76.49384103547413,2.0569063049176615,36.76423790132901,16.963073537269132,parabolic,box sum,1.0,None,25.0,25.0
26GlnHe2a,26GlnNe2a,7.144262181747745,106.59673863164792,85.59124657422596,54.17713765476926,30.753777103787723,19.993080975668573,parabolic,box sum,1.0,None,25.0,25.0
26GlnHe2b,26GlnNe2b,6.994025462456093,106.59914695290941,37.55313607160707,21.876344789140482,39.1004560276358,28.476176736427476,parabolic,box sum,1.0,None,25.0,25.0
27ValH,27ValN,7.457950336667688,132.63219051136022,14.618757235387099,69.88709035889931,46.90462908220538,12.682674903673899,parabolic,box sum,1.0,None,26.0,26.0
28IleH,28IleN,6.526588009710653,119.27841596560603,81.59133707369489,64.68530786823597,44.44888502450505,16.368060645929514,parabolic,box sum,1.0,None,27.0,27.0
29TrpH,29TrpN,6.7366028307557215,119.64184703147693,46.58252236463683,81.92643883394591,39.74559831301877,6.1424006449849635,parabolic,box sum,1.0,None,28.0,28.0
29TrpHe1a,29TrpNe1a,9.824347115713682,130.37573050126946,50.56935380829623,93.25419480381828,37.293634648249885,30.310372430479404,parabolic,box sum,1.0,None,28.0,28.0
30CysH,30CysN,7.79949342784649,123.57939482956625,85.97139719494332,25.143324600772488,30.652893159492592,32.46989019665395,parabolic,box sum,1.0,None,29.0,29.0
31ThrH,31ThrN,6.383976433798426,129.834656624171,69.0995369324754,63.46837925068368,11.977762819971225,25.533907560736573,parabolic,box sum,1.0,None,30.0,30.0
32AlaH,32AlaN,7.471634319603137,119.12437947686507,14.079108394112545,39.786245073257945,17.140621712559387,24.862080171988097,parabolic,box sum,1.0,None,31.0,31.0
33AsnH,33AsnN,6.201496880518889,111.88240825253743,19.88879173363707,77.91475163269577,15.98720577959514,45.24196026304544,parabolic,box sum,1.0,None,32.0,32.0
33AsnHd2a,33AsnNd2a,6.493766053118276,108.99553116701432,17.02241547256373,77.92483281925948,47.041008242032824,32.61081311661453,parabolic,box sum,1.0,None,32.0,32.0
33AsnHd2b,33AsnNd2b,7.848132246466221,109.00104292347547,36.63055948159021,46.24345838950096,17.61561137911551,40.61504337452369,parabolic,box sum,1.0,None,32.0,32.0
34SerH,34SerN,9.254841839375642,128.6961036130787,99.579652551981,66.95072046537067,49.43389354515908,42.12644092954526,parabolic,box sum,1.0,None,33.0,33.0
35TrpH,35TrpN,6.0102545012634625,106.66716000760182,26.046363965131796,60.71337973310374,9.278860077495649,42.760425321963304,parabolic,box sum,1.0,None,34.0,34.0
35TrpHe1a,35TrpNe1a,9.042114461841555,131.9828668640704,1.6482559594518555,62.35428031018644,18.68041180810771,37.52573471945516,parabolic,box sum,1.0,None,34.0,34.0
36CysH,36CysN,9.439869033501754,118.62870167330483,41.69784015254278,50.04161141041081,29.503937231951195,25.739114672476063,parabolic,box sum,1.0,None,35.0,35.0
37TyrH,37TyrN,7.229697019940137,111.54216067229594,92.55360206063527,48.03624870732271,42.266900685856726,14.69987531254136,parabolic,box sum,1.0,None,36.0,36.0
38LeuH,38LeuN,8.840141560671654,120.54756862496065,47.9780497791988,95.84900829163188,13.414649334443318,35.93870286440866,parabolic,box sum,1.0,None,37.0,37.0
39ThrH,39ThrN,8.155144434261475,111.46672470462676,95.322033964886,25.768417741603486,12.624635298832558,18.1396871356554,parabolic,box sum,1.0,None,38.0,38.0
40HisH,40HisN,7.761206649677175,122.19602881936116,30.553951563524667,11.930418673593032,30.461587707731155,32.31137703819392,parabolic,box sum,1.0,None,39.0,39.0
41AsnH,41AsnN,7.499132869709197,109.02943815062392,55.748483524035656,45.64001585742895,38.03426317961427,12.546828823290705,parabolic,box sum,1.0,None,40.0,40.0
41AsnHd2a,41AsnNd2a,7.887119284515543,112.287686055049,48.00864584382695,34.6068489089222,28.540906690955186,6.65908730950722,parabolic,box sum,1.0,None,40.0,40.0
41AsnHd2b,41AsnNd2b,7.497597702445689,112.28270414305184,17.01419453746553,48.37234467574845,40.95308991328005,16.787557352035765,parabolic,box sum,1.0,None,40.0,40.0
42GlyH,42GlyN,8.360523891351548,121.82205087444125,102.21452731691636,24.23871057899409,46.147038852563384,26.6949376532565,parabolic,box sum,1.0,None,41.0,41.0
43LeuH,43LeuN,9.786239859687749,116.34234103544914,51.02014339821062,29.511844002427083,35.801644464942214,34.518871604812574,parabolic,box sum,1.0,None,42.0,42.0
45AspH,45AspN,9.552578542100987,124.60535625430742,36.86716401297733,20.368673368168118,32.622679908261645,5.563895842989998,parabolic,box sum,1.0,None,44.0,44.0
46ArgH,46ArgN,6.178870032548184,108.91762866956137,47.81071461195738,30.807586626674798,6.924907494918255,35.993684461713144,parabolic,box sum,1.0,None,45.0,45.0
47ArgH,47ArgN,8.188765165578758,132.31838341131208,47.247854049973995,54.2389432254751,22.62762946219257,37.359960524507265,parabolic,box sum,1.0,None,46.0,46.0
48AspH,48AspN,7.845485182723664,118.03570598535383,93.31231604844722,41.93716287904534,31.343109885853774,36.948426474780646,parabolic,box sum,1.0,None,47.0,47.0
49GlyH,49GlyN,6.765007289339818,124.10990104970774,91.61321372280321,23.025870356510975,30.991700295708494,43.57255371770679,parabolic,box sum,1.0,None,48.0,48.0
50AsnH,50AsnN,7.652244399681858,131.4698635807371,47.14112614686313,99.58982789409185,47.968789392885554,9.314224663288053,parabolic,box sum,1.0,None,49.0,49.0
50AsnHd2a,50AsnNd2a,7.19254307271314,113.5413890230078,66.57800994598088,50.88848086121838,44.98515484264611,34.473152803221794,parabolic,box sum,1.0,None,49.0,49.0
50AsnHd2b,50AsnNd2b,6.192898638147521,113.54905437857576,25.094332446840912,5.484566606525007,24.148749922484676,12.116089138825238,parabolic,box sum,1.0,None,49.0,49.0
51AlaH,51AlaN,7.3820151544029535,122.23049016395842,44.05237052760155,27.843081566358578,27.2842491512641,40.94052913037763,parabolic,box sum,1.0,None,50.0,50.0
52CysH,52CysN,9.33766209821241,133.0264461598351,38.084648203899405,33.703987446378875,22.982388419374274,33.573874387035666,parabolic,box sum,1.0,None,51.0,51.0
53TyrH,53TyrN,8.350813477516084,115.68259130096175,62.07446206674227,74.58514937558346,22.85151222516144,43.49032170771236,parabolic,box sum,1.0,None,52.0,52.0
54LeuH,54LeuN,8.987278893428178,121.42789291399713,44.15307852026783,37.03003883756467,17.435213743166432,23.089892767798574,parabolic,box sum,1.0,None,53.0,53.0
55GluH,55GluN,9.602890510102187,128.6483188670139,91.45652016640784,10.106863696836841,48.12685260799572,33.62731126817049,parabolic,box sum,1.0,None,54.0,54.0
56LysH,56LysN,6.966179701742917,106.12933422933126,25.902170917409684,27.32793893523191,22.169346022630258,33.459610471660746,parabolic,box sum,1.0,None,55.0,55.0
57ValH,57ValN,9.101566952183708,113.54789975488261,8.562100278968495,67.85181891720494,27.23436676790248,5.898781853788405,parabolic,box sum,1.0,None,56.0,56.0
58HisH,58HisN,6.509441464752683,129.35383753536843,78.16205886226453,71.80214291828938,31.02673977958495,10.436961221416984,parabolic,box sum,1.0,None,57.0,57.0
59LeuH,59LeuN,8.551024333387216,106.03021734204245,48.31617938950882,7.843305482628889,47.12867340532813,26.745912748348513,parabolic,box sum,1.0,None,58.0,58.0
60ThrH,60ThrN,8.859204570465876,128.39260202740462,24.01566409357104,81.64226875031096,32.990401957228286,38.78254261036769,parabolic,box sum,1.0,None,59.0,59.0
61SerH,61SerN,8.1963270833591,129.8470763992746,80.40420920562464,20.1029490744433,28.231903090457045,26.919717235634874,parabolic,box sum,1.0,None,60.0,60.0
62LeuH,62LeuN,9.340827629589086,121.93583373666134,16.43193728345676,38.55539990154648,47.048746983695274,42.94546062123827,parabolic,box sum,1.0,None,61.0,61.0
63GluH,63GluN,7.066719618854919,110.58466589650625,80.85534144274783,23.880240635938343,45.42439154131209,17.479894156915247,parabolic,box sum,1.0,None,62.0,62.0
64LeuH,64LeuN,9.35347079939959,126.40665231690619,98.6164206161234,60.77278070037783,8.450695487262799,13.454216668174032,parabolic,box sum,1.0,None,63.0,63.0
66LysH,66LysN,9.230001315495864,117.66493537479091,83.90829708264741,96.91371092173642,34.22215167899003,8.671056967791746,parabolic,box sum,1.0,None,65.0,65.0
67LeuH,67LeuN,8.160298747754679,121.79912527500547,57.74944606862323,30.852201669746098,46.86022123314338,45.36618192625661,parabolic,box sum,1.0,None,66.0,66.0
68AlaH,68AlaN,7.003430212539625,113.47570282470235,30.84046679298585,104.88926629834903,12.559713987487337,36.868491859701926,parabolic,box sum,1.0,None,67.0,67.0
69TyrH,69TyrN,7.7498530109883745,121.23606565270183,88.81210000154617,57.3715540489522,47.63282962946417,5.015595487958905,parabolic,box sum,1.0,None,68.0,68.0
70LeuH,70LeuN,6.3730776770653685,118.59821150421007,87.33773121922151,24.51945702485687,27.4212992959406,6.5282575581951585,parabolic,box sum,1.0,None,69.0,69.0
71HisH,71HisN,7.3322931747930005,126.31409649028576,51.32650786294273,40.43726164169944,22.625439153279075,9.373053155779962,parabolic,box sum,1.0,None,70.0,70.0
72GluH,72GluN,6.139107133528552,130.23736927402803,65.83929545471013,7.020284925243311,28.12245788942306,15.95007471605282,parabolic,box sum,1.0,None,71.0,71.0
73SerH,73SerN,6.4859495605413695,110.20263049520506,9.387264403547928,14.357464380917506,44.694266311279094,50.032539631915434,parabolic,box sum,1.0,None,72.0,72.0
74LysH,74LysN,7.550492892152148,106.4909574474411,71.40269252965724,34.50466225034583,9.343478689900989,48.51677528189692,parabolic,box sum,1.0,None,73.0,73.0
76LysH,76LysN,6.159871234702756,113.86375998085333,53.65334581326304,39.63226495414452,48.54321108270282,6.496869592510804,parabolic,box sum,1.0,None,75.0,75.0
77ValH,77ValN,8.02342143985419,106.10936137758935,25.789603651210548,76.19901277837452,47.101205025670104,5.317350713284106,parabolic,box sum,1.0,None,76.0,76.0
78PheH,78PheN,9.72850930444965,109.04649410769014,71.86075446810028,-4.367190263243036,43.03637586312948,42.40499206881167,parabolic,box sum,1.0,None,77.0,77.0
79AlaH,79AlaN,6.44656161602977,109.60023548597273,37.40442604666145,53.299711036453665,40.72495749009503,19.888595930983442,parabolic,box sum,1.0,None,78.0,78.0
80AlaH,80AlaN,8.96637686501266,108.175534448004,1.0511075129879899,32.49211124726435,30.96791291300632,11.599298522481906,parabolic,box sum,1.0,None,79.0,79.0
81SerH,81SerN,9.931267483930197,120.480245808994,80.25275534575358,99.39516471571444,15.47941128084797,5.088998004146141,parabolic,box sum,1.0,None,80.0,80.0
82CysH,82CysN,7.403694057926803,109.11844261088604,80.70849363725273,1.947930828734851,38.4559811699809,8.2569036103432,parabolic,box sum,1.0,None,81.0,81.0
83MetH,83MetN,9.740305386045739,110.44925856208621,5.855875444094413,67.01299686654096,49.799438411278224,14.978140478833408,parabolic,box sum,1.0,None,82.0,82.0
84GlnH,84GlnN,6.779853675491687,132.37127555992893,1.6229071777731168,70.64752587034785,17.997960770771403,23.68707491311292,parabolic,box sum,1.0,None,83.0,83.0
84GlnHe2a,84GlnNe2a,7.90320361016629,112.7977597882404,98.7258876997426,19.194440549426243,44.225209127173265,12.693348421044611,parabolic,box sum,1.0,None,83.0,83.0
84GlnHe2b,84GlnNe2b,7.995069185426382,112.78569498067229,52.166478755328356,19.01499751385046,22.10064679329505,45.9210029821648,parabolic,box sum,1.0,None,83.0,83.0
85TyrH,85TyrN,7.349169193072103,118.78003070644083,10.914581646527612,16.790773251811203,28.662157504418733,27.928535152719036,parabolic,box sum,1.0,None,84.0,84.0
86ThrH,86ThrN,7.483497373650892,108.54090761053291,39.59913708033066,60.023011227417435,42.116009656246135,49.14734514493562,parabolic,box sum,1.0,None,85.0,85.0
87LysH,87LysN,9.966253074380802,111.36439748752643,21.542508790192286,32.26668139709862,11.606794365371943,18.79977511394198,parabolic,box sum,1.0,None,86.0,86.0
88IleH,88IleN,9.173571604194942,130.12373776905625,48.87192384784584,55.02486590554306,13.569987018697436,45.63410582133968,parabolic,box sum,1.0,None,87.0,87.0
89AlaH,89AlaN,7.8966034427257625,108.7581874196337,7.449149364049411,40.495376781570556,23.535385064707885,42.03139050221279,parabolic,box sum,1.0,None,88.0,88.0
90SerH,90SerN,8.291659389324305,125.0523076021791,97.15920896147375,103.6142652693482,6.596691116277639,12.812102142806765,parabolic,box sum,1.0,None,89.0,89.0
91LysH,91LysN,8.797503542945798,122.82875598336896,29.866724759776577,47.96299468777649,15.545131093421979,34.15799680794105,parabolic,box sum,1.0,None,90.0,90.0
92LeuH,92LeuN,9.451882051997561,119.28298183755336,101.20749432874545,33.79473183499063,35.08289844885989,45.96618101714016,parabolic,box sum,1.0,None,91.0,91.0
93ArgH,93ArgN,8.310611290220839,132.61869952609362,84.41659288436666,42.36615222220622,31.97132202907164,40.9904089438348,parabolic,box sum,1.0,None,92.0,92.0
94LeuH,94LeuN,9.338729548729956,120.17522898655413,80.01368349640921,90.66111730148582,5.027784706638227,34.00529210612526,parabolic,box sum,1.0,None,93.0,93.0
95ArgH,95ArgN,7.785291062171646,126.59805672468411,61.991868845915356,0.4204629349207183,7.587888670410539,41.08468636967969,parabolic,box sum,1.0,None,94.0,94.0
97SerH,97SerN,9.609812746081426,109.99014345388827,80.20487790565866,45.226955560965116,43.30154956272807,19.69029302202613,parabolic,box sum,1.0,None,96.0,96.0
98ThrH,98ThrN,6.9020430244273925,129.03498300916473,16.185508128414305,94.00501056231082,18.371634273750917,47.53910044391125,parabolic,box sum,1.0,None,97.0,97.0
99LeuH,99LeuN,6.68791248982824,125.36175645051736,64.57703611978785,70.34985610635718,40.16997092545641,10.34447170445084,parabolic,box sum,1.0,None,98.0,98.0
100LysH,100LysN,9.377977500370102,132.6006854718399,78.12037966554126,49.11160478707879,25.214861958570403,37.59767301541292,parabolic,box sum,1.0,None,99.0,99.0
