Res#	1-letter	3-letter	Peak Status	Merit	Position F1	Position F2	Height	Volume	Line Width F1 (Hz)	Line Width F2 (Hz)	Fit Method	Vol. Method	Assign F1	Assign F2	Details	Number	#	index	H1_delta	N15_delta	Height_ratio	Vol_ratio	CSP
1	M	Met	unassigned	0.0	NaN	NaN	NaN	NaN	NaN	NaN	NaN	NaN	1Met	NaN	None	NaN	NaN	NaN	NaN	NaN	NaN	NaN	NaN
2	A	Ala	measured	1.0	8.28445	123.55603	3138040.0	3292920000.0	19.41518	23.00945	gaussian	peak fit	2Ala	 2AlaN	Max1	1.0	22.0	0.0	-0.031950000000000145	-0.2747099999999847	0.5864136162833288	5.849992805026888	0.07611170827802656
3	L	Leu	measured	1.0	8.11456	117.1569	14931000.0	5469820000.0	20.488979999999998	15.779739999999999	gaussian	peak fit	3Leu	 3LeuN	Max1	2.0	84.0	1.0	0.009550000000000836	-0.053010000000014657	0.6354644580825836	2.833575084440208	0.015566163849841642
4	K	Lys	measured	1.0	7.94905	117.50318999999999	10390000.0	1699840000.0	22.41597	16.21027	gaussian	peak fit	4Lys	 4LysN	Max1	3.0	117.0	2.0	0.013679999999999914	0.0036799999999743704	0.5857150910423361	1.6972601645498842	0.009722096893159707
5	R	Arg	measured	1.0	7.8032	121.07354	1812090.0	183248000.0	29.896559999999997	20.61216	gaussian	peak fit	5Arg	 5ArgN	Max1	4.0	47.0	3.0	0.02383000000000024	-0.10204000000001656	0.41216087122659534	0.4653964738689409	0.031824295153235406
6	I	Ile	measured	1.0	8.687510000000001	121.98053999999999	3236370.0	386947000.0	29.76468	23.39001	parabolic	peak fit	6Ile	 6IleN	Max1	5.0	32.0	4.0	-0.01370999999999789	-0.2578800000000001	0.5878857786416232	0.4056099238145553	0.06891392209125799
7	Q	Gln	measured	1.0	8.53544	117.49247	11361800.0	1587170000.0	27.908640000000002	16.25206	gaussian	peak fit	7Gln	 7GlnN	Max1	6.0	83.0	5.0	0.00172000000000061	0.0388499999999965	0.5704488058120327	0.9455826894090592	0.010350448057933628
8	K	Lys	unassigned	0.0	NaN	NaN	NaN	NaN	NaN	NaN	NaN	NaN	8Lys	NaN	None	NaN	NaN	NaN	NaN	NaN	NaN	NaN	NaN
9	E	Glu	measured	1.0	8.65098	119.59771	6803040.0	1066440000.0	32.42808	19.93287	parabolic	peak fit	9Glu	 9GluN	Max1	7.0	65.0	6.0	0.01501000000000019	0.1222100000000097	0.516293153824554	0.7483841991873628	0.0340311612643496
10	L	Leu	measured	1.0	8.80683	120.40025	13052100.0	1191620000.0	19.106270000000002	15.888570000000001	gaussian	peak fit	10Leu	 10LeuN	Max1	8.0	54.0	7.0	0.005419999999999092	0.009360000000015134	0.6327033171587708	0.7534173821777671	0.004562989371017088
11	S	Ser	measured	1.0	8.2362	114.55573999999999	5590330.0	836290000.0	90.6966	17.92527	parabolic	peak fit	11Ser	 11SerN	Max1	9.0	98.0	8.0	0.010669999999999291	-0.03915000000000646	0.5819271790793393	0.6705931408318566	0.012814641040623333
12	D	Asp	measured	1.0	8.47105	122.19471000000001	20258600.0	1982280000.0	23.9082	17.94905	parabolic	peak fit	12Asp	 12AspN	Max1	10.0	31.0	9.0	-0.025900000000000034	-0.05335999999998364	1.1771548768724795	0.9188537736286353	0.02312391126085461
13	L	Leu	measured	1.0	8.23002	122.08248	7151670.0	1862650000.0	74.63988	28.178859999999997	parabolic	peak fit	13Leu	 13LeuN	Max1	11.0	37.0	10.0	0.013680000000000803	-0.056709999999981164	0.5794485586038145	1.204312546471406	0.017851971515769945
14	Q	Gln	measured	1.0	8.03233	115.10625	15605800.0	1598160000.0	23.662760000000002	17.462770000000003	parabolic	peak fit	14Gln	 14GlnN	Max1	12.0	95.0	11.0	-0.0026399999999995316	0.021330000000006066	0.6562545994339806	0.8181971770415765	0.005944125082803766
15	R	Arg	measured	1.0	7.70298	118.24346000000001	7554150.0	1433880000.0	30.630909999999997	34.46823	parabolic	peak fit	15Arg	 15ArgN	Max1	13.0	76.0	12.0	0.009760000000000879	0.07285000000000252	0.5270128855370834	1.066589306435776	0.020472600592011617
16	D	Asp	measured	1.0	7.73804	117.05417	9291520.0	1217820000.0	28.85997	14.378620000000002	gaussian	peak fit	16Asp	 16AspN	Joao10	14.0	85.0	13.0	0.013639999999999652	0.06453000000000486	0.6380180044084021	0.5681959212619733	0.019609009740423896
17	P	Pro	unassigned	0.0	NaN	NaN	NaN	NaN	NaN	NaN	NaN	NaN	17Pro	NaN	None	NaN	NaN	NaN	NaN	NaN	NaN	NaN	NaN
18	P	Pro	unassigned	0.0	NaN	NaN	NaN	NaN	NaN	NaN	NaN	NaN	18Pro	NaN	None	NaN	NaN	NaN	NaN	NaN	NaN	NaN	NaN
19	A	Ala	unassigned	0.0	NaN	NaN	NaN	NaN	NaN	NaN	NaN	NaN	19Ala	NaN	None	NaN	NaN	NaN	NaN	NaN	NaN	NaN	NaN
20	H	His	measured	1.0	7.95631	121.7595	7175110.0	792917000.0	27.39118	23.19192	gaussian	peak fit	20His	 20HisN	Max3	15.0	110.0	14.0	0.0004299999999997084	0.025839999999988095	0.7399995874630005	1.0014587717015973	0.006843379428320251
21	C	Cys	measured	0.5	8.41767	114.69388000000001	6550880.0	123123000.0	32.59185	16.693360000000002	parabolic	peak fit	21Cys	 21CysN	Max1	16.0	121.0	15.0	0.0016800000000003479	0.001310000000017908	0.5860564148900956	1.286551724137931	0.0012374679793852722
22	S	Ser	measured	1.0	8.1796	111.40643999999999	6204480.0	518250000.0	27.43342	16.19606	gaussian	peak fit	22Ser	 22SerN	Max1	17.0	105.0	16.0	-0.011459999999999582	-0.03432000000002233	0.7423340555893885	0.8665069362354558	0.012170298599463471
23	A	Ala	measured	1.0	8.27155	121.78334	17645500.0	2319820000.0	23.16376	18.83785	gaussian	peak fit	23Ala	 23AlaN	Max1	18.0	40.0	17.0	-0.0010000000000012221	0.0201799999999821	0.694324759285273	1.0564949880907382	0.005385746744876764
24	G	Gly	measured	1.0	8.041080000000001	103.99636	11964300.0	1345880000.0	23.25262	16.59757	gaussian	peak fit	24Gly	 24GlyN	Max1	19.0	115.0	18.0	-0.003049999999999997	0.025009999999994648	0.6452992605457183	0.8680800562431873	0.00819763746453655
25	P	Pro	unassigned	0.0	NaN	NaN	NaN	NaN	NaN	NaN	NaN	NaN	25Pro	NaN	None	NaN	NaN	NaN	NaN	NaN	NaN	NaN	NaN
26	V	Val	measured	1.0	8.52088	122.99869	9198860.0	1152930000.0	30.8569	19.68684	parabolic	peak fit	26Val	 26ValN	Max1	20.0	33.0	19.0	-0.0021199999999996777	-0.018709999999998672	0.6641632311213476	0.534422019709457	0.005172203302268371
27	G	Gly	measured	1.0	8.77241	115.23666000000001	4879540.0	465077000.0	29.79487	19.299220000000002	parabolic	peak fit	27Gly	 27GlyN	Max1	21.0	94.0	20.0	0.0029700000000012494	-0.0163999999999902	0.7016408151879295	0.7913335250368803	0.005595216707150097
28	D	Asp	measured	1.0	8.56033	123.00509	9198860.0	1181710000.0	30.8569	19.68684	parabolic	peak fit	28Asp	 28AspN	Max1	22.0	28.0	21.0	-0.0031999999999996476	-0.03632000000001767	0.6641632311213476	0.8444585777885762	0.009872181521836434
29	D	Asp	measured	0.5	7.98663	119.78622	10098100.0	900598000.0	36.094840000000005	34.56277	parabolic	peak fit	29Asp	 29AspN	Joao7	23.0	1.0	22.0	0.007279999999999731	0.02835999999999217	0.6999445484161642	0.48396870264286407	0.009099421520072964
30	L	Leu	measured	1.0	8.70535	125.87326000000002	6382910.0	11078800000.0	26.789659999999998	18.93287	gaussian	peak fit	30Leu	 30LeuN	Joao10	24.0	12.0	23.0	0.005289999999998685	0.054680000000004725	0.7191468362388417	8.372100052898057	0.014942731276444386
31	F	Phe	measured	1.0	8.40982	112.07831000000002	6794140.0	610087000.0	26.02731	15.62631	parabolic	peak fit	31Phe	 31PheN	Joao10	25.0	108.0	24.0	-0.008399999999999963	-0.023299999999991883	0.68005869564347	0.6515364455959213	0.008560508162485053
32	H	His	measured	0.5	8.01517	119.76135	5357370.0	150625000.0	79.42348	38.434090000000005	parabolic	peak fit	32His	 32HisN	Joao7	26.0	119.0	25.0	-0.016280000000000072	0.00491999999998427	1.0849314902044966	0.46295157949089927	0.011585061415460443
33	W	Trp	measured	1.0	9.72977	123.93328999999999	4229320.0	5562870000.0	23.36383	22.81626	lorentzian	peak fit	33Trp	 33TrpN	Max1	27.0	21.0	26.0	0.005680000000001684	0.021689999999978227	0.6118648530564887	7.685751391978337	0.007004507620093182
34	Q	Gln	measured	1.0	8.73059	119.4342	6094650.0	8201710000.0	23.47577	16.90695	gaussian	peak fit	34Gln	 34GlnN	Max1	28.0	66.0	27.0	0.0044599999999999085	0.004869999999996821	0.6887388405469544	8.775655415483449	0.0034067554946014874
35	A	Ala	measured	1.0	8.947239999999999	126.25695	7681140.0	1833700000.0	30.311	18.75941	gaussian	peak fit	35Ala	 35AlaN	Max1	29.0	20.0	28.0	0.001489999999998659	0.036710000000013565	0.6749980227602267	1.0482119175012576	0.009769531053232174
36	T	Thr	measured	1.0	8.88937	113.65742	8739890.0	8838790000.0	20.60266	17.89176	gaussian	peak fit	36Thr	 36ThrN	Max1	30.0	104.0	29.0	-0.005990000000000606	-0.06201000000000079	0.6692464374047613	7.515850070577031	0.016944227837231488
37	I	Ile	unassigned	0.0	NaN	NaN	NaN	NaN	NaN	NaN	NaN	NaN	37Ile	NaN	None	NaN	NaN	NaN	NaN	NaN	NaN	NaN	NaN
38	M	Met	unassigned	0.0	NaN	NaN	NaN	NaN	NaN	NaN	NaN	NaN	38Met	NaN	None	NaN	NaN	NaN	NaN	NaN	NaN	NaN	NaN
39	G	Gly	measured	1.0	8.99652	109.13168	5674450.0	703980000.0	17.8213	16.62095	gaussian	peak fit	39Gly	 39GlyN	Joao10	31.0	113.0	30.0	0.008010000000000517	0.07891000000000759	0.5653419280277369	0.6102303164792872	0.02558825629073079
40	P	Pro	unassigned	0.0	NaN	NaN	NaN	NaN	NaN	NaN	NaN	NaN	40Pro	NaN	None	NaN	NaN	NaN	NaN	NaN	NaN	NaN	NaN
41	P	Pro	unassigned	0.0	NaN	NaN	NaN	NaN	NaN	NaN	NaN	NaN	41Pro	NaN	None	NaN	NaN	NaN	NaN	NaN	NaN	NaN	NaN
42	D	Asp	measured	1.0	8.70757	116.08769	10873200.0	1336820000.0	25.30244	15.514829999999998	gaussian	peak fit	42Asp	 42AspN	Max1	32.0	88.0	31.0	0.0008300000000005525	0.00800999999998453	0.673797189103438	0.8924985312182877	0.0021990127330197774
43	S	Ser	measured	1.0	7.916180000000001	114.28607	17685900.0	2175640000.0	22.64855	15.860420000000001	parabolic	peak fit	43Ser	 43SerN	Max1	33.0	100.0	32.0	-0.00030999999999892225	-0.015310000000013702	0.6924215315107215	0.9882534635475811	0.004056572075044277
44	A	Ala	measured	1.0	9.22338	123.61367	3552900.0	504064000.0	22.486929999999997	16.49996	parabolic	peak fit	44Ala	 44AlaN	Max1	34.0	24.0	33.0	-0.003569999999999851	-0.014919999999989386	0.8526196052833666	0.7498553290241962	0.004685605403784798
45	Y	Tyr	measured	1.0	7.47271	114.61352	7507530.0	8459970000.0	23.30787	19.59429	lorentzian	peak fit	45Tyr	 45TyrN	Max1	35.0	97.0	34.0	0.0038999999999997925	0.005839999999992074	0.6343390901716912	7.331314181723645	0.003161074500860856
46	Q	Gln	measured	1.0	7.18938	121.24851000000001	13857400.0	1245150000.0	21.59071	15.73151	parabolic	peak fit	46Gln	 46GlnN	Max1	36.0	46.0	35.0	0.0023100000000004783	-0.000819999999990273	0.6022992502444855	0.8357384487341263	0.0016477615118699637
47	G	Gly	measured	1.0	9.204130000000001	115.8296	7692010.0	8620440000.0	23.22513	19.55653	lorentzian	peak fit	47Gly	 47GlyN	Max1	37.0	90.0	36.0	0.00012000000000078614	-0.009689999999991983	0.6274735493975707	8.594656031904288	0.003065421667566235
48	G	Gly	measured	1.0	8.38091	106.55327	13911500.0	15116200000.0	22.05438	15.38815	gaussian	peak fit	48Gly	 48GlyN	Max1	38.0	114.0	37.0	0.001960000000000406	0.0043099999999896	0.6577696872266484	9.083435988342398	0.0019438132626339987
49	V	Val	measured	1.0	8.79682	125.53048999999999	11301500.0	14241000000.0	23.86219	15.82342	gaussian	peak fit	49Val	 49ValN	Max1	39.0	13.0	38.0	-0.000560000000000116	0.014129999999980214	0.6691475126410648	9.28169665843278	0.003759359386911675
50	F	Phe	measured	1.0	8.76635	124.0821	8548270.0	962569000.0	30.910420000000002	17.391560000000002	parabolic	peak fit	50Phe	 50PheN	Max1	40.0	17.0	39.0	-0.0071500000000011	-0.002910000000014179	0.5936752113008633	0.574530858302495	0.005114099823039597
51	F	Phe	measured	1.0	9.279589999999999	121.13821000000002	5341970.0	809381000.0	29.9264	15.808639999999999	gaussian	peak fit	51Phe	 51PheN	Max1	41.0	48.0	40.0	0.008339999999998682	-0.004009999999979641	0.60743826086561	0.9471152327180177	0.005991945176649864
52	L	Leu	measured	1.0	9.215639999999999	120.81768999999998	8750770.0	1172520000.0	27.02801	15.8892	gaussian	peak fit	52Leu	 52LeuN	Max1	42.0	50.0	41.0	0.004879999999998219	0.011919999999989273	0.6766233665816129	0.6271803841648347	0.004674745768485534
53	T	Thr	measured	1.0	9.15859	113.95186000000001	8270790.0	1048820000.0	21.61991	18.85098	gaussian	peak fit	53Thr	 53ThrN	Max1	43.0	102.0	42.0	-0.0003600000000005821	0.0011100000000112686	0.6611554326277419	0.6295022537527534	0.0003886476553408765
54	V	Val	measured	1.0	8.27619	122.10825	8595100.0	1639000000.0	61.764630000000004	47.40637	parabolic	peak fit	54Val	 54ValN	Max1	44.0	36.0	43.0	0.00198999999999927	-0.058080000000003906	0.7487738372143672	0.6839026262862293	0.015430816504645188
55	H	His	measured	0.9	8.91007	125.91918000000001	7149580.0	1316970000.0	33.34152	18.2743	gaussian	peak fit	55His	 55HisN	Joao9	45.0	10.0	44.0	0.0010199999999986886	0.0002600000000114733	0.6733262386634395	0.8210638536640108	0.0007245219113312447
56	F	Phe	measured	0.9	8.98012	126.3285	4914990.0	198619000.0	54.206630000000004	23.77883	parabolic	peak fit	56Phe	 56PheN	Joao9	46.0	9.0	45.0	-0.010160000000000835	-0.06449999999999534	0.7658634563184253	0.2719776194512493	0.018515677141275888
57	P	Pro	unassigned	0.0	NaN	NaN	NaN	NaN	NaN	NaN	NaN	NaN	57Pro	NaN	None	NaN	NaN	NaN	NaN	NaN	NaN	NaN	NaN
58	T	Thr	measured	1.0	8.4704	110.6757	7232260.0	1072480000.0	27.65902	16.85175	gaussian	peak fit	58Thr	 58ThrN	Max1	47.0	111.0	46.0	-0.0006699999999995043	-0.006680000000002906	0.6789898136412712	1.1396631422347379	0.001829759000525038
59	D	Asp	measured	0.5	8.40024	114.69259	8525150.0	838028000.0	26.62952	16.36287	parabolic	peak fit	59Asp	 59AspN	Max1	48.0	96.0	47.0	-0.004020000000000579	-0.006720000000015602	0.6976276984010081	0.5529129224232348	0.0033528030064435646
60	Y	Tyr	measured	1.0	7.5537	123.31517	10329400.0	1811180000.0	59.07995	16.26509	parabolic	peak fit	60Tyr	 60TyrN	Max1	49.0	25.0	48.0	-0.00790000000000024	-0.0374400000000179	0.5756047544482399	1.1375544068786625	0.011372236015845598
61	P	Pro	unassigned	0.0	NaN	NaN	NaN	NaN	NaN	NaN	NaN	NaN	61Pro	NaN	None	NaN	NaN	NaN	NaN	NaN	NaN	NaN	NaN
62	F	Phe	measured	0.9	8.97368	124.65092	7105230.0	1072530000.0	34.48218	24.59129	parabolic	peak fit	62Phe	 62PheN	Joao9	50.0	11.0	49.0	-0.016680000000000916	-0.004729999999995016	0.6697360731454426	0.6865993636730278	0.0118607463087283
63	K	Lys	measured	1.0	7.049980000000001	118.8883	14754500.0	4167610000.0	23.91142	16.50421	parabolic	peak fit	63Lys	 63LysN	Joao10	51.0	72.0	50.0	0.0004600000000012372	0.06262999999999863	0.6290878237215292	1.9793262631971391	0.016573532604728197
64	P	Pro	unassigned	0.0	NaN	NaN	NaN	NaN	NaN	NaN	NaN	NaN	64Pro	NaN	None	NaN	NaN	NaN	NaN	NaN	NaN	NaN	NaN
65	P	Pro	unassigned	0.0	NaN	NaN	NaN	NaN	NaN	NaN	NaN	NaN	65Pro	NaN	None	NaN	NaN	NaN	NaN	NaN	NaN	NaN	NaN
66	K	Lys	measured	1.0	8.32719	120.79745	7773660.0	752747000.0	30.66555	18.52245	gaussian	peak fit	66Lys	 66LysN	Max1	52.0	51.0	51.0	0.0006400000000006401	0.0040300000000002	0.6559275697385963	0.4506846362477024	0.001158301774150641
67	I	Ile	measured	1.0	8.72633	128.16322	7522530.0	1167770000.0	33.45046	17.91437	parabolic	peak fit	67Ile	 67IleN	Max1	53.0	5.0	52.0	0.0048200000000004906	0.0043399999999849115	0.6735367589782159	0.8361221494289908	0.0035964832823180476
68	A	Ala	measured	1.0	8.23338	127.69474	13420600.0	18923800000.0	26.57818	15.804570000000002	gaussian	peak fit	68Ala	 68AlaN	Max1	54.0	7.0	53.0	-0.0035399999999992104	-0.001360000000005357	0.6468351318915949	8.99582624238218	0.0025288875024401984
69	F	Phe	measured	1.0	9.76792	122.19521999999999	7264540.0	10262000000.0	28.152	20.33636	lorentzian	peak fit	69Phe	 69PheN	Max1	55.0	34.0	54.0	-0.0031199999999991235	-0.037800000000004275	0.6583359765104625	10.239473159050089	0.010241386624867743
70	T	Thr	measured	1.0	9.59895	116.94498	5181950.0	1252770000.0	29.29018	17.93719	parabolic	peak fit	70Thr	 70ThrN	Max1	56.0	86.0	55.0	0.003260000000000929	-0.011169999999992797	0.5525562638220372	1.1583312529472136	0.0037480158750986853
71	T	Thr	measured	1.0	7.56687	121.91081000000001	16254100.0	19951700000.0	21.344260000000002	16.82175	gaussian	peak fit	71Thr	 71ThrN	Max1	57.0	39.0	56.0	0.0033199999999995455	0.0036300000000011323	0.6777596624148844	9.34304552649078	0.0025364508668608322
72	K	Lys	measured	1.0	8.536719999999999	128.27489	15435200.0	1490130000.0	22.99259	15.58436	gaussian	peak fit	72Lys	 72LysN	Max1	58.0	4.0	57.0	-0.0024100000000011335	-0.004829999999998336	0.6277125288739955	0.8415295300269944	0.002130040609941887
73	I	Ile	measured	1.0	8.31719	119.87388999999999	14488100.0	1460320000.0	25.68874	15.47226	gaussian	peak fit	73Ile	 73IleN	Max1	59.0	58.0	58.0	0.0010000000000012221	0.0033499999999975216	0.6441674966209007	0.7578322444044276	0.0011338319981373166
74	Y	Tyr	measured	1.0	8.66906	131.92308	3289720.0	6776640000.0	35.24171	23.689629999999998	lorentzian	peak fit	74Tyr	 74TyrN	Max1	60.0	2.0	59.0	0.0030000000000001137	-0.03839999999999577	0.4911437307407496	10.966519348997231	0.010378786056181023
75	H	His	measured	1.0	8.5678	129.93146000000002	10469100.0	14817400000.0	26.96554	15.86855	gaussian	peak fit	75His	 75HisN	Max1	61.0	3.0	60.0	-0.0028100000000002012	-0.01145999999997116	0.6329564691656591	12.487274565986853	0.0036250878609978953
76	P	Pro	unassigned	0.0	NaN	NaN	NaN	NaN	NaN	NaN	NaN	NaN	76Pro	NaN	None	NaN	NaN	NaN	NaN	NaN	NaN	NaN	NaN
77	N	Asn	unassigned	0.0	NaN	NaN	NaN	NaN	NaN	NaN	NaN	NaN	77Asn	NaN	None	NaN	NaN	NaN	NaN	NaN	NaN	NaN	NaN
78	I	Ile	measured	1.0	7.10186	120.1241	12253100.0	21077800000.0	29.755470000000003	16.41196	gaussian	peak fit	78Ile	 78IleN	Max1	62.0	56.0	61.0	0.0018500000000001293	0.015979999999998995	0.6681589652427121	12.26059389814734	0.004425661306516574
79	N	Asn	measured	1.0	7.9446699999999995	121.3839	12532700.0	1804170000.0	28.841340000000002	17.731679999999997	gaussian	peak fit	79Asn	 79AsnN	Max1	63.0	43.0	62.0	-0.0050200000000000244	0.003299999999995862	0.6864487081879577	0.7992530965924193	0.003655475345286603
80	S	Ser	lost	0.0	NaN	NaN	NaN	NaN	NaN	NaN	NaN	NaN	80Ser	NaN	None	NaN	NaN	NaN	0.0	0.0	NaN	NaN	0.0
81	N	Asn	measured	1.0	7.58638	118.25763	7596990.0	1052760000.0	30.664440000000003	34.38199	parabolic	peak fit	81Asn	 81AsnN	Max1	64.0	122.0	63.0	-0.0029000000000003467	0.0014000000000038426	0.744343199788366	12.025962810398832	0.00208379461559957
82	G	Gly	measured	1.0	8.44272	110.09528999999999	11750200.0	1217580000.0	21.599870000000003	15.662529999999999	gaussian	peak fit	82Gly	 82GlyN	Max1	65.0	112.0	64.0	-0.0002200000000005531	-0.0003100000000131331	0.6531263374965954	0.8235684041070873	0.0001838749575144368
83	S	Ser	measured	1.0	7.74798	115.42143	14788800.0	1585800000.0	22.960179999999998	16.15134	parabolic	peak fit	83Ser	 83SerN	Max1	66.0	93.0	65.0	0.00011000000000027654	-0.0012099999999861666	0.6340593380209226	0.9691850729119557	0.0003294495408976723
84	I	Ile	measured	1.0	8.52999	120.22151000000001	10619000.0	6633580000.0	27.318409999999997	17.41422	gaussian	peak fit	84Ile	 84IleN	Max1	67.0	55.0	66.0	0.0024399999999999977	0.03749000000001956	0.6560445806355953	3.7318459011228877	0.010067860100344198
85	C	Cys	measured	1.0	8.63757	127.81839	7255800.0	1147200000.0	32.18934	17.220670000000002	gaussian	peak fit	85Cys	 85CysN	Max2	68.0	6.0	67.0	0.0058000000000006935	0.020289999999988595	0.5885530734413783	0.7555520429937564	0.006755581914237412
86	L	Leu	measured	1.0	7.30045	126.71858999999999	7897150.0	5634150000.0	24.67749	15.64536	gaussian	peak fit	86Leu	 86LeuN	Max2	69.0	8.0	68.0	-0.006370000000000431	0.011669999999995184	0.6579149067339815	5.454215432869631	0.005460922357989983
87	D	Asp	unassigned	0.0	NaN	NaN	NaN	NaN	NaN	NaN	NaN	NaN	87Asp	NaN	None	NaN	NaN	NaN	NaN	NaN	NaN	NaN	NaN
88	I	Ile	measured	1.0	8.34705	116.315	3526870.0	339746000.0	17.95662	18.32461	gaussian	peak fit	88Ile	 88IleN	Max1	70.0	87.0	69.0	-0.006199999999999761	-0.046800000000004616	0.849236333340557	0.7436496280066454	0.013135326413912551
89	L	Leu	measured	1.0	7.1573199999999995	113.86506999999999	9399000.0	1312850000.0	29.18755	15.619229999999998	gaussian	peak fit	89Leu	 89LeuN	Max1	71.0	103.0	70.0	0.0048799999999999955	0.0004099999999738202	0.6755795148247978	0.9971517545192161	0.0034523856968766507
90	R	Arg	measured	1.0	7.9001399999999995	121.2916	16469400.0	2563100000.0	32.77414	16.16249	gaussian	peak fit	90Arg	 90ArgN	Max1	72.0	45.0	71.0	-0.0003700000000010917	-0.017380000000002838	0.6488844061132102	1.0844785566800934	0.004605752707213807
91	S	Ser	lost	0.0	NaN	NaN	NaN	NaN	NaN	NaN	NaN	NaN	91Ser	NaN	None	NaN	NaN	NaN	0.0	0.0	NaN	NaN	0.0
92	Q	Gln	measured	1.0	7.824269999999999	117.48615	10190300.0	2305300000.0	22.10762	16.360970000000002	gaussian	peak fit	92Gln	 92GlnN	Max1	73.0	79.0	72.0	0.002209999999998935	-0.06367000000000189	0.6802921364816781	1.3067482923787659	0.01691782707678544
93	W	Trp	measured	1.0	7.4162	121.39506000000002	12344200.0	1145890000.0	21.16704	15.62089	gaussian	peak fit	93Trp	 93TrpN	Max1	74.0	44.0	73.0	-0.006180000000000518	0.042180000000016094	0.6535576062728654	0.7864614075304388	0.011984859949123237
94	S	Ser	measured	1.0	5.54695	120.85736000000001	11536100.0	1975850000.0	22.712770000000003	16.04177	gaussian	peak fit	94Ser	 94SerN	Max1	75.0	49.0	74.0	-0.004269999999999996	-0.018139999999988277	0.5724713915658466	1.0880051540998772	0.00567015184981586
95	P	Pro	unassigned	0.0	NaN	NaN	NaN	NaN	NaN	NaN	NaN	NaN	95Pro	NaN	None	NaN	NaN	NaN	NaN	NaN	NaN	NaN	NaN
96	A	Ala	unassigned	0.0	NaN	NaN	NaN	NaN	NaN	NaN	NaN	NaN	96Ala	NaN	None	NaN	NaN	NaN	NaN	NaN	NaN	NaN	NaN
97	L	Leu	measured	1.0	7.35423	119.81145	6390880.0	1058030000.0	35.66856	18.90043	gaussian	peak fit	97Leu	 97LeuN	Max1	76.0	60.0	75.0	0.014119999999999244	0.1050199999999819	0.5186897380125313	0.876941566514712	0.02952509488553294
98	T	Thr	measured	1.0	6.1266300000000005	102.12996	2149930.0	195070000.0	38.86087	40.51632	parabolic	peak fit	98Thr	 98ThrN	Max1	77.0	116.0	76.0	0.0024100000000011335	0.21958999999999662	0.45383503087234156	0.3831603510453578	0.0581230403282545
99	V	Val	measured	1.0	10.26988	123.76996000000001	1815810.0	527850000.0	32.95004	14.71284	parabolic	peak fit	99Val	 99ValN	Max1	78.0	23.0	77.0	0.014410000000001588	0.10705000000000098	0.4515637278795174	1.2924765304773238	0.030099887458261993
100	S	Ser	unassigned	0.0	NaN	NaN	NaN	NaN	NaN	NaN	NaN	NaN	100Ser	NaN	None	NaN	NaN	NaN	NaN	NaN	NaN	NaN	NaN
101	K	Lys	measured	1.0	7.64425	119.8508	4018700.0	845259000.0	36.74329	18.09575	gaussian	peak fit	101Lys	 101LysN	Joao10	79.0	57.0	78.0	-0.022749999999999382	-0.03794999999999504	0.5557614597191529	1.0638786064817554	0.018963001476558494
102	V	Val	lost	0.0	NaN	NaN	NaN	NaN	NaN	NaN	NaN	NaN	102Val	NaN	None	NaN	NaN	NaN	0.0	0.0	NaN	NaN	0.0
103	L	Leu	measured	1.0	8.97226	119.68028999999999	2638600.0	441941000.0	53.480630000000005	18.01164	parabolic	peak fit	103Leu	 103LeuN	Joao10	80.0	61.0	79.0	0.030710000000000903	-0.004300000000000637	0.46577393035809483	0.8617522034162702	0.021745030466753273
104	L	Leu	measured	1.0	8.14677	120.67471	6861220.0	3413140000.0	23.60578	22.3693	gaussian	peak fit	104Leu	 104LeuN	Joao10	81.0	52.0	80.0	-0.010299999999999088	0.07137000000001592	0.5928080801099006	2.7828745678690234	0.020238635897711826
105	S	Ser	measured	1.0	8.0593	117.47761000000001	11003700.0	1278420000.0	23.52119	16.139960000000002	gaussian	peak fit	105Ser	 105SerN	Max2	82.0	82.0	81.0	-0.00923999999999836	0.0055499999999995	0.5449858351328328	0.7596349245962423	0.006696639082404282
106	I	Ile	measured	1.0	8.50659	124.43533000000001	9983880.0	84469400.0	21.89848	20.904320000000002	gaussian	box sum	106Ile	 106IleN	Max2	83.0	18.0	82.0	-0.001760000000000872	-0.0032300000000020646	0.6198780593808595	0.6219491363187889	0.0015096698314540397
107	C	Cys	measured	1.0	8.30209	119.24058000000001	9774840.0	928496000.0	20.415210000000002	15.712879999999998	gaussian	peak fit	107Cys	 107CysN	Max2	84.0	67.0	83.0	0.0025500000000011624	0.024780000000006908	0.6421394927179204	0.766212246245255	0.006799605723865681
108	S	Ser	measured	1.0	8.15448	114.57473999999999	16915400.0	1587500000.0	19.485039999999998	15.656189999999999	gaussian	peak fit	108Ser	 108SerN	Max2	85.0	99.0	84.0	-0.00172000000000061	0.01957000000000164	0.6679935393935086	0.8427741736831488	0.005318659887603789
109	L	Leu	measured	1.0	7.85475	124.24793000000001	14126400.0	1080460000.0	20.51236	15.51826	gaussian	peak fit	109Leu	 109LeuN	Max2	86.0	19.0	85.0	-0.0014500000000001734	0.011269999999996116	0.6299397993311037	0.6734103685975343	0.0031531179806651897
110	L	Leu	measured	0.8	8.01323	119.52713	12595100.0	2607530000.0	30.70931	18.17991	gaussian	peak fit	110Leu	 110LeuN	Joao8	87.0	64.0	86.0	-0.004509999999999792	0.022619999999989204	0.6708084789092459	0.8534951163947734	0.006781338953331036
111	C	Cys	measured	1.0	7.24521	114.21784	12299500.0	1362070000.0	21.991329999999998	16.145220000000002	gaussian	peak fit	111Cys	 111CysN	Joao10	88.0	101.0	87.0	0.0019499999999998963	0.0019399999999905049	0.6255276514804756	0.9688035677451936	0.0014712926289481706
112	D	Asp	measured	1.0	8.16203	118.91181	17018800.0	2061810000.0	25.93189	16.1332	parabolic	peak fit	112Asp	 112AspN	Joao10	89.0	70.0	88.0	-0.003489999999999327	0.0007999999999981355	0.6974289203432478	0.8374634946810887	0.002476862935246406
113	P	Pro	unassigned	0.0	NaN	NaN	NaN	NaN	NaN	NaN	NaN	NaN	113Pro	NaN	None	NaN	NaN	NaN	NaN	NaN	NaN	NaN	NaN
114	N	Asn	measured	1.0	8.61556	115.48992	11242900.0	1081300000.0	22.573339999999998	15.44155	gaussian	peak fit	114Asn	 114AsnN	Joao10	90.0	92.0	89.0	0.0006099999999999994	0.0036000000000058208	0.6975066227425288	0.612686630591835	0.001045585960121373
115	P	Pro	unassigned	0.0	NaN	NaN	NaN	NaN	NaN	NaN	NaN	NaN	115Pro	NaN	None	NaN	NaN	NaN	NaN	NaN	NaN	NaN	NaN
116	D	Asp	measured	0.9	7.6802600000000005	118.04087	15549400.0	1752030000.0	22.865679999999998	16.144029999999997	gaussian	peak fit	116Asp	 116AspN	Joao9	91.0	77.0	90.0	0.0004999999999997229	-0.003849999999999909	0.6458330737441074	0.7434629844944793	0.00107822771249853
117	D	Asp	measured	1.0	6.71276	118.37915	15899200.0	1954900000.0	26.13542	14.355839999999999	parabolic	peak fit	117Asp	 117AspN	Joao10	92.0	75.0	91.0	0.0021300000000001873	-0.0005699999999961847	0.7012331739675035	0.9005809159215188	0.0015136687220128763
118	P	Pro	unassigned	0.0	NaN	NaN	NaN	NaN	NaN	NaN	NaN	NaN	118Pro	NaN	None	NaN	NaN	NaN	NaN	NaN	NaN	NaN	NaN
119	L	Leu	measured	1.0	8.60096	118.88123	6990070.0	2371540000.0	29.261120000000002	19.35896	parabolic	peak fit	119Leu	 119LeuN	Joao10	93.0	71.0	92.0	-0.0027399999999992986	0.0027499999999918145	0.6771420821668329	1.1309904762813145	0.0020695832913886136
120	V	Val	measured	1.0	7.56613	118.56517	9248810.0	1815560000.0	31.356270000000002	17.83041	parabolic	peak fit	120Val	 120ValN	Joao9	94.0	74.0	93.0	0.0007100000000006546	-0.010599999999996612	0.6181120096237386	0.8723662904396042	0.002849078798488283
121	P	Pro	unassigned	0.0	NaN	NaN	NaN	NaN	NaN	NaN	NaN	NaN	121Pro	NaN	None	NaN	NaN	NaN	NaN	NaN	NaN	NaN	NaN
122	D	Asp	unassigned	0.0	NaN	NaN	NaN	NaN	NaN	NaN	NaN	NaN	122Asp	NaN	None	NaN	NaN	NaN	NaN	NaN	NaN	NaN	NaN
123	I	Ile	measured	1.0	6.905060000000001	118.9152	10540100.0	1482710000.0	21.25352	15.90629	gaussian	peak fit	123Ile	 123IleN	Max1	95.0	69.0	94.0	-0.0008599999999994168	-0.006010000000017612	0.6217761155289177	1.063720953590312	0.0017024121122731469
124	A	Ala	measured	1.0	7.755319999999999	121.97161000000001	14312400.0	1332940000.0	18.6556	16.02282	gaussian	peak fit	124Ala	 124AlaN	Max1	96.0	38.0	95.0	0.0008099999999986451	-0.0009099999999762076	0.6369729498785014	0.7901666360386742	0.0006213026637604827
125	Q	Gln	measured	1.0	8.00173	115.52855	21678200.0	1892740000.0	18.8931	15.04473	gaussian	peak fit	125Gln	 125GlnN	Max1	97.0	91.0	96.0	0.0006300000000010186	0.0011399999999923693	0.6544955014793793	0.8548459214228613	0.0005379795535142798
126	I	Ile	measured	1.0	7.5565	122.18618000000001	16330000.0	3178700000.0	19.27938	16.57574	gaussian	peak fit	126Ile	 126IleN	Max1	98.0	35.0	97.0	0.0003699999999993153	0.0020300000000048612	0.6691663081115414	1.5876987932550148	0.0005974219614318913
127	Y	Tyr	measured	1.0	8.505339999999999	119.18529	12317600.0	4239810000.0	20.31833	16.168229999999998	gaussian	peak fit	127Tyr	 127TyrN	Max1	99.0	68.0	98.0	0.0013199999999979894	0.005970000000004916	0.6390122432039842	2.864059175195055	0.0018346833514264675
128	K	Lys	measured	1.0	7.65995	112.05288999999999	14680600.0	1764510000.0	54.12023000000001	17.0189	parabolic	peak fit	128Lys	 128LysN	Max1	100.0	109.0	99.0	-0.0004399999999993298	-0.004390000000014993	0.6511370037390058	0.9573183302770213	0.0012024337819642793
129	S	Ser	measured	1.0	7.88448	112.69743999999999	16551500.0	1915900000.0	24.70115	14.98441	gaussian	peak fit	129Ser	 129SerN	Max1	101.0	106.0	100.0	0.00046999999999908226	0.004959999999982756	0.6801911759871124	0.8721718942049438	0.0013537215370923203
130	D	Asp	measured	1.0	9.04152	124.78164	19011200.0	10882900000.0	20.4308	14.71101	gaussian	peak fit	130Asp	 130AspN	Max1	102.0	15.0	101.0	-0.00024999999999941735	-0.004970000000014352	0.7079704019275243	4.891432834881725	0.0013267678772150915
131	K	Lys	measured	1.0	8.66271	125.23318	15525800.0	1393090000.0	20.42899	15.43636	gaussian	peak fit	131Lys	 131LysN	Max1	103.0	14.0	102.0	-0.00017999999999851468	-0.0014599999999802549	0.655155098131058	0.8543524390094323	0.00040670874098757304
132	E	Glu	measured	1.0	8.243139999999999	117.69015	21460100.0	2960790000.0	20.50633	16.12826	parabolic	peak fit	132Glu	 132GluN	Max1	104.0	78.0	103.0	0.0	0.0	0.6713036242719236	1.3042208478697537	0.0
133	K	Lys	measured	1.0	7.606389999999999	123.23494	19728300.0	1835500000.0	20.64914	15.140360000000001	gaussian	peak fit	133Lys	 133LysN	Max1	105.0	26.0	104.0	0.0006599999999989947	0.002529999999978827	0.6484431749829904	0.8601621444303856	0.0008160042891994117
134	Y	Tyr	measured	1.0	8.23621	118.77258	11923100.0	1283080000.0	21.87115	16.038510000000002	gaussian	peak fit	134Tyr	 134TyrN	Max1	106.0	73.0	105.0	-0.0009099999999993003	0.002260000000006812	0.6074783973261596	0.8325741353578613	0.0008783974043686142
135	N	Asn	measured	1.0	8.65358	117.48558999999999	14439500.0	2085400000.0	21.079729999999998	16.70731	parabolic	peak fit	135Asn	 135AsnN	Max1	107.0	80.0	106.0	0.0	0.0	0.6292461422476718	1.3189718420320287	0.0
136	R	Arg	measured	1.0	7.8871199999999995	120.60489	19210300.0	1823150000.0	20.81979	16.2805	parabolic	peak fit	136Arg	 136ArgN	Max1	108.0	53.0	107.0	-0.0005699999999997374	0.00562999999998226	0.6487051426217274	0.9214110630985773	0.0015431244279013499
137	H	His	measured	1.0	7.974589999999999	119.55386000000001	20938900.0	4968240000.0	24.10408	17.530260000000002	gaussian	peak fit	137His	 137HisN	Max1	109.0	63.0	108.0	-0.0006400000000015282	0.0048300000000125465	0.7072781870568723	2.0882854861081923	0.001355663306285695
138	A	Ala	measured	1.0	8.5345	121.45378000000001	17529900.0	2042580000.0	21.351960000000002	17.19456	gaussian	peak fit	138Ala	 138AlaN	Max1	110.0	42.0	109.0	-0.0027300000000014535	0.006190000000017903	0.6941957302560975	0.9566581737794597	0.002531516739036004
139	R	Arg	measured	1.0	8.50508	121.54529	18768400.0	7118230000.0	22.47082	16.793429999999997	gaussian	peak fit	139Arg	 139ArgN	Max1	111.0	41.0	110.0	0.0003100000000006986	-0.008030000000005089	0.677058494615898	3.452083161575356	0.0021358167056201097
140	E	Glu	measured	1.0	8.450510000000001	122.36352	20366700.0	170244000.0	18.79297	16.356070000000003	gaussian	box sum	140Glu	 140GluN	Max1	112.0	123.0	111.0	0.0004600000000021254	-0.006730000000004566	0.6627563024116263	0.6714997948944496	0.0018100560764808587
141	W	Trp	measured	1.0	9.28862	119.6971	9783390.0	1002880000.0	21.10853	15.778929999999999	gaussian	peak fit	141Trp	 141TrpN	Max1	113.0	59.0	112.0	0.000280000000000058	-0.0008499999999997954	0.6049323860579866	0.7661537991413161	0.00029962476533155916
142	T	Thr	measured	1.0	8.509260000000001	124.68095	10826800.0	92788700.0	24.05521	17.99517	gaussian	box sum	142Thr	 142ThrN	Max1	114.0	16.0	113.0	0.0015700000000009595	-0.005039999999993938	0.660198910929125	0.6708602951277176	0.001735097115436836
143	Q	Gln	measured	1.0	8.09722	119.54976	16663000.0	1631990000.0	19.995910000000002	15.80296	gaussian	peak fit	143Gln	 143GlnN	Max1	115.0	62.0	114.0	0.0018700000000002603	0.0038900000000126056	0.6340707930926885	0.8182164576826083	0.001675618393312556
144	K	Lys	measured	1.0	7.907439999999999	116.01768999999999	20196600.0	3855870000.0	18.82976	15.312779999999998	gaussian	peak fit	144Lys	 144LysN	Max1	116.0	89.0	115.0	0.00023999999999979593	0.0022699999999957754	0.6604793532753191	1.8116369650299053	0.0006241017545229371
145	Y	Tyr	measured	1.0	7.9842	112.46788000000001	12737200.0	1466830000.0	23.928739999999998	15.50109	gaussian	peak fit	145Tyr	 145TyrN	Max1	117.0	107.0	116.0	0.0	0.0031000000000034333	0.6952620087336244	0.804796418323174	0.0008201829064309315
146	A	Ala	measured	1.0	8.217130000000001	123.1328	12706300.0	2658020000.0	28.92541	16.32463	parabolic	peak fit	146Ala	 146AlaN	Max1	118.0	27.0	117.0	-0.0010799999999999699	0.0032700000000005502	0.641544396085995	1.3672520395461045	0.0011539943674040267
147	M	Met	measured	1.0	7.245430000000001	122.60417	28503900.0	3053310000.0	21.868389999999998	14.403210000000001	parabolic	peak fit	147Met	 147MetN	Max1	119.0	29.0	118.0	-0.0012899999999991252	-0.000819999999990273	0.7155168085790024	0.7406057166142741	0.0009376129265308552
