Res#	1-letter	3-letter	Peak Status	Merit	Position F1	Position F2	Height	Volume	Line Width F1 (Hz)	Line Width F2 (Hz)	Fit Method	Vol. Method	Assign F1	Assign F2	Details	Number	#	index	H1_delta	N15_delta	CSP	Height_ratio	Vol_ratio	Theo PRE	tag	H_DPRE	H_DPRE_smooth	V_DPRE	V_DPRE_smooth
1	M	Met	unassigned	0.0	NaN	NaN	NaN	NaN	NaN	NaN	NaN	NaN	1Met	NaN	None	NaN	NaN	NaN	NaN	NaN	NaN	NaN	NaN	0.8769348		NaN	NaN	NaN	NaN
2	A	Ala	unassigned	0.0	NaN	NaN	NaN	NaN	NaN	NaN	NaN	NaN	2Ala	NaN	None	NaN	NaN	NaN	NaN	NaN	NaN	NaN	NaN	0.8847603		NaN	NaN	NaN	NaN
3	S	Ser	unassigned	0.0	NaN	NaN	NaN	NaN	NaN	NaN	NaN	NaN	3Ser	NaN	None	NaN	NaN	NaN	NaN	NaN	NaN	NaN	NaN	0.8894333000000001		NaN	NaN	NaN	NaN
4	N	Asn	unassigned	0.0	NaN	NaN	NaN	NaN	NaN	NaN	NaN	NaN	4Asn	NaN	None	NaN	NaN	NaN	NaN	NaN	NaN	NaN	NaN	0.8837731		NaN	NaN	NaN	NaN
5	K	Lys	unassigned	0.0	NaN	NaN	NaN	NaN	NaN	NaN	NaN	NaN	5Lys	NaN	None	NaN	NaN	NaN	NaN	NaN	NaN	NaN	NaN	0.8831169		NaN	NaN	NaN	NaN
6	S	Ser	unassigned	0.0	NaN	NaN	NaN	NaN	NaN	NaN	NaN	NaN	6Ser	NaN	None	NaN	NaN	NaN	NaN	NaN	NaN	NaN	NaN	0.87487		NaN	NaN	NaN	NaN
7	K	Lys	unassigned	0.0	NaN	NaN	NaN	NaN	NaN	NaN	NaN	NaN	7Lys	NaN	None	NaN	NaN	NaN	NaN	NaN	NaN	NaN	NaN	0.8700786		NaN	NaN	NaN	NaN
8	P	Pro	unassigned	0.0	NaN	NaN	NaN	NaN	NaN	NaN	NaN	NaN	8Pro	NaN	None	NaN	NaN	NaN	NaN	NaN	NaN	NaN	NaN	0.8580061		NaN	0.02211862834476353	NaN	0.5860625914457805
9	K	Lys	unassigned	0.0	NaN	NaN	NaN	NaN	NaN	NaN	NaN	NaN	9Lys	NaN	None	NaN	NaN	NaN	NaN	NaN	NaN	NaN	NaN	0.8526751		NaN	0.02111784397677302	NaN	0.55954547333878
10	D	Asp	unassigned	0.0	NaN	NaN	NaN	NaN	NaN	NaN	NaN	NaN	10Asp	NaN	None	NaN	NaN	NaN	NaN	NaN	NaN	NaN	NaN	0.8391253000000001		NaN	0.019676936501171468	NaN	0.5191764177852576
11	A	Ala	measured	1.0	8.28456	125.2902	9655530.0	60544500000.0	70.42999	57.77471	gaussian	peak fit	11Ala	 11AlaN	None	1.0	62.0	0.0	0.005710000000000548	0.04975000000000307	0.013767949193689833	0.8079806195712206	0.2203364849225932	0.8310288		0.02304818042877943	0.016126821207012615	0.6106923150774068	0.40073677779468125
12	S	Ser	measured	1.0	8.18874	113.99238000000001	14188400.0	29827600000.0	50.045429999999996	27.25941	gaussian	peak fit	12Ser	 12SerN	None	2.0	102.0	1.0	0.0008699999999990382	-0.007049999999992451	0.001964083755849458	1.2653188624223022	1.8741698135732732	0.8191728		0	0.012594947962016668	0	0.19075791169034306
13	Q	Gln	unassigned	0.0	NaN	NaN	NaN	NaN	NaN	NaN	NaN	NaN	13Gln	NaN	None	NaN	NaN	NaN	NaN	NaN	NaN	NaN	NaN	0.8013998999999999		NaN	0.02097294683294221	NaN	0.05742242604704538
14	R	Arg	measured	1.0	8.0162	121.94582	52520700.0	62062600000.0	39.72939	19.3012	gaussian	peak fit	14Arg	 14ArgN	None	3.0	78.0	2.0	0.0011100000000006105	0.0023399999999895726	0.0009996709458603174	1.2056291018274725	1.8380259374102275	0.7855018		0	0.059310116791672376	0	0.016189356256453867
15	R	Arg	measured	1.0	8.24057	123.07375	6611330.0	1369680000000.0	266.03968	505.3368	gaussian	peak fit	15Arg	 15ArgN	None	4.0	126.0	3.0	-0.0028600000000000847	-0.004489999999989891	0.0023454225632055918	0.5605529789813724	39.9022312597776	0.7640826999999999		0.20352972101862754	0.10450930731962622	0	0.0030082693359286526
16	R	Arg	unassigned	0.0	NaN	NaN	NaN	NaN	NaN	NaN	NaN	NaN	16Arg	NaN	None	NaN	NaN	NaN	NaN	NaN	NaN	NaN	NaN	0.735692		NaN	0.08608082976345316	NaN	0.00024693378430002034
17	S	Ser	measured	1.0	8.195889999999999	117.15071999999999	28601000.0	214397000000.0	50.717240000000004	95.91353000000001	gaussian	peak fit	17Ser	 17SerN	None	5.0	116.0	4.0	8.999999999836916e-05	0.005080000000006635	0.0013455474722225789	1.2458835008973532	1.3342938225812475	0.6986806999999999		0	0.03402076670860668	0	0.0
18	L	Leu	unassigned	0.0	NaN	NaN	NaN	NaN	NaN	NaN	NaN	NaN	18Leu	NaN	None	NaN	NaN	NaN	NaN	NaN	NaN	NaN	NaN	0.6667724		NaN	0.007281524854937603	NaN	0.0
19	E	Glu	unassigned	0.0	NaN	NaN	NaN	NaN	NaN	NaN	NaN	NaN	19Glu	NaN	None	NaN	NaN	NaN	NaN	NaN	NaN	NaN	NaN	0.5680469		NaN	0.001276223998775891	NaN	0.0
20	P	Pro	unassigned	0.0	NaN	NaN	NaN	NaN	NaN	NaN	NaN	NaN	20Pro	NaN	None	NaN	NaN	NaN	NaN	NaN	NaN	NaN	NaN	0.4796443		NaN	0.0001942067215651329	NaN	0.0
21	A	Ala	measured	1.0	8.25612	123.9859	5699200.0	1346720000000.0	291.14927	526.67704	gaussian	peak fit	21Ala	 21AlaN	None	6.0	131.0	5.0	-0.0005100000000002325	-0.0031000000000034333	0.0008959631688867623	0.4765536156264633	67.71146004595482	0.3967248		0	1.594145847242583e-05	0	0.0
22	E	Glu	measured	1.0	8.16047	119.23628000000001	9937010.0	1650290000000.0	279.71763	385.28368	gaussian	peak fit	22Glu	 22GluN	None	7.0	120.0	6.0	-0.0010300000000000864	-2.9999999995311555e-05	0.000728363233558689	0.6215098351940457	60.63854022751992	0.3041623		0	0.0	0	0.0
23	N	Asn	measured	1.0	8.19422	119.7968	11363200.0	1280600000000.0	202.5319	361.09193	gaussian	peak fit	23Asn	 23AsnN	None	8.0	121.0	7.0	-0.0021900000000005804	0.006889999999998508	0.002391881476996683	0.6564339562693163	41.71199635191036	0.21625279999999997		0	0.0	0	0.0
24	V	Val	measured	1.0	7.83838	120.05251000000001	2148980.0	725333000000.0	479.5362	456.75262000000004	gaussian	peak fit	24Val	 24ValN	None	9.0	119.0	8.0	0.0002900000000005676	-0.0006599999999821193	0.0002693362211038694	0.1809012315540478	93.61925941796845	0.1336153		0	0.0	0	0.0
25	H	His	measured	1.0	8.192919999999999	122.13861000000001	19424000.0	520180000000.0	95.02004000000001	182.89298	gaussian	peak fit	25His	 25HisN	None	10.0	123.0	9.0	-0.0014500000000001734	0.006700000000009254	0.0020478159096971905	0.5818303813469206	8.105762293510933	0.12118119999999999		0	0.0	0	0.0
26	G	Gly	measured	1.0	8.145669999999999	108.74573000000001	4492270.0	137390000000.0	194.55733	102.00856999999999	gaussian	peak fit	26Gly	 26GlyN	None	11.0	112.0	10.0	0.00032999999999994145	0.0018500000000045702	0.0006298412498413165	0.27179755566311714	7.895024163750352	0.08150171		0	0.0	0	0.0
27	C	Cys	unassigned	0.0	NaN	NaN	NaN	NaN	NaN	NaN	NaN	NaN	27Cys	NaN	None	NaN	NaN	NaN	NaN	NaN	NaN	NaN	NaN	0.01698324	*	NaN	0.0	NaN	0.0
28	G	Gly	unassigned	0.0	NaN	NaN	NaN	NaN	NaN	NaN	NaN	NaN	28Gly	NaN	None	NaN	NaN	NaN	NaN	NaN	NaN	NaN	NaN	0.02453162		NaN	0.0	NaN	0.0
29	G	Gly	unassigned	0.0	NaN	NaN	NaN	NaN	NaN	NaN	NaN	NaN	29Gly	NaN	None	NaN	NaN	NaN	NaN	NaN	NaN	NaN	NaN	0.06691475		NaN	0.0	NaN	0.0
30	G	Gly	measured	1.0	8.08569	108.61646999999999	11732700.0	132741000000.0	111.31338999999998	65.95584000000001	gaussian	peak fit	30Gly	 30GlyN	None	12.0	113.0	11.0	-0.0005299999999994753	0.0012300000000067257	0.0005401296140755259	0.450116819292639	2.9021657855727985	0.11945850000000001		0	0.0	0	0.0
31	A	Ala	measured	1.0	7.88173	123.13881	2946360.0	159574000000.0	402.73356	87.26809	gaussian	peak fit	31Ala	 31AlaN	None	13.0	128.0	12.0	-0.0008699999999999264	0.00011000000000649379	0.0006158709280360909	0.22267601801747333	15.1040227165168	0.1645685		0	0.0	0	0.0
32	F	Phe	measured	1.0	7.98862	120.02271	10168300.0	148188000000.0	64.33676	146.99487	gaussian	peak fit	32Phe	 32PheN	None	14.0	118.0	13.0	-0.0011499999999999844	-0.0006599999999963302	0.0008317102860970538	0.6130504509718806	5.477934924847885	0.210272		0	0.0	0	0.0
33	P	Pro	unassigned	0.0	NaN	NaN	NaN	NaN	NaN	NaN	NaN	NaN	33Pro	NaN	None	NaN	NaN	NaN	NaN	NaN	NaN	NaN	NaN	0.2599051		NaN	7.907429586935192e-06	NaN	0.0
34	A	Ala	measured	1.0	8.34274	124.81333000000001	6067520.0	345123000000.0	225.03322000000003	164.02616	gaussian	peak fit	34Ala	 34AlaN	None	15.0	65.0	14.0	-0.004799999999999471	-0.0048799999999999955	0.0036313920195976445	0.3610759343013568	25.44648189519786	0.34771540000000006		0	9.633221318752593e-05	0	0.0
35	S	Ser	measured	1.0	8.147689999999999	115.07274	26856400.0	54371800000.0	46.960809999999995	27.9761	gaussian	peak fit	35Ser	 35SerN	None	16.0	99.0	15.0	0.0008999999999996788	0.012409999999988486	0.003344483069172231	0.7291515079115127	1.5942051082070845	0.4489501		0	0.0008993446214771222	0	0.0
36	Q	Gln	unassigned	0.0	NaN	NaN	NaN	NaN	NaN	NaN	NaN	NaN	36Gln	NaN	None	NaN	NaN	NaN	NaN	NaN	NaN	NaN	NaN	0.5237695		NaN	0.007376205615178076	NaN	0.0
37	T	Thr	measured	1.0	8.09075	118.46847	12377200.0	134960000000.0	68.53681999999999	103.24176	gaussian	peak fit	37Thr	 37ThrN	None	17.0	117.0	16.0	-0.0014300000000009305	-0.007649999999998158	0.002262526242941584	0.703341914000125	1.219856104703713	0.5919984		0	0.03811204530322715	0	0.0
38	P	Pro	unassigned	0.0	NaN	NaN	NaN	NaN	NaN	NaN	NaN	NaN	38Pro	NaN	None	NaN	NaN	NaN	NaN	NaN	NaN	NaN	NaN	0.6340307		NaN	0.10023566756300296	NaN	0.0
39	S	Ser	measured	1.0	8.28041	116.96862	5870020.0	321708000000.0	124.41891000000001	285.84661	gaussian	peak fit	39Ser	 39SerN	None	18.0	97.0	17.0	-0.0029799999999990945	-0.01740999999999815	0.0050653496424228	0.45403018091532793	7.811518121202997	0.6723228		0.21829261908467207	0.14329878467639304	0	0.0
40	K	Lys	measured	1.0	8.16916	124.18955	12414300.0	506089000000.0	98.34281	269.0036	gaussian	peak fit	40Lys	 40LysN	None	19.0	69.0	18.0	-5.000000000165983e-05	0.0006699999999852935	0.00018075674260924134	0.6404471775400077	0.845712939304866	0.7217585		0.08131132245999229	0.14969261056879918	0	0.0
41	P	Pro	unassigned	0.0	NaN	NaN	NaN	NaN	NaN	NaN	NaN	NaN	41Pro	NaN	None	NaN	NaN	NaN	NaN	NaN	NaN	NaN	NaN	0.748808		NaN	0.18464735035054514	NaN	0.0
42	A	Ala	measured	1.0	8.25094	124.43157	9230110.0	904807000000.0	131.88013	482.35463	gaussian	peak fit	42Ala	 42AlaN	None	20.0	130.0	19.0	-0.0001499999999996504	0.0016399999999947568	0.00044667885555367824	0.5533241013835936	21.710400660328915	0.7741650999999999		0.22084099861640638	0.25949837201220843	0	0.0
43	S	Ser	measured	1.0	8.10414	114.61746000000001	4429510.0	194094000000.0	109.02816999999999	260.80384	gaussian	peak fit	43Ser	 43SerN	None	21.0	115.0	20.0	-0.0012900000000009015	-0.004079999999987649	0.0014132579382384902	0.34959511933324916	10.510486443165265	0.8031362		0.4535410806667508	0.2961609725989358	0	0.0
44	A	Ala	measured	1.0	8.11707	125.97666000000001	9445220.0	170631000000.0	393.80803	29.76853	gaussian	peak fit	44Ala	 44AlaN	None	22.0	61.0	21.0	0.0020100000000002893	0.0049999999999954525	0.0019416616595064648	0.6087406548079402	11.462823131079702	0.820991		0.21225034519205987	0.20721869268164333	0	0.0
45	D	Asp	measured	1.0	8.1548	121.86787	31876400.0	580279000000.0	70.61820999999999	167.28132	gaussian	peak fit	45Asp	 45AspN	None	23.0	80.0	22.0	0.002060000000000173	0.02265999999998769	0.006169691402328102	1.0737096681835483	1.7798877369486534	0.8331076		0	0.07737637917413695	0	0.0
46	G	Gly	measured	1.0	8.0393	108.85972	26646800.0	62565800000.0	46.94127	32.458890000000004	gaussian	peak fit	46Gly	 46GlyN	None	24.0	107.0	23.0	-0.0002699999999986602	-0.0067200000000013915	0.002133609617526484	0.9030517665000424	2.101321600698584	0.8488201		0	0.02113981204106336	0	0.0
47	H	His	measured	1.0	8.048119999999999	119.25605	24875900.0	64294200000.0	56.5145	29.677670000000003	gaussian	peak fit	47His	 47HisN	None	25.0	89.0	24.0	0.0009599999999991837	0.006530000000012137	0.0018562497138074694	1.0404060259809784	2.1227264473314955	0.8576843000000001		0	0.04520255173343091	0	0.0
48	R	Arg	unassigned	0.0	NaN	NaN	NaN	NaN	NaN	NaN	NaN	NaN	48Arg	NaN	None	NaN	NaN	NaN	NaN	NaN	NaN	NaN	NaN	0.8657841000000001		NaN	0.12207937867031045	NaN	0.0
49	G	Gly	measured	1.0	8.04765	109.97912	10438800.0	24411000000.0	49.30268	30.7795	gaussian	peak fit	49Gly	 49GlyN	None	26.0	105.0	25.0	0.001120000000000232	0.01163000000001091	0.003762032695236132	0.6089782107750197	1.7169202202856961	0.8781581		0.2691798892249804	0.18033008967458605	0	0.0
50	P	Pro	unassigned	0.0	NaN	NaN	NaN	NaN	NaN	NaN	NaN	NaN	50Pro	NaN	None	NaN	NaN	NaN	NaN	NaN	NaN	NaN	NaN	0.8732565000000001		NaN	0.158692403800501	NaN	0.0
51	S	Ser	measured	1.0	8.29895	116.36063999999999	16061400.0	38663500000.0	56.354009999999995	27.71987	gaussian	peak fit	51Ser	 51SerN	None	27.0	98.0	26.0	0.0049399999999995	0.027389999999982706	0.008044665748179424	0.7927523284452846	1.892060524796179	0.8845360999999999		0.09178377155471529	0.09846227966710752	0	0.0
52	A	Ala	measured	1.0	8.29163	126.27588	29993900.0	99509300000.0	62.81706	34.27277	gaussian	peak fit	52Ala	 52AlaN	None	28.0	60.0	27.0	-0.0026300000000016865	0.004840000000015721	0.002257928696840334	1.0105182654632316	2.2571120738539707	0.8859135		0	0.06857022586674894	0	0.0
53	A	Ala	measured	1.0	7.93927	122.65013	14217400.0	163136000000.0	175.99103	42.30938	gaussian	peak fit	53Ala	 53AlaN	None	29.0	127.0	28.0	-0.0008900000000009456	-0.004580000000004247	0.0013654296027271289	0.7467749390705102	6.001927845595755	0.891603		0.14482806092948985	0.08166310884559175	0	0.0
54	F	Phe	measured	1.0	8.004610000000001	118.86201000000001	38183800.0	66987700000.0	46.778620000000004	24.33691	gaussian	peak fit	54Phe	 54PheN	None	30.0	92.0	29.0	0.00035000000000096065	-0.002659999999977458	0.0007460174260645268	1.0174098863854368	1.939553010188866	0.8974873		0	0.12493461805481568	0	0.0
55	A	Ala	measured	1.0	7.89105	127.37648	7321700.0	19985000000.0	54.12854	32.72372	gaussian	peak fit	55Ala	 55AlaN	None	31.0	57.0	30.0	0.0003500000000000725	0.03222999999999843	0.00853084714433408	0.5843289359222991	1.6248363781230437	0.9042691999999999		0.3199402640777008	0.1959137473421669	0	0.0
56	P	Pro	unassigned	0.0	NaN	NaN	NaN	NaN	NaN	NaN	NaN	NaN	56Pro	NaN	None	NaN	NaN	NaN	NaN	NaN	NaN	NaN	NaN	0.9016450999999999		NaN	0.20769370901595008	NaN	0.0
57	A	Ala	measured	1.0	8.203610000000001	124.32336000000001	13461000.0	5246840000000.0	69.72782	3627.51987	gaussian	peak fit	57Ala	 57AlaN	None	32.0	66.0	31.0	-2.999999999886427e-05	0.006450000000000955	0.0017066414386158646	0.7244341115308858	119.56048162900711	0.9094859000000001		0.1850517884691143	0.15127397256518257	0	0.0
58	A	Ala	measured	1.0	8.11322	123.66376000000001	26849400.0	113242000000.0	81.3847	33.629909999999995	gaussian	peak fit	58Ala	 58AlaN	None	33.0	70.0	32.0	-0.002829999999999444	-0.000579999999985148	0.0020069872944284478	0.8745020763781451	2.02939015429831	0.9098591999999999		0.035357123621854725	0.08473256553282173	0	1.686581167049717e-05
59	A	Ala	measured	1.0	8.06045	123.43625	21354500.0	218406000000.0	169.14363	39.2389	gaussian	peak fit	59Ala	 59AlaN	None	34.0	74.0	33.0	0.0006399999999988637	-0.003239999999991028	0.0009693461713934827	0.9043305552732324	2.2692074719707587	0.9123594		0.008028844726767681	0.07643691523311202	0	0.00020546764881819394
60	E	Glu	measured	1.0	7.84748	119.12321000000001	14228300.0	37476000000.0	49.69934	34.39119	gaussian	peak fit	60Glu	 60GluN	None	35.0	90.0	34.0	0.0012499999999997513	0.0011700000000303135	0.0009365217562900792	0.7188769426648612	1.6526068377952894	0.9195819		0.2007049573351387	0.10891866315281105	0	0.0009208421160165595
61	P	Pro	unassigned	0.0	NaN	NaN	NaN	NaN	NaN	NaN	NaN	NaN	61Pro	NaN	None	NaN	NaN	NaN	NaN	NaN	NaN	NaN	NaN	0.9211966		NaN	0.09399142546947557	NaN	0.003804563136643518
62	K	Lys	measured	1.0	8.20076	121.64023	20313300.0	679561000000.0	93.48859	232.21271000000002	gaussian	peak fit	62Lys	 62LysN	None	36.0	122.0	35.0	-0.00027000000000043656	0.006280000000003838	0.0016724646483568771	0.9022599472323641	3.2940905587575195	0.926356		0.024096052767635823	0.05299852552245291	0	0.028774301229614413
63	L	Leu	measured	1.0	8.02085	123.37852	21426100.0	126705000000.0	81.61327	47.02044	gaussian	peak fit	63Leu	 63LeuN	None	37.0	129.0	36.0	0.0009999999999994458	0.001949999999993679	0.000875314229290099	0.9079433014810263	2.582911868490738	0.9313009		0.023357598518973677	0.051807035175163586	0	0.12503601092933783
64	F	Phe	measured	1.0	8.17075	121.1969	18754300.0	884324000000.0	129.26986000000002	236.70684	gaussian	peak fit	64Phe	 64PheN	None	38.0	81.0	37.0	-0.002000000000000668	0.0026799999999980173	0.0015820139063866007	0.8808888596631314	0.41529452096609826	0.9310459999999999		0.05015714033686858	0.1228659652018287	0.5157514790339017	0.20582763775131618
65	G	Gly	measured	1.0	8.17734	111.19769	7934050.0	17921600000.0	51.32522	28.55926	gaussian	peak fit	65Gly	 65GlyN	None	39.0	103.0	38.0	0.0017199999999988336	0.033469999999994116	0.010653792282561107	0.6181284863972077	1.4227782982169226	0.9332001		0.31507161360279223	0.2299648615640739	0	0.12483054328051965
66	G	Gly	measured	1.0	7.53016	107.7587	9009830.0	19705000000.0	49.89397	28.44513	gaussian	peak fit	66Gly	 66GlyN	None	40.0	111.0	39.0	-0.000700000000000145	0.013730000000009568	0.004369930205395319	0.58789794786467	1.5216686229690493	0.9336631		0.34576515213533	0.2514571602810333	0	0.027853459113597854
67	F	Phe	measured	1.0	7.9696	119.83163	15391700.0	35458500000.0	50.2272	29.764029999999998	gaussian	peak fit	67Phe	 67PheN	None	41.0	86.0	40.0	0.0018299999999999983	-0.004859999999993647	0.0018242318931527524	0.8132611923343144	1.361364186084012	0.9367373		0.12347610766568562	0.17046832183036514	0	0.0022863511530105012
68	N	Asn	unassigned	0.0	NaN	NaN	NaN	NaN	NaN	NaN	NaN	NaN	68Asn	NaN	None	NaN	NaN	NaN	NaN	NaN	NaN	NaN	NaN	0.9357889000000001		NaN	0.08337438681865203	NaN	0.0
69	S	Ser	measured	1.0	8.17958	117.07637	32112200.0	123264000000.0	47.6384	52.28838	gaussian	peak fit	69Ser	 69SerN	None	42.0	96.0	41.0	0.004429999999999268	0.02465999999998303	0.007237440293359122	1.1727056933133697	2.808808516844101	0.9412386		0	0.028470670494803757	0	0.0
70	S	Ser	measured	1.0	8.19391	117.35641000000001	40587400.0	69969700000.0	44.16977	25.32733	gaussian	peak fit	70Ser	 70SerN	None	43.0	94.0	42.0	-0.003229999999998512	-0.0017299999999806914	0.0023293675107184174	1.0629927034062994	1.6686548156768848	0.9435841		0	0.0050701073577608695	0	0.0
71	D	Asp	unassigned	0.0	NaN	NaN	NaN	NaN	NaN	NaN	NaN	NaN	71Asp	NaN	None	NaN	NaN	NaN	NaN	NaN	NaN	NaN	NaN	0.9429615		NaN	0.0003712484355482609	NaN	0.0
72	T	Thr	measured	1.0	7.86667	114.37386000000001	54563700.0	56994100000.0	37.99377	17.84062	gaussian	peak fit	72Thr	 72ThrN	None	44.0	101.0	43.0	0.000780000000000669	-0.00027000000000043656	0.0005561501595797114	1.2394446501464018	1.8382228672794712	0.9451844000000001		0	0.0	0	0.0
73	V	Val	measured	1.0	7.99529	122.96758	30373600.0	73381600000.0	49.45234	31.70303	gaussian	peak fit	73Val	 73ValN	None	45.0	75.0	44.0	0.0014700000000003044	0.0002999999999957481	0.001042473021233772	1.0675945941196112	2.0451323956066005	0.9444872		0	5.4431971238357786e-05	0	0.0
74	T	Thr	measured	1.0	8.07574	118.08841000000001	32439200.0	57616000000.0	45.98291	25.06533	gaussian	peak fit	74Thr	 74ThrN	None	46.0	93.0	45.0	0.0011599999999987176	0.00034000000000844466	0.0008251618023145002	1.0863073012768778	1.8998753553033352	0.94801		0	0.0007184879709259204	0	0.0
75	S	Ser	measured	1.0	8.12529	119.71472	26335900.0	60267500000.0	52.98216	28.028609999999997	gaussian	peak fit	75Ser	 75SerN	None	47.0	87.0	46.0	0.0009299999999985431	0.0014800000000150249	0.0007653613525660662	1.0115342070088649	1.864464195667037	0.9513940999999999		0	0.003992600877960857	0	0.0
76	P	Pro	unassigned	0.0	NaN	NaN	NaN	NaN	NaN	NaN	NaN	NaN	76Pro	NaN	None	NaN	NaN	NaN	NaN	NaN	NaN	NaN	NaN	0.9518838		NaN	0.012278678030690453	NaN	0.0
77	Q	Gln	measured	1.0	8.253589999999999	120.44255	16377200.0	324074000000.0	113.82909	112.8098	gaussian	peak fit	77Gln	 77GlnN	None	48.0	84.0	47.0	-0.0025500000000011624	0.020739999999989323	0.005775948580101105	0.9448893401952413	10.409240266852533	0.9573798000000001		0.012490459804758824	0.02909669093206207	0	0.0
78	R	Arg	measured	1.0	8.16185	122.78043000000001	29198900.0	1130920000000.0	57.17759	439.57655	gaussian	peak fit	78Arg	 78ArgN	None	49.0	76.0	48.0	0.003809999999999647	0.012090000000014811	0.004182082854275335	0.8796465615670349	21.37032998803857	0.9577331		0.07808653843296509	0.04943937003486252	0	0.0
79	A	Ala	measured	1.0	8.20064	125.60065	12038800.0	75835900000.0	74.28523	55.02825	gaussian	peak fit	79Ala	 79AlaN	None	50.0	132.0	49.0	-0.001260000000000261	-0.004499999999993065	0.0014870440477658892	0.9284397726483994	2.63100760133084	0.9597084000000001		0.03126862735160074	0.06589364659781112	0	0.0
80	G	Gly	measured	1.0	8.03956	108.54563999999999	23276900.0	128350000000.0	55.261540000000004	64.75067	gaussian	peak fit	80Gly	 80GlyN	None	51.0	108.0	50.0	-0.000280000000000058	-6.0000000004833964e-05	0.00019889695824741574	0.838351023407083	2.2015739495567694	0.9628777000000001		0.12452667659291705	0.0785342457958422	0	0.0
81	P	Pro	unassigned	0.0	NaN	NaN	NaN	NaN	NaN	NaN	NaN	NaN	81Pro	NaN	None	NaN	NaN	NaN	NaN	NaN	NaN	NaN	NaN	0.9602525		NaN	0.06753314777572886	NaN	0.0
82	L	Leu	measured	1.0	8.1873	121.78388000000001	26146200.0	463033000000.0	92.54833	124.17398	gaussian	peak fit	82Leu	 82LeuN	None	52.0	124.0	51.0	0.0008499999999997954	0.001430000000013365	0.0007102063080559773	0.9793171126359632	1.6429455950551926	0.9621271999999998		0	0.0644705734659981	0	0.0
83	A	Ala	measured	1.0	8.082239999999999	124.98345	8768970.0	255635000000.0	638.6482	29.62149	gaussian	peak fit	83Ala	 83AlaN	None	53.0	64.0	52.0	0.004099999999999326	0.009789999999995302	0.0038876840149362447	0.816234455283342	19.092626893317	0.9641579		0.14792344471665797	0.09061037486504729	0	0.0
84	G	Gly	measured	1.0	8.15674	108.04185	13487800.0	34110800000.0	57.20765	28.687440000000002	gaussian	peak fit	84Gly	 84GlyN	None	54.0	110.0	53.0	0.0001299999999986312	0.01834999999999809	0.0058035075600875044	0.8704333516182118	1.6333382812761863	0.9652948		0.09486144838178823	0.09669529999435812	0	0.0
85	G	Gly	measured	1.0	8.006260000000001	108.42772	20559700.0	91217200000.0	69.2222	41.5921	gaussian	peak fit	85Gly	 85GlyN	None	55.0	114.0	54.0	-0.00042999999999793204	0.001069999999998572	0.00045490658381562826	0.8891988443706318	1.9077668278481437	0.9648744		0.07567555562936823	0.08388555272798381	0	0.0
