Res#	1-letter	3-letter	Peak Status	Merit	Position F1	Position F2	Height	Volume	Line Width F1 (Hz)	Line Width F2 (Hz)	Fit Method	Vol. Method	Assign F1	Assign F2	Details	Number	#	index	H1_delta	N15_delta	CSP	Height_ratio	Vol_ratio
1	M	Met	unassigned	0.0	NaN	NaN	NaN	NaN	NaN	NaN	NaN	NaN	1Met	NaN	None	NaN	NaN	NaN	NaN	NaN	NaN	NaN	NaN
2	A	Ala	measured	1.0	8.32357	108.8076	16123300.0	15589900000.0	39.26879	21.730829999999997	gaussian	peak fit	2Ala	 2GlyN	None	2.0	57.0	1.0	0.0	0.0	0.0	1.0	1.0
3	S	Ser	measured	1.0	8.062610000000001	115.39125	21478400.0	19188600000.0	38.404579999999996	20.53024	gaussian	peak fit	3Ser	 3SerN	None	3.0	47.0	2.0	0.0	0.0	0.0	1.0	1.0
4	N	Asn	unassigned	0.0	NaN	NaN	NaN	NaN	NaN	NaN	NaN	NaN	4Asn	NaN	None	NaN	NaN	NaN	NaN	NaN	NaN	NaN	NaN
5	K	Lys	measured	1.0	8.30981	121.08786	9185000.0	160149000000.0	628.06422	24.50052	gaussian	peak fit	5Lys	 5LysN	None	4.0	28.0	3.0	0.0	0.0	0.0	1.0	1.0
6	S	Ser	measured	1.0	8.11668	117.0653	21795000.0	25551200000.0	48.34325	21.40191	gaussian	peak fit	6Ser	 6SerN	None	5.0	43.0	4.0	0.0	0.0	0.0	1.0	1.0
7	K	Lys	measured	1.0	8.18085	124.47413	17015000.0	21871300000.0	44.9854	25.21784	gaussian	peak fit	7Lys	 7LysN	None	6.0	8.0	5.0	0.0	0.0	0.0	1.0	1.0
8	P	Pro	unassigned	0.0	NaN	NaN	NaN	NaN	NaN	NaN	NaN	NaN	8Pro	NaN	None	NaN	NaN	NaN	NaN	NaN	NaN	NaN	NaN
9	K	Lys	measured	1.0	8.35477	121.93528	8575010.0	14338500000.0	51.52649	28.640079999999998	gaussian	peak fit	9Lys	 9LysN	None	7.0	23.0	6.0	0.0	0.0	0.0	1.0	1.0
10	D	Asp	measured	1.0	8.14847	121.5145	21730600.0	91039300000.0	52.149390000000004	70.89955	gaussian	peak fit	10Asp	 10AspN	None	8.0	26.0	7.0	0.0	0.0	0.0	1.0	1.0
11	A	Ala	measured	1.0	8.29321	125.33868000000001	8912610.0	124852000000.0	50.73982	243.65632000000002	gaussian	peak fit	11Ala	 11AlaN	None	9.0	5.0	8.0	0.0	0.0	0.0	1.0	1.0
12	S	Ser	measured	1.0	8.1963	114.87311000000001	11716900.0	18829300000.0	52.27832	27.12919	gaussian	peak fit	12Ser	 12SerN	None	10.0	49.0	9.0	0.0	0.0	0.0	1.0	1.0
13	Q	Gln	measured	1.0	8.02406	121.58871	11589700.0	21879000000.0	42.29193	39.39414	gaussian	peak fit	13Gln	 13GlnN	None	11.0	25.0	10.0	0.0	0.0	0.0	1.0	1.0
14	R	Arg	measured	1.0	8.02422	121.95558999999999	28010200.0	22143300000.0	37.12735	18.79175	gaussian	peak fit	14Arg	 14ArgN	None	12.0	22.0	11.0	0.0	0.0	0.0	1.0	1.0
15	R	Arg	measured	1.0	8.26993	122.91713	2108770.0	354395000000.0	289.90587	511.60632999999996	gaussian	peak fit	15Arg	 15ArgN	None	13.0	18.0	12.0	0.0	0.0	0.0	1.0	1.0
16	R	Arg	measured	0.5	8.19154	122.74857	14027800.0	26331100000.0	52.04656	31.829079999999998	gaussian	peak fit	16Arg	 16ArgN	None	14.0	67.0	13.0	0.0	0.0	0.0	1.0	1.0
17	S	Ser	unassigned	0.0	NaN	NaN	NaN	NaN	NaN	NaN	NaN	NaN	17Ser	NaN	None	NaN	NaN	NaN	NaN	NaN	NaN	NaN	NaN
18	L	Leu	unassigned	0.0	NaN	NaN	NaN	NaN	NaN	NaN	NaN	NaN	18Leu	NaN	None	NaN	NaN	NaN	NaN	NaN	NaN	NaN	NaN
19	E	Glu	measured	1.0	8.11242	122.9779	4370410.0	291989000000.0	210.30042000000003	280.37492000000003	gaussian	peak fit	19Glu	 19GluN	None	15.0	17.0	14.0	0.0	0.0	0.0	1.0	1.0
20	P	Pro	unassigned	0.0	NaN	NaN	NaN	NaN	NaN	NaN	NaN	NaN	20Pro	NaN	None	NaN	NaN	NaN	NaN	NaN	NaN	NaN	NaN
21	A	Ala	measured	1.0	8.27225	124.06828999999999	2590250.0	278557000000.0	188.85341	502.55434	gaussian	peak fit	21Ala	 21AlaN	None	16.0	11.0	15.0	0.0	0.0	0.0	1.0	1.0
22	E	Glu	measured	1.0	8.17932	119.29163999999999	4251390.0	384592000000.0	168.25318000000001	474.5066	gaussian	peak fit	22Glu	 22GluN	None	17.0	36.0	16.0	0.0	0.0	0.0	1.0	1.0
23	N	Asn	measured	1.0	8.217989999999999	119.82638999999999	3957540.0	645575000000.0	303.07144	475.01997	gaussian	peak fit	23Asn	 23AsnN	None	18.0	34.0	17.0	0.0	0.0	0.0	1.0	1.0
24	V	Val	measured	1.0	7.854589999999999	120.0808	815132.0	8823800000.0	41.6495	229.37892000000002	gaussian	peak fit	24Val	 24ValN	None	19.0	31.0	18.0	0.0	0.0	0.0	1.0	1.0
25	H	His	measured	0.0	8.18328	122.03591000000002	11264400.0	161592000000.0	83.16905	152.22505	gaussian	peak fit	25His	 25HisN	None	20.0	69.0	19.0	0.0	0.0	0.0	1.0	1.0
26	G	Gly	measured	0.5	8.15957	109.66865	1136090.0	5814920000.0	198.49917	22.75657	gaussian	peak fit	26Gly	 26GlyN	None	21.0	55.0	20.0	0.0	0.0	0.0	1.0	1.0
27	C	Cys	measured	0.5	8.31683	118.37973999999998	674640.0	238775000000.0	398.26315	784.30145	gaussian	peak fit	27Cys	 27CysN	None	22.0	70.0	21.0	0.0	0.0	0.0	1.0	1.0
28	G	Gly	measured	0.5	8.47452	110.93821000000001	660662.0	288843000.0	24.27454	15.89524	gaussian	peak fit	28Gly	 28GlyN	None	23.0	53.0	22.0	0.0	0.0	0.0	1.0	1.0
29	G	Gly	measured	0.5	8.16046	108.75866	2577400.0	76704200000.0	336.964	77.9453	gaussian	peak fit	29Gly	 29GlyN	None	24.0	58.0	23.0	0.0	0.0	0.0	1.0	1.0
30	G	Gly	measured	1.0	8.074869999999999	108.60128999999999	9478000.0	65128300000.0	59.13763	102.54731	gaussian	peak fit	30Gly	 30GlyN	None	25.0	59.0	24.0	0.0	0.0	0.0	1.0	1.0
31	A	Ala	measured	1.0	7.89503	123.14737	1586610.0	53352200000.0	390.59758	75.97797	gaussian	peak fit	31Ala	 31AlaN	None	26.0	15.0	25.0	0.0	0.0	0.0	1.0	1.0
32	F	Phe	measured	1.0	8.008569999999999	120.05453	3329350.0	39753600000.0	62.79309	167.81902	gaussian	peak fit	32Phe	 32PheN	None	27.0	32.0	26.0	0.0	0.0	0.0	1.0	1.0
33	P	Pro	unassigned	0.0	NaN	NaN	NaN	NaN	NaN	NaN	NaN	NaN	33Pro	NaN	None	NaN	NaN	NaN	NaN	NaN	NaN	NaN	NaN
34	A	Ala	measured	1.0	8.360289999999999	124.82851000000001	3011510.0	19376700000.0	69.33426999999999	81.89981	gaussian	peak fit	34Ala	 34AlaN	None	28.0	7.0	27.0	0.0	0.0	0.0	1.0	1.0
35	S	Ser	measured	1.0	8.16113	115.1208	10332300.0	23541900000.0	58.89153	34.145140000000005	gaussian	peak fit	35Ser	 35SerN	None	29.0	48.0	28.0	0.0	0.0	0.0	1.0	1.0
36	Q	Gln	measured	1.0	8.214260000000001	122.11555	6843500.0	327076000000.0	180.12181	234.17463999999998	gaussian	peak fit	36Gln	 36GlnN	None	30.0	21.0	29.0	0.0	0.0	0.0	1.0	1.0
37	T	Thr	measured	1.0	8.10657	118.50632	5309190.0	100539000000.0	93.25712	179.20882	gaussian	peak fit	37Thr	 37ThrN	None	31.0	40.0	30.0	0.0	0.0	0.0	1.0	1.0
38	P	Pro	unassigned	0.0	NaN	NaN	NaN	NaN	NaN	NaN	NaN	NaN	38Pro	NaN	None	NaN	NaN	NaN	NaN	NaN	NaN	NaN	NaN
39	S	Ser	measured	1.0	8.29776	117.01326999999999	2837430.0	14429800000.0	72.10155	62.24801	gaussian	peak fit	39Ser	 39SerN	None	32.0	45.0	31.0	0.0	0.0	0.0	1.0	1.0
40	K	Lys	measured	1.0	8.17876	124.22128000000001	9295330.0	160457000000.0	59.815619999999996	254.69191	gaussian	peak fit	40Lys	 40LysN	None	33.0	10.0	32.0	0.0	0.0	0.0	1.0	1.0
41	P	Pro	unassigned	0.0	NaN	NaN	NaN	NaN	NaN	NaN	NaN	NaN	41Pro	NaN	None	NaN	NaN	NaN	NaN	NaN	NaN	NaN	NaN
42	A	Ala	measured	1.0	8.27315	124.46229	4029550.0	28699400000.0	141.71894	44.35317	gaussian	peak fit	42Ala	 42AlaN	None	34.0	9.0	33.0	0.0	0.0	0.0	1.0	1.0
43	S	Ser	measured	1.0	8.11555	114.62808999999999	2510090.0	294411000000.0	139.60495	741.47807	gaussian	peak fit	43Ser	 43SerN	None	35.0	50.0	34.0	0.0	0.0	0.0	1.0	1.0
44	A	Ala	measured	1.0	8.12808	125.98868999999999	4473840.0	8385520000.0	56.4531	29.30197	gaussian	peak fit	44Ala	 44AlaN	None	36.0	3.0	35.0	0.0	0.0	0.0	1.0	1.0
45	D	Asp	measured	1.0	8.142710000000001	121.7746	30244800.0	46709600000.0	47.653420000000004	28.602059999999998	gaussian	peak fit	45Asp	 45AspN	None	37.0	24.0	36.0	0.0	0.0	0.0	1.0	1.0
46	G	Gly	measured	1.0	8.05073	108.87528	12422300.0	14884100000.0	43.18416	24.48691	gaussian	peak fit	46Gly	 46GlyN	None	38.0	56.0	37.0	0.0	0.0	0.0	1.0	1.0
47	H	His	measured	1.0	8.064810000000001	119.23076999999999	13588800.0	19319400000.0	47.3848	26.47945	gaussian	peak fit	47His	 47HisN	None	39.0	37.0	38.0	0.0	0.0	0.0	1.0	1.0
48	R	Arg	measured	1.0	8.178939999999999	122.76801	14128100.0	25062700000.0	49.800090000000004	31.437620000000003	gaussian	peak fit	48Arg	 48ArgN	None	40.0	19.0	39.0	0.0	0.0	0.0	1.0	1.0
49	G	Gly	measured	1.0	8.06335	109.98449	4272290.0	6306850000.0	49.268879999999996	26.443209999999997	gaussian	peak fit	49Gly	 49GlyN	None	41.0	54.0	40.0	0.0	0.0	0.0	1.0	1.0
50	P	Pro	unassigned	0.0	NaN	NaN	NaN	NaN	NaN	NaN	NaN	NaN	50Pro	NaN	None	NaN	NaN	NaN	NaN	NaN	NaN	NaN	NaN
51	S	Ser	measured	1.0	8.30712	116.34873	8557710.0	12409600000.0	45.9733	27.83758	gaussian	peak fit	51Ser	 51SerN	None	42.0	46.0	41.0	0.0	0.0	0.0	1.0	1.0
52	A	Ala	measured	1.0	8.30166	126.28662	33468800.0	33392300000.0	41.00632	21.47287	gaussian	peak fit	52Ala	 52AlaN	None	43.0	2.0	42.0	0.0	0.0	0.0	1.0	1.0
53	A	Ala	measured	1.0	7.95016	122.66223000000001	6864650.0	20278500000.0	68.54465	38.034659999999995	gaussian	peak fit	53Ala	 53AlaN	None	44.0	20.0	43.0	0.0	0.0	0.0	1.0	1.0
54	F	Phe	measured	1.0	8.01576	118.87501	17203600.0	18919000000.0	42.959579999999995	22.59205	gaussian	peak fit	54Phe	 54PheN	None	45.0	39.0	44.0	0.0	0.0	0.0	1.0	1.0
55	A	Ala	measured	1.0	7.900710000000001	127.35643999999999	2456180.0	15850400000.0	46.85994	121.53858999999999	gaussian	peak fit	55Ala	 55AlaN	None	46.0	1.0	45.0	0.0	0.0	0.0	1.0	1.0
56	P	Pro	unassigned	0.0	NaN	NaN	NaN	NaN	NaN	NaN	NaN	NaN	56Pro	NaN	None	NaN	NaN	NaN	NaN	NaN	NaN	NaN	NaN
57	A	Ala	measured	1.0	8.21508	124.35145	11383100.0	47745200000.0	93.73014	39.49346	gaussian	peak fit	57Ala	 57AlaN	None	47.0	63.0	46.0	0.0	0.0	0.0	1.0	1.0
58	A	Ala	measured	1.0	8.12461	123.67886000000001	11292800.0	30138500000.0	69.38763	33.94468	gaussian	peak fit	58Ala	 58AlaN	None	48.0	12.0	47.0	0.0	0.0	0.0	1.0	1.0
59	A	Ala	measured	1.0	8.07369	123.46354	9275470.0	62758400000.0	124.48696000000001	47.96753	gaussian	peak fit	59Ala	 59AlaN	None	49.0	13.0	48.0	0.0	0.0	0.0	1.0	1.0
60	E	Glu	measured	1.0	7.85685	119.1309	5403320.0	11224700000.0	50.31738	36.43618	gaussian	peak fit	60Glu	 60GluN	None	50.0	38.0	49.0	0.0	0.0	0.0	1.0	1.0
61	P	Pro	unassigned	0.0	NaN	NaN	NaN	NaN	NaN	NaN	NaN	NaN	61Pro	NaN	None	NaN	NaN	NaN	NaN	NaN	NaN	NaN	NaN
62	K	Lys	measured	1.0	8.20674	121.64411000000001	10986200.0	332126000000.0	183.83518	145.13148	gaussian	peak fit	62Lys	 62LysN	None	51.0	64.0	50.0	0.0	0.0	0.0	1.0	1.0
63	L	Leu	measured	1.0	8.03836	123.38467	8307420.0	47360000000.0	114.17643999999999	44.06612	gaussian	peak fit	63Leu	 63LeuN	None	52.0	14.0	51.0	0.0	0.0	0.0	1.0	1.0
64	F	Phe	measured	1.0	8.16956	121.23503000000001	11242900.0	142456000000.0	76.98031	145.26485	gaussian	peak fit	64Phe	 64PheN	None	53.0	27.0	52.0	0.0	0.0	0.0	1.0	1.0
65	G	Gly	measured	1.0	8.18829	111.17442	4069420.0	7409310000.0	46.19007	34.78826	gaussian	peak fit	65Gly	 65GlyN	None	54.0	52.0	53.0	0.0	0.0	0.0	1.0	1.0
66	G	Gly	measured	1.0	7.54138	107.75152	3891010.0	5408430000.0	49.01005	25.02988	gaussian	peak fit	66Gly	 66GlyN	None	55.0	61.0	54.0	0.0	0.0	0.0	1.0	1.0
67	F	Phe	measured	1.0	7.9777	119.84326000000001	7285850.0	9544830000.0	46.698859999999996	24.7581	gaussian	peak fit	67Phe	 67PheN	None	56.0	33.0	55.0	0.0	0.0	0.0	1.0	1.0
68	N	Asn	unassigned	0.0	NaN	NaN	NaN	NaN	NaN	NaN	NaN	NaN	68Asn	NaN	None	NaN	NaN	NaN	NaN	NaN	NaN	NaN	NaN
69	S	Ser	measured	1.0	8.18653	117.05435	19765500.0	33822800000.0	52.40403	28.818540000000002	gaussian	peak fit	69Ser	 69SerN	None	57.0	44.0	56.0	0.0	0.0	0.0	1.0	1.0
70	S	Ser	measured	1.0	8.20678	117.36433999999998	23260300.0	22982000000.0	39.47998	22.08674	gaussian	peak fit	70Ser	 70SerN	None	58.0	42.0	57.0	0.0	0.0	0.0	1.0	1.0
71	D	Asp	unassigned	0.0	NaN	NaN	NaN	NaN	NaN	NaN	NaN	NaN	71Asp	NaN	None	NaN	NaN	NaN	NaN	NaN	NaN	NaN	NaN
72	T	Thr	measured	1.0	7.876	114.38668999999999	22035600.0	14085100000.0	34.45349	16.37336	gaussian	peak fit	72Thr	 72ThrN	None	59.0	51.0	58.0	0.0	0.0	0.0	1.0	1.0
73	V	Val	measured	1.0	8.005889999999999	122.98423000000001	12462500.0	17388900000.0	43.8762	28.065609999999996	gaussian	peak fit	73Val	 73ValN	None	60.0	16.0	59.0	0.0	0.0	0.0	1.0	1.0
74	T	Thr	measured	1.0	8.087489999999999	118.11298000000001	14226200.0	15200300000.0	41.92434	22.49211	gaussian	peak fit	74Thr	 74ThrN	None	61.0	41.0	60.0	0.0	0.0	0.0	1.0	1.0
75	S	Ser	measured	1.0	8.13655	119.72903000000001	12884100.0	17331400000.0	47.630990000000004	24.92447	gaussian	peak fit	75Ser	 75SerN	None	62.0	35.0	61.0	0.0	0.0	0.0	1.0	1.0
76	P	Pro	unassigned	0.0	NaN	NaN	NaN	NaN	NaN	NaN	NaN	NaN	76Pro	NaN	None	NaN	NaN	NaN	NaN	NaN	NaN	NaN	NaN
77	Q	Gln	measured	1.0	8.26951	120.42771	7216480.0	26516900000.0	89.28104	36.32229	gaussian	peak fit	77Gln	 77GlnN	None	63.0	30.0	62.0	0.0	0.0	0.0	1.0	1.0
78	R	Arg	measured	0.5	8.172839999999999	122.78159	14102800.0	25159400000.0	50.33713	31.278290000000002	gaussian	peak fit	78Arg	 78ArgN	None	64.0	66.0	63.0	0.0	0.0	0.0	1.0	1.0
79	A	Ala	measured	1.0	8.2138	125.61928	5376670.0	18397500000.0	65.25159000000001	46.279540000000004	gaussian	peak fit	79Ala	 79AlaN	None	65.0	4.0	64.0	0.0	0.0	0.0	1.0	1.0
80	G	Gly	measured	1.0	8.05434	108.54161	9502890.0	25011800000.0	55.07187	42.17893	gaussian	peak fit	80Gly	 80GlyN	None	66.0	71.0	65.0	0.0	0.0	0.0	1.0	1.0
81	P	Pro	unassigned	0.0	NaN	NaN	NaN	NaN	NaN	NaN	NaN	NaN	81Pro	NaN	None	NaN	NaN	NaN	NaN	NaN	NaN	NaN	NaN
82	L	Leu	measured	1.0	8.18705	121.80162	14725200.0	289389000000.0	178.37537	97.23501	gaussian	peak fit	82Leu	 82LeuN	None	67.0	65.0	66.0	0.0	0.0	0.0	1.0	1.0
83	A	Ala	measured	1.0	8.088560000000001	124.975	3454840.0	242130000000.0	206.70483000000002	299.23073	gaussian	peak fit	83Ala	 83AlaN	None	68.0	6.0	67.0	0.0	0.0	0.0	1.0	1.0
84	G	Gly	measured	1.0	8.16349	108.03725	5512300.0	8225250000.0	50.09357	26.28872	gaussian	peak fit	84Gly	 84GlyN	None	69.0	60.0	68.0	0.0	0.0	0.0	1.0	1.0
85	G	Gly	measured	1.0	8.02111	108.43212	8749980.0	27508700000.0	74.48886999999999	37.24836	gaussian	peak fit	85Gly	 85GlyN	None	70.0	62.0	69.0	0.0	0.0	0.0	1.0	1.0
