Res#	1-letter	3-letter	Peak Status	Merit	Position F1	Position F2	Height	Volume	Line Width F1 (Hz)	Line Width F2 (Hz)	Fit Method	Vol. Method	Assign F1	Assign F2	Details	Number	#	index	H1_delta	N15_delta	CSP	Height_ratio	Vol_ratio
1	M	Met	unassigned	0.0	NaN	NaN	NaN	NaN	NaN	NaN	NaN	NaN	1Met	NaN	None	NaN	NaN	NaN	NaN	NaN	NaN	NaN	NaN
2	A	Ala	unassigned	0.0	NaN	NaN	NaN	NaN	NaN	NaN	NaN	NaN	2Ala	NaN	None	NaN	NaN	NaN	NaN	NaN	NaN	NaN	NaN
3	S	Ser	unassigned	0.0	NaN	NaN	NaN	NaN	NaN	NaN	NaN	NaN	3Ser	NaN	None	NaN	NaN	NaN	NaN	NaN	NaN	NaN	NaN
4	N	Asn	unassigned	0.0	NaN	NaN	NaN	NaN	NaN	NaN	NaN	NaN	4Asn	NaN	None	NaN	NaN	NaN	NaN	NaN	NaN	NaN	NaN
5	K	Lys	unassigned	0.0	NaN	NaN	NaN	NaN	NaN	NaN	NaN	NaN	5Lys	NaN	None	NaN	NaN	NaN	NaN	NaN	NaN	NaN	NaN
6	S	Ser	unassigned	0.0	NaN	NaN	NaN	NaN	NaN	NaN	NaN	NaN	6Ser	NaN	None	NaN	NaN	NaN	NaN	NaN	NaN	NaN	NaN
7	K	Lys	unassigned	0.0	NaN	NaN	NaN	NaN	NaN	NaN	NaN	NaN	7Lys	NaN	None	NaN	NaN	NaN	NaN	NaN	NaN	NaN	NaN
8	P	Pro	unassigned	0.0	NaN	NaN	NaN	NaN	NaN	NaN	NaN	NaN	8Pro	NaN	None	NaN	NaN	NaN	NaN	NaN	NaN	NaN	NaN
9	K	Lys	unassigned	0.0	NaN	NaN	NaN	NaN	NaN	NaN	NaN	NaN	9Lys	NaN	None	NaN	NaN	NaN	NaN	NaN	NaN	NaN	NaN
10	D	Asp	unassigned	0.0	NaN	NaN	NaN	NaN	NaN	NaN	NaN	NaN	10Asp	NaN	None	NaN	NaN	NaN	NaN	NaN	NaN	NaN	NaN
11	A	Ala	unassigned	0.0	NaN	NaN	NaN	NaN	NaN	NaN	NaN	NaN	11Ala	NaN	None	NaN	NaN	NaN	NaN	NaN	NaN	NaN	NaN
12	S	Ser	unassigned	0.0	NaN	NaN	NaN	NaN	NaN	NaN	NaN	NaN	12Ser	NaN	None	NaN	NaN	NaN	NaN	NaN	NaN	NaN	NaN
13	Q	Gln	unassigned	0.0	NaN	NaN	NaN	NaN	NaN	NaN	NaN	NaN	13Gln	NaN	None	NaN	NaN	NaN	NaN	NaN	NaN	NaN	NaN
14	R	Arg	unassigned	0.0	NaN	NaN	NaN	NaN	NaN	NaN	NaN	NaN	14Arg	NaN	None	NaN	NaN	NaN	NaN	NaN	NaN	NaN	NaN
15	R	Arg	unassigned	0.0	NaN	NaN	NaN	NaN	NaN	NaN	NaN	NaN	15Arg	NaN	None	NaN	NaN	NaN	NaN	NaN	NaN	NaN	NaN
16	R	Arg	unassigned	0.0	NaN	NaN	NaN	NaN	NaN	NaN	NaN	NaN	16Arg	NaN	None	NaN	NaN	NaN	NaN	NaN	NaN	NaN	NaN
17	S	Ser	unassigned	0.0	NaN	NaN	NaN	NaN	NaN	NaN	NaN	NaN	17Ser	NaN	None	NaN	NaN	NaN	NaN	NaN	NaN	NaN	NaN
18	L	Leu	unassigned	0.0	NaN	NaN	NaN	NaN	NaN	NaN	NaN	NaN	18Leu	NaN	None	NaN	NaN	NaN	NaN	NaN	NaN	NaN	NaN
19	E	Glu	unassigned	0.0	NaN	NaN	NaN	NaN	NaN	NaN	NaN	NaN	19Glu	NaN	None	NaN	NaN	NaN	NaN	NaN	NaN	NaN	NaN
20	P	Pro	unassigned	0.0	NaN	NaN	NaN	NaN	NaN	NaN	NaN	NaN	20Pro	NaN	None	NaN	NaN	NaN	NaN	NaN	NaN	NaN	NaN
21	A	Ala	unassigned	0.0	NaN	NaN	NaN	NaN	NaN	NaN	NaN	NaN	21Ala	NaN	None	NaN	NaN	NaN	NaN	NaN	NaN	NaN	NaN
22	E	Glu	unassigned	0.0	NaN	NaN	NaN	NaN	NaN	NaN	NaN	NaN	22Glu	NaN	None	NaN	NaN	NaN	NaN	NaN	NaN	NaN	NaN
23	N	Asn	measured	1.0	8.30518	118.40375	1447500.0	461200000000.0	393.59961	706.64346	gaussian	peak fit	23Asn	 23AsnN	None	1.0	62.0	0.0	0.08719000000000143	-1.422639999999987	0.38141102228697793	0.36575751603268697	0.7144018897881733
24	V	Val	measured	1.0	7.874280000000001	120.12366000000002	1728970.0	5710140000.0	71.28915	40.44096	gaussian	peak fit	24Val	 24ValN	None	2.0	63.0	1.0	0.01969000000000154	0.04286000000001877	0.017956520319932338	2.1210920439879675	0.6471293546997892
25	H	His	measured	1.0	8.19015	122.27387	5627270.0	186064000000.0	84.67142	340.88917999999995	gaussian	peak fit	25His	 25HisN	None	3.0	64.0	2.0	0.006869999999999266	0.23795999999998685	0.0631454334215829	0.49956233798515676	1.151443140749542
26	G	Gly	measured	1.0	8.14057	109.70978999999998	799936.0	196093000000.0	176.62871	1211.51933	gaussian	peak fit	26Gly	 26GlyN	None	4.0	65.0	3.0	-0.019000000000000128	0.04113999999998441	0.018701603139834676	0.7041132304658961	33.72238998988808
27	C	Cys	unassigned	0.0	NaN	NaN	NaN	NaN	NaN	NaN	NaN	NaN	27Cys	NaN	None	NaN	NaN	NaN	NaN	NaN	NaN	NaN	NaN
28	G	Gly	measured	1.0	8.46267	110.96786999999999	265898.0	19533200000.0	1008.34736	63.59644	gaussian	peak fit	28Gly	 28GlyN	None	5.0	66.0	4.0	-0.011850000000000804	0.02965999999997848	0.012577074779132145	0.40247206589753914	67.62566515373403
29	G	Gly	measured	1.0	8.145439999999999	108.75933	1939280.0	213899000000.0	585.1657700000001	164.54147	gaussian	peak fit	29Gly	 29GlyN	None	6.0	67.0	5.0	-0.015020000000001588	0.0006699999999995043	0.010622856960348462	0.752417164584465	2.7886217443112633
30	G	Gly	unassigned	0.0	NaN	NaN	NaN	NaN	NaN	NaN	NaN	NaN	30Gly	NaN	None	NaN	NaN	NaN	NaN	NaN	NaN	NaN	NaN
31	A	Ala	measured	1.0	7.88052	123.16322	1441400.0	57159000000.0	460.67796	75.14276	gaussian	peak fit	31Ala	 31AlaN	None	7.0	68.0	6.0	-0.014510000000000467	0.015850000000000364	0.011084025667599638	0.9084778237878244	1.0713522591383298
32	F	Phe	measured	1.0	7.99763	120.0851	2857250.0	182411000000.0	314.85782	176.99983	gaussian	peak fit	32Phe	 32PheN	None	8.0	69.0	7.0	-0.01093999999999884	0.03056999999999732	0.011191896309382778	0.8582005496568399	4.5885404089189405
33	P	Pro	unassigned	0.0	NaN	NaN	NaN	NaN	NaN	NaN	NaN	NaN	33Pro	NaN	None	NaN	NaN	NaN	NaN	NaN	NaN	NaN	NaN
34	A	Ala	measured	1.0	8.35007	124.85122	4573740.0	6348650000.0	46.37802	26.12655	gaussian	peak fit	34Ala	 34AlaN	None	9.0	9.0	8.0	-0.010219999999998564	0.02270999999998935	0.009398206584234646	1.5187530507951161	0.327643509988801
35	S	Ser	measured	1.0	8.14687	115.13378999999999	9435610.0	9993050000.0	41.03414	22.53032	gaussian	peak fit	35Ser	 35SerN	None	10.0	48.0	9.0	-0.014260000000000161	0.012989999999987845	0.010652962357953781	0.9132148698740842	0.4244793325942256
36	Q	Gln	measured	0.5	8.20979	122.11769	7147130.0	145551000000.0	95.73796	185.68778	gaussian	peak fit	36Gln	 36GlnN	None	11.0	70.0	10.0	-0.004470000000001306	0.002139999999997144	0.0032110780121331504	1.044367648133265	0.44500666511758735
37	T	Thr	measured	1.0	8.09708	118.54358	5977640.0	35179800000.0	62.52178000000001	82.17071	gaussian	peak fit	37Thr	 37ThrN	None	12.0	40.0	11.0	-0.009489999999999554	0.0372600000000034	0.011925249766776943	1.125904328155519	0.34991197445767314
38	P	Pro	unassigned	0.0	NaN	NaN	NaN	NaN	NaN	NaN	NaN	NaN	38Pro	NaN	None	NaN	NaN	NaN	NaN	NaN	NaN	NaN	NaN
39	S	Ser	unassigned	0.0	NaN	NaN	NaN	NaN	NaN	NaN	NaN	NaN	39Ser	NaN	None	NaN	NaN	NaN	NaN	NaN	NaN	NaN	NaN
40	K	Lys	measured	1.0	8.17175	124.22507	7656370.0	101681000000.0	68.36333	169.58095	gaussian	peak fit	40Lys	 40LysN	None	13.0	71.0	12.0	-0.007010000000001071	0.003789999999995075	0.005057226216020488	0.8236792023521489	0.6336962550714522
41	P	Pro	unassigned	0.0	NaN	NaN	NaN	NaN	NaN	NaN	NaN	NaN	41Pro	NaN	None	NaN	NaN	NaN	NaN	NaN	NaN	NaN	NaN
42	A	Ala	measured	1.0	8.25731	124.47277	3914890.0	86713200000.0	120.07453000000001	161.02708	gaussian	peak fit	42Ala	 42AlaN	None	14.0	72.0	13.0	-0.015839999999998966	0.010480000000001155	0.011538670980662604	0.9715452097628767	3.021429019422009
43	S	Ser	measured	1.0	8.10502	114.65913	1876690.0	11714100000.0	74.08679000000001	73.54609	gaussian	peak fit	43Ser	 43SerN	None	15.0	73.0	14.0	-0.010530000000001039	0.031040000000018608	0.011085312895903832	0.747658450493807	0.039788255194269234
44	A	Ala	measured	1.0	8.1177	126.01283000000001	7235340.0	8568970000.0	45.07124	22.93794	gaussian	peak fit	44Ala	 44AlaN	None	16.0	5.0	15.0	-0.010380000000001388	0.024140000000016926	0.009729541201930933	1.6172549755914383	1.021876997490913
45	D	Asp	measured	1.0	8.15912	121.88391999999999	18169100.0	42449500000.0	65.70336	31.04099	gaussian	peak fit	45Asp	 45AspN	None	17.0	21.0	16.0	0.016409999999998703	0.10931999999998254	0.03116415277205064	0.6007346717452257	0.9087960504906915
46	G	Gly	measured	1.0	8.041319999999999	108.88853	14496100.0	18607700000.0	42.12149	26.60244	gaussian	peak fit	46Gly	 46GlyN	None	18.0	56.0	17.0	-0.009410000000000807	0.013249999999999318	0.007863224529415765	1.1669417096672918	1.2501730034063194
47	H	His	measured	1.0	8.04884	119.2636	12857700.0	18388800000.0	47.88903	26.06994	gaussian	peak fit	47His	 47HisN	None	19.0	35.0	18.0	-0.01597000000000115	0.032830000000004134	0.014246651290743286	0.9461983398092547	0.9518308021988261
48	R	Arg	measured	0.5	8.18554	122.73491999999999	17763700.0	28844300000.0	50.05919	28.31565	gaussian	peak fit	48Arg	 48ArgN	None	20.0	76.0	19.0	0.006600000000000605	-0.03309000000001561	0.009921006350168127	1.2573311344059004	1.1508855789679484
49	G	Gly	measured	1.0	8.04917	109.99408000000001	6751020.0	9854740000.0	47.54988	26.79852	gaussian	peak fit	49Gly	 49GlyN	None	21.0	55.0	20.0	-0.014179999999999637	0.009590000000017085	0.010475352500036818	1.5801876745258399	1.5625454862570063
50	P	Pro	unassigned	0.0	NaN	NaN	NaN	NaN	NaN	NaN	NaN	NaN	50Pro	NaN	None	NaN	NaN	NaN	NaN	NaN	NaN	NaN	NaN
51	S	Ser	measured	1.0	8.29681	116.37754	11873000.0	13695800000.0	46.535779999999995	21.63852	gaussian	peak fit	51Ser	 51SerN	None	22.0	47.0	21.0	-0.010309999999998709	0.028809999999992897	0.010547472540848734	1.3874038732324419	1.1036455647240846
52	A	Ala	measured	1.0	8.29668	126.31948999999999	14786200.0	23370400000.0	47.624629999999996	28.970990000000004	gaussian	peak fit	52Ala	 52AlaN	None	23.0	3.0	22.0	-0.004979999999999762	0.03286999999998841	0.00938247211559648	0.4417905631513529	0.6998739230301596
53	A	Ala	measured	1.0	7.94556	122.72778000000001	9899100.0	21897100000.0	61.07836999999999	31.614559999999997	gaussian	peak fit	53Ala	 53AlaN	None	24.0	17.0	23.0	-0.0045999999999999375	0.06555000000000177	0.017645287614545025	1.442040016606819	1.0798185270113667
54	F	Phe	measured	1.0	8.00619	118.90965	19930200.0	19580200000.0	41.77603	20.52877	gaussian	peak fit	54Phe	 54PheN	None	25.0	39.0	24.0	-0.009570000000000078	0.03463999999999601	0.011392432663833541	1.1584900834709015	1.034948993075744
55	A	Ala	measured	1.0	7.888780000000001	127.37448	4987700.0	8280230000.0	50.14597	28.899490000000004	gaussian	peak fit	55Ala	 55AlaN	None	26.0	1.0	25.0	-0.01193000000000044	0.01804000000001338	0.009692438392893661	2.03067364769683	0.5223988038156766
56	P	Pro	unassigned	0.0	NaN	NaN	NaN	NaN	NaN	NaN	NaN	NaN	56Pro	NaN	None	NaN	NaN	NaN	NaN	NaN	NaN	NaN	NaN
57	A	Ala	measured	1.0	8.2048	124.34407	9305670.0	17532000000.0	55.66469	29.545379999999998	gaussian	peak fit	57Ala	 57AlaN	None	27.0	10.0	26.0	-0.010279999999999845	-0.007379999999997722	0.00752673289017194	0.8174987481441787	0.36719921583740356
58	A	Ala	measured	1.0	8.11935	123.70393999999999	16721200.0	33579400000.0	72.24286	24.26578	gaussian	peak fit	58Ala	 58AlaN	None	28.0	11.0	27.0	-0.00525999999999982	0.025079999999974234	0.007606855329234847	1.480695664494191	1.1141695837549979
59	A	Ala	measured	1.0	8.05844	123.48023	13948700.0	56899800000.0	118.05426999999999	30.16341	gaussian	peak fit	59Ala	 59AlaN	None	29.0	12.0	28.0	-0.015249999999999986	0.016690000000011196	0.011652475144793313	1.503826760261205	0.9066483530491536
60	E	Glu	measured	1.0	7.8473	119.15856000000001	9748590.0	17576200000.0	46.0513	34.17638	gaussian	peak fit	60Glu	 60GluN	None	30.0	36.0	29.0	-0.009549999999999947	0.027660000000011564	0.009957737795304929	1.8041852046519546	1.5658503122577887
61	P	Pro	unassigned	0.0	NaN	NaN	NaN	NaN	NaN	NaN	NaN	NaN	61Pro	NaN	None	NaN	NaN	NaN	NaN	NaN	NaN	NaN	NaN
62	K	Lys	measured	0.5	8.20376	121.62357	12345200.0	90570000000.0	66.9853	95.60703000000001	gaussian	peak fit	62Lys	 62LysN	None	31.0	75.0	30.0	-0.0029799999999990945	-0.020540000000011105	0.005828602920085502	1.1237006426243834	0.27269771110963914
63	L	Leu	measured	1.0	8.02027	123.38406	13715600.0	32160400000.0	65.82808	31.094240000000003	gaussian	peak fit	63Leu	 63LeuN	None	32.0	14.0	31.0	-0.018090000000000828	-0.0006099999999946704	0.01279257976328522	1.651005968158586	0.6790625
64	F	Phe	measured	1.0	8.17184	121.23293000000001	13803900.0	40575700000.0	55.0345	46.62437	gaussian	peak fit	64Phe	 64PheN	None	33.0	23.0	32.0	0.0022799999999989495	-0.0020999999999986585	0.0017052565789338597	1.227788204111039	0.28482970180266187
65	G	Gly	measured	1.0	8.17445	111.18632	7601480.0	9072370000.0	42.1044	24.744529999999997	gaussian	peak fit	65Gly	 65GlyN	None	34.0	53.0	33.0	-0.013840000000000074	0.011899999999997135	0.0104849320455592	1.8679516982764128	1.2244554486180224
66	G	Gly	measured	1.0	7.52423	107.76383	9489570.0	8796760000.0	40.39291	20.03343	gaussian	peak fit	66Gly	 66GlyN	None	35.0	61.0	34.0	-0.01715	0.012309999999999377	0.01273635976250665	2.4388449271525903	1.626490497242268
67	F	Phe	measured	1.0	7.9633199999999995	119.84495	12698300.0	11985800000.0	40.667120000000004	20.26101	gaussian	peak fit	67Phe	 67PheN	None	36.0	30.0	35.0	-0.01438000000000006	0.0016899999999822057	0.010178021762601838	1.7428714563160097	1.2557373991993572
68	N	Asn	unassigned	0.0	NaN	NaN	NaN	NaN	NaN	NaN	NaN	NaN	68Asn	NaN	None	NaN	NaN	NaN	NaN	NaN	NaN	NaN	NaN
69	S	Ser	measured	1.0	8.174	117.06062	16545900.0	27956800000.0	42.325309999999995	34.84815	gaussian	peak fit	69Ser	 69SerN	None	37.0	46.0	36.0	-0.01252999999999993	0.006270000000000664	0.00901400870867117	0.8371101161114063	0.826566694655676
70	S	Ser	measured	1.0	8.19208	117.36521	21478100.0	20888700000.0	39.50523	21.49042	gaussian	peak fit	70Ser	 70SerN	None	38.0	44.0	37.0	-0.014699999999999491	0.0008700000000203545	0.010397017985941689	0.923380179963285	0.9089156731354974
71	D	Asp	unassigned	0.0	NaN	NaN	NaN	NaN	NaN	NaN	NaN	NaN	71Asp	NaN	None	NaN	NaN	NaN	NaN	NaN	NaN	NaN	NaN
72	T	Thr	measured	1.0	7.86527	114.39402	26141700.0	17192100000.0	35.12982	16.341929999999998	gaussian	peak fit	72Thr	 72ThrN	None	39.0	50.0	38.0	-0.010730000000000572	0.007330000000010273	0.007831185925517072	1.1863393780972609	1.2205877132572718
73	V	Val	measured	1.0	7.99516	123.00596999999999	17021100.0	20973100000.0	42.69478	25.19332	gaussian	peak fit	73Val	 73ValN	None	40.0	15.0	39.0	-0.010729999999998796	0.021739999999979887	0.0095210494169459	1.3657853560682045	1.2061199960894593
74	T	Thr	measured	1.0	8.07627	118.12728999999999	17263000.0	15978500000.0	39.440529999999995	20.48624	gaussian	peak fit	74Thr	 74ThrN	None	41.0	41.0	40.0	-0.011219999999999786	0.014309999999980505	0.008790820610156855	1.2134652964249062	1.051196357966619
75	S	Ser	measured	1.0	8.12646	119.73352	15653100.0	18596500000.0	46.60535	22.2525	gaussian	peak fit	75Ser	 75SerN	None	42.0	31.0	41.0	-0.010089999999999932	0.004489999999989891	0.007232928659954622	1.2149160593289403	1.0729946801758659
76	P	Pro	unassigned	0.0	NaN	NaN	NaN	NaN	NaN	NaN	NaN	NaN	76Pro	NaN	None	NaN	NaN	NaN	NaN	NaN	NaN	NaN	NaN
77	Q	Gln	measured	1.0	8.25793	120.45185	10884400.0	24244400000.0	60.404540000000004	32.190020000000004	gaussian	peak fit	77Gln	 77GlnN	None	43.0	26.0	42.0	-0.011580000000000368	0.024139999999988504	0.010384602640446355	1.5082699598696316	0.9142999370212959
78	R	Arg	measured	1.0	8.16491	122.8035	17898100.0	26274400000.0	48.1136	26.634390000000003	gaussian	peak fit	78Arg	 78ArgN	None	44.0	16.0	43.0	-0.007929999999998216	0.021910000000005425	0.008065098697474352	1.2691167711376463	1.0443174320532287
79	A	Ala	measured	1.0	8.20402	125.63848999999999	9536690.0	14095600000.0	45.81047	28.164759999999998	gaussian	peak fit	79Ala	 79AlaN	None	45.0	6.0	44.0	-0.00978000000000101	0.01920999999998685	0.008582300798735414	1.773716817286536	0.7661693164832178
80	G	Gly	measured	1.0	8.05097	108.54346000000001	14838800.0	31901300000.0	50.790459999999996	36.9499	gaussian	peak fit	80Gly	 80GlyN	None	46.0	57.0	45.0	-0.003370000000000317	0.0018500000000045702	0.002453711474481619	1.5615039214386361	1.27544998760585
81	P	Pro	unassigned	0.0	NaN	NaN	NaN	NaN	NaN	NaN	NaN	NaN	81Pro	NaN	None	NaN	NaN	NaN	NaN	NaN	NaN	NaN	NaN
82	L	Leu	measured	0.5	8.185080000000001	121.79271999999999	16208300.0	86524300000.0	76.1256	61.21455	gaussian	peak fit	82Leu	 82LeuN	None	47.0	74.0	46.0	-0.001969999999998251	-0.008900000000011232	0.0027359002174806284	1.1007184961834136	0.29898959531979447
83	A	Ala	measured	1.0	8.08093	125.00368	6968160.0	9007750000.0	45.01312	25.06939	gaussian	peak fit	83Ala	 83AlaN	None	48.0	8.0	47.0	-0.007630000000000692	0.028680000000008476	0.009310554118850248	2.0169269778050505	0.03720212282658076
84	G	Gly	measured	1.0	8.15436	108.04744	9772430.0	12414700000.0	47.000370000000004	23.59476	gaussian	peak fit	84Gly	 84GlyN	None	49.0	60.0	48.0	-0.009129999999998972	0.01018999999999437	0.007215404354572178	1.7728407379859588	1.5093401416370322
85	G	Gly	measured	1.0	8.00694	108.41915	15026800.0	27718400000.0	66.12272	24.35203	gaussian	peak fit	85Gly	 85GlyN	None	50.0	77.0	49.0	-0.014170000000000016	-0.012969999999995707	0.010826658764364429	1.717352496805707	1.007623042891885
