Res#	1-letter	3-letter	Peak Status	Merit	Position F1	Position F2	Height	Volume	Line Width F1 (Hz)	Line Width F2 (Hz)	Fit Method	Vol. Method	Assign F1	Assign F2	Details	Number	#	index	H1_delta	N15_delta	CSP	Height_ratio	Vol_ratio
1	M	Met	unassigned	0.0	NaN	NaN	NaN	NaN	NaN	NaN	NaN	NaN	1Met	NaN	None	NaN	NaN	NaN	NaN	NaN	NaN	NaN	NaN
2	A	Ala	unassigned	0.0	NaN	NaN	NaN	NaN	NaN	NaN	NaN	NaN	2Ala	NaN	None	NaN	NaN	NaN	NaN	NaN	NaN	NaN	NaN
3	S	Ser	unassigned	0.0	NaN	NaN	NaN	NaN	NaN	NaN	NaN	NaN	3Ser	NaN	None	NaN	NaN	NaN	NaN	NaN	NaN	NaN	NaN
4	N	Asn	unassigned	0.0	NaN	NaN	NaN	NaN	NaN	NaN	NaN	NaN	4Asn	NaN	None	NaN	NaN	NaN	NaN	NaN	NaN	NaN	NaN
5	K	Lys	unassigned	0.0	NaN	NaN	NaN	NaN	NaN	NaN	NaN	NaN	5Lys	NaN	None	NaN	NaN	NaN	NaN	NaN	NaN	NaN	NaN
6	S	Ser	unassigned	0.0	NaN	NaN	NaN	NaN	NaN	NaN	NaN	NaN	6Ser	NaN	None	NaN	NaN	NaN	NaN	NaN	NaN	NaN	NaN
7	K	Lys	unassigned	0.0	NaN	NaN	NaN	NaN	NaN	NaN	NaN	NaN	7Lys	NaN	None	NaN	NaN	NaN	NaN	NaN	NaN	NaN	NaN
8	P	Pro	unassigned	0.0	NaN	NaN	NaN	NaN	NaN	NaN	NaN	NaN	8Pro	NaN	None	NaN	NaN	NaN	NaN	NaN	NaN	NaN	NaN
9	K	Lys	unassigned	0.0	NaN	NaN	NaN	NaN	NaN	NaN	NaN	NaN	9Lys	NaN	None	NaN	NaN	NaN	NaN	NaN	NaN	NaN	NaN
10	D	Asp	unassigned	0.0	NaN	NaN	NaN	NaN	NaN	NaN	NaN	NaN	10Asp	NaN	None	NaN	NaN	NaN	NaN	NaN	NaN	NaN	NaN
11	A	Ala	measured	1.0	8.28456	125.2902	9655530.0	60544500000.0	70.42999	57.77471	gaussian	peak fit	11Ala	 11AlaN	None	1.0	62.0	0.0	-0.00864999999999938	-0.04848000000001207	0.014210312382213016	1.0833560539505263	0.4849301573062506
12	S	Ser	measured	1.0	8.18874	113.99238000000001	14188400.0	29827600000.0	50.045429999999996	27.25941	gaussian	peak fit	12Ser	 12SerN	None	2.0	102.0	1.0	-0.0075600000000015655	-0.8807299999999998	0.23308056569135058	1.2109346328807107	1.5841056226200656
13	Q	Gln	unassigned	0.0	NaN	NaN	NaN	NaN	NaN	NaN	NaN	NaN	13Gln	NaN	None	NaN	NaN	NaN	NaN	NaN	NaN	NaN	NaN
14	R	Arg	measured	1.0	8.0162	121.94582	52520700.0	62062600000.0	39.72939	19.3012	gaussian	peak fit	14Arg	 14ArgN	None	3.0	78.0	2.0	-0.008020000000000138	-0.009769999999988954	0.006232327253922566	1.8750562295163904	2.8027710413533664
15	R	Arg	measured	1.0	8.24057	123.07375	6611330.0	1369680000000.0	266.03968	505.3368	gaussian	peak fit	15Arg	 15ArgN	None	4.0	126.0	3.0	-0.029360000000000497	0.15662000000000376	0.04634751889799601	3.1351593582989135	3.864840079572229
16	R	Arg	unassigned	0.0	NaN	NaN	NaN	NaN	NaN	NaN	NaN	NaN	16Arg	NaN	None	NaN	NaN	NaN	NaN	NaN	NaN	NaN	NaN
17	S	Ser	measured	1.0	8.195889999999999	117.15071999999999	28601000.0	214397000000.0	50.717240000000004	95.91353000000001	gaussian	peak fit	17Ser	 17SerN	None	5.0	116.0	4.0	NaN	NaN	NaN	NaN	NaN
18	L	Leu	unassigned	0.0	NaN	NaN	NaN	NaN	NaN	NaN	NaN	NaN	18Leu	NaN	None	NaN	NaN	NaN	NaN	NaN	NaN	NaN	NaN
19	E	Glu	unassigned	0.0	NaN	NaN	NaN	NaN	NaN	NaN	NaN	NaN	19Glu	NaN	None	NaN	NaN	NaN	NaN	NaN	NaN	NaN	NaN
20	P	Pro	unassigned	0.0	NaN	NaN	NaN	NaN	NaN	NaN	NaN	NaN	20Pro	NaN	None	NaN	NaN	NaN	NaN	NaN	NaN	NaN	NaN
21	A	Ala	measured	1.0	8.25612	123.9859	5699200.0	1346720000000.0	291.14927	526.67704	gaussian	peak fit	21Ala	 21AlaN	None	6.0	131.0	5.0	-0.016130000000000422	-0.08238999999998953	0.024601957178238605	2.2002509410288584	4.834629896215137
22	E	Glu	measured	1.0	8.16047	119.23628000000001	9937010.0	1650290000000.0	279.71763	385.28368	gaussian	peak fit	22Glu	 22GluN	None	7.0	120.0	6.0	-0.018850000000000477	-0.05535999999997898	0.019803846141591943	2.3373555472445484	4.291014893705538
23	N	Asn	measured	1.0	8.19422	119.7968	11363200.0	1280600000000.0	202.5319	361.09193	gaussian	peak fit	23Asn	 23AsnN	None	8.0	121.0	7.0	-0.02376999999999896	-0.029589999999984684	0.018541742555647563	2.8712786225786724	1.9836579793207605
24	V	Val	measured	1.0	7.83838	120.05251000000001	2148980.0	725333000000.0	479.5362	456.75262000000004	gaussian	peak fit	24Val	 24ValN	None	9.0	119.0	8.0	-0.01620999999999917	-0.02828999999998416	0.013689584982749615	2.6363582830756247	82.2018858088352
25	H	His	measured	1.0	8.192919999999999	122.13861000000001	19424000.0	520180000000.0	95.02004000000001	182.89298	gaussian	peak fit	25His	 25HisN	None	10.0	123.0	9.0	0.009639999999999205	0.10269999999999868	0.028013837652131373	1.7243705834309861	3.219095004703203
26	G	Gly	measured	1.0	8.145669999999999	108.74573000000001	4492270.0	137390000000.0	194.55733	102.00856999999999	gaussian	peak fit	26Gly	 26GlyN	None	11.0	112.0	10.0	-0.013900000000001356	-0.9229199999999906	0.29201838579102907	3.9541497592620303	23.62715222221458
27	C	Cys	unassigned	0.0	NaN	NaN	NaN	NaN	NaN	NaN	NaN	NaN	27Cys	NaN	None	NaN	NaN	NaN	NaN	NaN	NaN	NaN	NaN
28	G	Gly	unassigned	0.0	NaN	NaN	NaN	NaN	NaN	NaN	NaN	NaN	28Gly	NaN	None	NaN	NaN	NaN	NaN	NaN	NaN	NaN	NaN
29	G	Gly	unassigned	0.0	NaN	NaN	NaN	NaN	NaN	NaN	NaN	NaN	29Gly	NaN	None	NaN	NaN	NaN	NaN	NaN	NaN	NaN	NaN
30	G	Gly	measured	1.0	8.08569	108.61646999999999	11732700.0	132741000000.0	111.31338999999998	65.95584000000001	gaussian	peak fit	30Gly	 30GlyN	None	12.0	113.0	11.0	0.010820000000000718	0.01518000000000086	0.0090321337456888	1.237887740029542	2.0381462436452358
31	A	Ala	measured	1.0	7.88173	123.13881	2946360.0	159574000000.0	402.73356	87.26809	gaussian	peak fit	31Ala	 31AlaN	None	13.0	128.0	12.0	-0.01330000000000009	-0.008559999999988577	0.00967337335162804	1.8570159018284267	2.9909544498633607
32	F	Phe	measured	1.0	7.98862	120.02271	10168300.0	148188000000.0	64.33676	146.99487	gaussian	peak fit	32Phe	 32PheN	None	14.0	118.0	13.0	-0.019949999999998802	-0.031819999999996185	0.016427937119430396	3.054139696937841	3.72766240038638
33	P	Pro	unassigned	0.0	NaN	NaN	NaN	NaN	NaN	NaN	NaN	NaN	33Pro	NaN	None	NaN	NaN	NaN	NaN	NaN	NaN	NaN	NaN
34	A	Ala	measured	1.0	8.34274	124.81333000000001	6067520.0	345123000000.0	225.03322000000003	164.02616	gaussian	peak fit	34Ala	 34AlaN	None	15.0	65.0	14.0	-0.017549999999999955	-0.01518000000000086	0.013043447320398126	2.014776640290087	17.811237207574045
35	S	Ser	measured	1.0	8.147689999999999	115.07274	26856400.0	54371800000.0	46.960809999999995	27.9761	gaussian	peak fit	35Ser	 35SerN	None	16.0	99.0	15.0	-0.013440000000001007	-0.04806000000000665	0.01587451580364133	2.599266378250728	2.309575692701099
36	Q	Gln	unassigned	0.0	NaN	NaN	NaN	NaN	NaN	NaN	NaN	NaN	36Gln	NaN	None	NaN	NaN	NaN	NaN	NaN	NaN	NaN	NaN
37	T	Thr	measured	1.0	8.09075	118.46847	12377200.0	134960000000.0	68.53681999999999	103.24176	gaussian	peak fit	37Thr	 37ThrN	None	17.0	117.0	16.0	-0.015819999999999723	-0.037850000000005934	0.015013985979746586	2.331278405933862	1.3423646545121795
38	P	Pro	unassigned	0.0	NaN	NaN	NaN	NaN	NaN	NaN	NaN	NaN	38Pro	NaN	None	NaN	NaN	NaN	NaN	NaN	NaN	NaN	NaN
39	S	Ser	measured	1.0	8.28041	116.96862	5870020.0	321708000000.0	124.41891000000001	285.84661	gaussian	peak fit	39Ser	 39SerN	None	18.0	97.0	17.0	-0.01735000000000042	-0.044649999999990087	0.01703128958710835	2.068780551414484	22.29469569917809
40	K	Lys	measured	1.0	8.16916	124.18955	12414300.0	506089000000.0	98.34281	269.0036	gaussian	peak fit	40Lys	 40LysN	None	19.0	69.0	18.0	-0.009600000000000719	-0.03173000000001025	0.010796087393127773	1.3355416106797715	3.154047501822918
41	P	Pro	unassigned	0.0	NaN	NaN	NaN	NaN	NaN	NaN	NaN	NaN	41Pro	NaN	None	NaN	NaN	NaN	NaN	NaN	NaN	NaN	NaN
42	A	Ala	measured	1.0	8.25094	124.43157	9230110.0	904807000000.0	131.88013	482.35463	gaussian	peak fit	42Ala	 42AlaN	None	20.0	130.0	19.0	-0.022209999999999397	-0.0307200000000023	0.017683391586457518	2.290605650755047	31.52703540840575
43	S	Ser	measured	1.0	8.10414	114.61746000000001	4429510.0	194094000000.0	109.02816999999999	260.80384	gaussian	peak fit	43Ser	 43SerN	None	21.0	115.0	20.0	-0.011410000000001475	-0.010629999999977713	0.008544228051730808	1.7646817444792817	0.659262052029306
44	A	Ala	measured	1.0	8.11707	125.97666000000001	9445220.0	170631000000.0	393.80803	29.76853	gaussian	peak fit	44Ala	 44AlaN	None	22.0	61.0	21.0	-0.01101000000000063	-0.012029999999981555	0.008410737958109019	2.111210950771597	20.348290863297684
45	D	Asp	measured	1.0	8.1548	121.86787	31876400.0	580279000000.0	70.61820999999999	167.28132	gaussian	peak fit	45Asp	 45AspN	None	23.0	80.0	22.0	0.012089999999998824	0.09326999999998975	0.026115791257395438	1.0539464635243083	12.423120728929385
46	G	Gly	measured	1.0	8.0393	108.85972	26646800.0	62565800000.0	46.94127	32.458890000000004	gaussian	peak fit	46Gly	 46GlyN	None	24.0	107.0	23.0	-0.011429999999998941	-0.01556000000000779	0.009462230709510952	2.1450778036273475	4.203532628778361
47	H	His	measured	1.0	8.048119999999999	119.25605	24875900.0	64294200000.0	56.5145	29.677670000000003	gaussian	peak fit	47His	 47HisN	None	25.0	89.0	24.0	-0.016690000000002314	0.025280000000009295	0.013565158974375182	1.8306178617685152	3.3279604956675675
48	R	Arg	unassigned	0.0	NaN	NaN	NaN	NaN	NaN	NaN	NaN	NaN	48Arg	NaN	None	NaN	NaN	NaN	NaN	NaN	NaN	NaN	NaN
49	G	Gly	measured	1.0	8.04765	109.97912	10438800.0	24411000000.0	49.30268	30.7795	gaussian	peak fit	49Gly	 49GlyN	None	26.0	105.0	25.0	-0.015699999999998937	-0.005369999999999209	0.011230703005599538	2.443373460134963	3.870553445856489
50	P	Pro	unassigned	0.0	NaN	NaN	NaN	NaN	NaN	NaN	NaN	NaN	50Pro	NaN	None	NaN	NaN	NaN	NaN	NaN	NaN	NaN	NaN
51	S	Ser	measured	1.0	8.29895	116.36063999999999	16061400.0	38663500000.0	56.354009999999995	27.71987	gaussian	peak fit	51Ser	 51SerN	None	27.0	98.0	26.0	-0.008169999999999789	0.011909999999986098	0.0065805635776865715	1.8768338726131173	3.11561210675606
52	A	Ala	measured	1.0	8.29163	126.27588	29993900.0	99509300000.0	62.81706	34.27277	gaussian	peak fit	52Ala	 52AlaN	None	28.0	60.0	27.0	-0.010030000000000427	-0.010739999999998417	0.007640339128599064	0.8961749450234248	2.980007366967834
53	A	Ala	measured	1.0	7.93927	122.65013	14217400.0	163136000000.0	175.99103	42.30938	gaussian	peak fit	53Ala	 53AlaN	None	29.0	127.0	28.0	-0.010890000000000732	-0.012100000000003774	0.008339349495015446	2.0711034065830014	8.044776487412777
54	F	Phe	measured	1.0	8.004610000000001	118.86201000000001	38183800.0	66987700000.0	46.778620000000004	24.33691	gaussian	peak fit	54Phe	 54PheN	None	30.0	92.0	29.0	-0.011149999999998883	-0.012999999999991019	0.008601816668586422	2.2195238205956893	3.540763253871769
55	A	Ala	measured	1.0	7.89105	127.37648	7321700.0	19985000000.0	54.12854	32.72372	gaussian	peak fit	55Ala	 55AlaN	None	31.0	57.0	30.0	-0.009660000000001112	0.020040000000008718	0.008646959696912851	2.980929736419969	1.2608514611618635
56	P	Pro	unassigned	0.0	NaN	NaN	NaN	NaN	NaN	NaN	NaN	NaN	56Pro	NaN	None	NaN	NaN	NaN	NaN	NaN	NaN	NaN	NaN
57	A	Ala	measured	1.0	8.203610000000001	124.32336000000001	13461000.0	5246840000000.0	69.72782	3627.51987	gaussian	peak fit	57Ala	 57AlaN	None	32.0	66.0	31.0	-0.011469999999999203	-0.028089999999991733	0.011000628027524535	1.182542541135543	109.8925127552089
58	A	Ala	measured	1.0	8.11322	123.66376000000001	26849400.0	113242000000.0	81.3847	33.629909999999995	gaussian	peak fit	58Ala	 58AlaN	None	33.0	70.0	32.0	-0.011390000000000455	-0.015100000000003888	0.008990369847787878	2.377568007934259	3.7573867312573617
59	A	Ala	measured	1.0	8.06045	123.43625	21354500.0	218406000000.0	169.14363	39.2389	gaussian	peak fit	59Ala	 59AlaN	None	34.0	74.0	33.0	-0.013239999999999696	-0.027289999999993597	0.011822896726266855	2.302255303504836	3.4801078421374667
60	E	Glu	measured	1.0	7.84748	119.12321000000001	14228300.0	37476000000.0	49.69934	34.39119	gaussian	peak fit	60Glu	 60GluN	None	35.0	90.0	34.0	-0.009369999999999656	-0.007689999999982433	0.0069309434422723335	2.6332514083933583	3.3387083841884415
61	P	Pro	unassigned	0.0	NaN	NaN	NaN	NaN	NaN	NaN	NaN	NaN	61Pro	NaN	None	NaN	NaN	NaN	NaN	NaN	NaN	NaN	NaN
62	K	Lys	measured	1.0	8.20076	121.64023	20313300.0	679561000000.0	93.48859	232.21271000000002	gaussian	peak fit	62Lys	 62LysN	None	36.0	122.0	35.0	-0.005979999999999208	-0.0038800000000094315	0.004351322557568031	1.8489832699204456	2.0460939522952133
63	L	Leu	measured	1.0	8.02085	123.37852	21426100.0	126705000000.0	81.61327	47.02044	gaussian	peak fit	63Leu	 63LeuN	None	37.0	129.0	36.0	-0.01751000000000147	-0.006150000000005207	0.012487899142771382	2.579152131468013	2.6753589527027026
64	F	Phe	measured	1.0	8.17075	121.1969	18754300.0	884324000000.0	129.26986000000002	236.70684	gaussian	peak fit	64Phe	 64PheN	None	38.0	81.0	37.0	0.0011899999999993582	-0.038130000000009545	0.010123281730745727	1.6681016463723772	6.207699219408098
65	G	Gly	measured	1.0	8.17734	111.19769	7934050.0	17921600000.0	51.32522	28.55926	gaussian	peak fit	65Gly	 65GlyN	None	39.0	103.0	38.0	-0.010950000000001125	0.02326999999999657	0.010681785431284247	1.9496758751861445	2.4187947325729384
66	G	Gly	measured	1.0	7.53016	107.7587	9009830.0	19705000000.0	49.89397	28.44513	gaussian	peak fit	66Gly	 66GlyN	None	40.0	111.0	39.0	-0.011219999999999786	0.007180000000005293	0.008252238484193559	2.31555046119131	3.643386343171678
67	F	Phe	measured	1.0	7.9696	119.83163	15391700.0	35458500000.0	50.2272	29.764029999999998	gaussian	peak fit	67Phe	 67PheN	None	41.0	86.0	40.0	-0.008099999999999774	-0.01163000000001091	0.006501767682716443	2.1125469231455494	3.7149430634175777
68	N	Asn	unassigned	0.0	NaN	NaN	NaN	NaN	NaN	NaN	NaN	NaN	68Asn	NaN	None	NaN	NaN	NaN	NaN	NaN	NaN	NaN	NaN
69	S	Ser	measured	1.0	8.17958	117.07637	32112200.0	123264000000.0	47.6384	52.28838	gaussian	peak fit	69Ser	 69SerN	None	42.0	96.0	41.0	-0.00694999999999979	0.022019999999997708	0.0076218684061056495	1.624659128279072	3.644405548919664
70	S	Ser	measured	1.0	8.19391	117.35641000000001	40587400.0	69969700000.0	44.16977	25.32733	gaussian	peak fit	70Ser	 70SerN	None	43.0	94.0	42.0	-0.012869999999999493	-0.007929999999973347	0.009339185885288068	1.7449216046224683	3.0445435558262988
71	D	Asp	unassigned	0.0	NaN	NaN	NaN	NaN	NaN	NaN	NaN	NaN	71Asp	NaN	None	NaN	NaN	NaN	NaN	NaN	NaN	NaN	NaN
72	T	Thr	measured	1.0	7.86667	114.37386000000001	54563700.0	56994100000.0	37.99377	17.84062	gaussian	peak fit	72Thr	 72ThrN	None	44.0	101.0	43.0	-0.009330000000000283	-0.012829999999979691	0.007419371469333919	2.476161302619398	4.046410746107589
73	V	Val	measured	1.0	7.99529	122.96758	30373600.0	73381600000.0	49.45234	31.70303	gaussian	peak fit	73Val	 73ValN	None	45.0	75.0	44.0	-0.010599999999999277	-0.01665000000001271	0.008693996491834003	2.437199598796389	4.220025418514109
74	T	Thr	measured	1.0	8.07574	118.08841000000001	32439200.0	57616000000.0	45.98291	25.06533	gaussian	peak fit	74Thr	 74ThrN	None	46.0	93.0	45.0	-0.011749999999999261	-0.024569999999997094	0.010549369317640809	2.2802434943976606	3.7904515042466267
75	S	Ser	measured	1.0	8.12529	119.71472	26335900.0	60267500000.0	52.98216	28.028609999999997	gaussian	peak fit	75Ser	 75SerN	None	47.0	87.0	46.0	-0.011260000000000048	-0.014310000000008927	0.00881635565299055	2.0440620609899023	3.477359013120694
76	P	Pro	unassigned	0.0	NaN	NaN	NaN	NaN	NaN	NaN	NaN	NaN	76Pro	NaN	None	NaN	NaN	NaN	NaN	NaN	NaN	NaN	NaN
77	Q	Gln	measured	1.0	8.253589999999999	120.44255	16377200.0	324074000000.0	113.82909	112.8098	gaussian	peak fit	77Gln	 77GlnN	None	48.0	84.0	47.0	-0.015920000000001266	0.014839999999992415	0.011922205836169932	2.2694166685142894	12.221413513646015
78	R	Arg	measured	1.0	8.16185	122.78043000000001	29198900.0	1130920000000.0	57.17759	439.57655	gaussian	peak fit	78Arg	 78ArgN	None	49.0	76.0	48.0	-0.010989999999999611	-0.0011599999999845068	0.007777161564477956	2.07043282185098	44.95019754048189
79	A	Ala	measured	1.0	8.20064	125.60065	12038800.0	75835900000.0	74.28523	55.02825	gaussian	peak fit	79Ala	 79AlaN	None	50.0	132.0	49.0	-0.013160000000000949	-0.0186300000000017	0.010530345815784823	2.239081066905724	4.122076369071885
80	G	Gly	measured	1.0	8.03956	108.54563999999999	23276900.0	128350000000.0	55.261540000000004	64.75067	gaussian	peak fit	80Gly	 80GlyN	None	51.0	108.0	50.0	-0.014780000000000015	0.004029999999985989	0.01052845145308601	2.4494548500508793	5.13157789523345
81	P	Pro	unassigned	0.0	NaN	NaN	NaN	NaN	NaN	NaN	NaN	NaN	81Pro	NaN	None	NaN	NaN	NaN	NaN	NaN	NaN	NaN	NaN
82	L	Leu	measured	1.0	8.1873	121.78388000000001	26146200.0	463033000000.0	92.54833	124.17398	gaussian	peak fit	82Leu	 82LeuN	None	52.0	124.0	51.0	0.0002500000000011937	-0.01773999999998921	0.0046968906736237215	1.7756091598076766	1.6000366288974357
83	A	Ala	measured	1.0	8.082239999999999	124.98345	8768970.0	255635000000.0	638.6482	29.62149	gaussian	peak fit	83Ala	 83AlaN	None	53.0	64.0	52.0	-0.006320000000002324	0.008450000000010505	0.00499693656153719	2.538169640272777	1.055775822905051
84	G	Gly	measured	1.0	8.15674	108.04185	13487800.0	34110800000.0	57.20765	28.687440000000002	gaussian	peak fit	84Gly	 84GlyN	None	54.0	110.0	53.0	-0.006750000000000256	0.004599999999996385	0.004989714420685657	2.4468552147016673	4.147083675268229
85	G	Gly	measured	1.0	8.006260000000001	108.42772	20559700.0	91217200000.0	69.2222	41.5921	gaussian	peak fit	85Gly	 85GlyN	None	55.0	114.0	54.0	-0.014849999999999142	-0.004400000000003956	0.010592320331258433	2.3496853707094187	3.3159400480575236
