Res#	1-letter	3-letter	Peak Status	Merit	Position F1	Position F2	Height	Volume	Line Width F1 (Hz)	Line Width F2 (Hz)	Fit Method	Vol. Method	Assign F1	Assign F2	Details	Number	#	index	Height_ratio	Vol_ratio
1	M	Met	measured	1.0	6.706340807523353	123.23735608425665	12.869355262972029	45.99671849117714	17.92609719094794	32.47072004068525	parabolic	box sum	1Met	1MetN	None	0	0	0	0.7836364794675963	0.799663003700424
2	I	Ile	measured	1.0	9.124639499563424	112.24112530684624	39.827129242653434	30.12019697129673	44.34570492476343	36.462588686704656	parabolic	box sum	2Ile	2IleN	None	1	1	1	0.7642676733983654	0.8911108011727847
3	I	Ile	measured	1.0	8.128409135579245	132.35207441102116	78.25381789795662	18.252817478446605	42.710223176405634	48.81998583718929	parabolic	box sum	3Ile	3IleN	None	2	2	2	0.8394311491131082	0.8576480132768198
4	V	Val	measured	1.0	7.1819294867485395	105.48118596093721	66.4681092644751	5.346786464511861	6.320631736270473	27.030539710657496	parabolic	box sum	4Val	4ValN	None	3	3	3	0.8118982629999648	0.6570678539683869
5	D	Asp	measured	1.0	6.510471371593508	119.72728838354786	54.786668446450385	28.23045614565083	17.938096830076535	36.54590980477702	parabolic	box sum	5Asp	5AspN	None	4	4	4	0.8123564877767397	0.9219587761471466
6	G	Gly	measured	1.0	6.738052108069191	134.15008575048506	47.53728851354256	10.891012806045618	13.558462276747171	27.217990671082024	parabolic	box sum	6Gly	6GlyN	None	5	5	5	0.8467325744775133	0.6786039765953493
7	N	Asn	measured	1.0	8.485585945322525	116.81972655166534	53.53526569125352	13.835445249067085	9.443401744410538	15.135761129420981	parabolic	box sum	7Asn	7AsnN	None	6	6	8	0.8307891980754541	0.6525510009232368
8	T	Thr	measured	1.0	7.0004387046077765	116.81410174343577	5.813930481104967	78.65544308334096	43.46932285275869	37.97505004502085	parabolic	box sum	8Thr	8ThrN	None	7	7	9	0.7507369985233234	0.8133993053426313
9	L	Leu	measured	1.0	8.382195244996794	108.98098661669113	71.15150685597905	58.57242804310477	18.624844589182324	17.876800785499057	parabolic	box sum	9Leu	9LeuN	None	8	8	10	0.8538191335857495	0.8016255321962373
10	D	Asp	measured	1.0	8.946059008658102	110.24339608082056	38.57385184206184	10.076372962252293	13.394373153891227	32.4654695588636	parabolic	box sum	10Asp	10AspN	None	9	9	11	0.5052174455828585	0.47837121407169225
11	L	Leu	measured	1.0	8.346696516671393	113.67990245916859	28.044323689528863	29.35041118471361	23.593583211442734	20.420339081830715	parabolic	box sum	11Leu	11LeuN	None	10	10	12	0.4744840742795934	0.4734331338994284
12	R	Arg	measured	1.0	9.739545788628774	127.3986170173323	36.097372453570024	37.406589563575785	20.03330031601661	29.70655005149292	parabolic	box sum	12Arg	12ArgN	None	11	11	13	0.4225429105316602	0.43327281063413353
13	S	Ser	measured	1.0	7.204228011450021	124.94209635047702	27.947447980854047	0.3956518127403758	5.630051575899844	38.90869169782128	parabolic	box sum	13Ser	13SerN	None	12	12	14	0.37804467433124866	-0.51991782589131
14	D	Asp	measured	1.0	6.76013272962522	131.10082628021186	31.070617379045625	10.153023570855193	32.367656622392914	41.02664089346313	parabolic	box sum	14Asp	14AspN	None	13	13	15	0.3304563997914086	0.2865692283596387
15	Q	Gln	measured	1.0	8.455979663312814	122.97829795857919	10.154995323291363	18.20998047294312	13.721504419777016	7.110337815339558	parabolic	box sum	15Gln	15GlnN	None	14	14	16	0.27317759244204504	0.28446970345053757
16	L	Leu	measured	1.0	7.069801871463258	121.82415285601792	8.973548761462895	31.87528995740901	11.570810155830234	6.01644478912616	parabolic	box sum	16Leu	16LeuN	None	15	15	19	0.34973051628072566	0.36862968519198863
17	M	Met	measured	1.0	9.790940908283698	105.8868114842923	26.98367783815811	28.106589132820893	40.09175922297745	48.10135885485941	parabolic	box sum	17Met	17MetN	None	16	16	20	0.4170202746133863	0.4455827934026892
18	V	Val	measured	1.0	8.591771318976418	115.76687087582148	19.027249585050328	25.9926321813976	9.866699074706377	26.05332759278877	parabolic	box sum	18Val	18ValN	None	17	17	21	0.4902887750320478	0.5050172201301752
19	G	Gly	measured	1.0	9.437720364111957	128.97466430320299	48.54422196848775	14.796200242450794	21.1544410169444	49.12352916342747	parabolic	box sum	19Gly	19GlyN	None	18	18	22	0.545284560058041	0.524444823333984
20	W	Trp	measured	1.0	7.5704356541600974	120.1608007702272	61.10917274063478	71.43076348677458	22.1540347957018	40.30068791364232	parabolic	box sum	20Trp	20TrpN	None	19	19	24	0.8465792351839985	0.7989277166805685
21	V	Val	measured	1.0	9.64278656017856	131.16670572665322	82.75967359900439	19.50182402555036	30.52598124971236	11.301465811941226	parabolic	box sum	21Val	21ValN	None	20	20	25	0.8564783717464142	0.8644204971920193
22	F	Phe	measured	1.0	6.8806608175968345	117.93615244037157	77.69280978244808	58.04482548633096	32.249524392109464	26.965925535081922	parabolic	box sum	22Phe	22PheN	None	21	21	26	0.8179269903581906	0.8339082122334254
23	H	His	measured	1.0	8.495018308715013	127.5257210438611	36.66570428386171	45.009835555089204	44.15128546530448	26.22463175451784	parabolic	box sum	23His	23HisN	None	22	22	27	0.8181075212029651	0.8806709657337787
24	H	His	measured	1.0	8.012647464831238	126.06236240793535	26.8750508264063	9.151994382295854	18.752944711943275	38.28514568100172	parabolic	box sum	24His	24HisN	None	23	23	28	0.7490390849004546	0.6240905103600443
25	N	Asn	measured	1.0	8.227089829303784	107.92488339439207	26.4028160592303	63.381180207158955	26.511710935670504	46.92073318047854	parabolic	box sum	25Asn	25AsnN	None	24	24	29	0.8844244542462887	0.8148114481279346
26	K	Lys	measured	1.0	7.8904187551357134	112.4135692490202	60.04517040997772	36.86364714579806	30.000537496196717	16.722521348088335	parabolic	box sum	26Lys	26LysN	None	25	25	32	0.7814002648926015	0.8420521820550702
27	C	Cys	measured	1.0	6.4354319669210085	119.69348986468016	54.18957098870614	57.23908027338743	18.389860430540946	25.71818045526609	parabolic	box sum	27Cys	27CysN	None	26	26	33	0.8213073857599044	0.8123588117625018
28	C	Cys	measured	1.0	9.942575879210477	120.99757027414115	23.90340307305391	56.762328011265076	43.036068918979346	27.92307065929338	parabolic	box sum	28Cys	28CysN	None	27	27	34	0.7823786741239818	0.8076281860683263
29	I	Ile	measured	1.0	8.83121844693382	107.7664421605582	75.7126873509084	48.82065802312731	47.5782443264655	25.71491131753357	parabolic	box sum	29Ile	29IleN	None	28	28	35	0.8341545247706105	0.8194964045463682
30	E	Glu	measured	1.0	7.657504508711022	129.585069302169	36.81529965165449	5.7966917469293735	42.82331593446908	37.94001419083909	parabolic	box sum	30Glu	30GluN	None	29	29	36	0.40136321161872046	0.4281061391600639
31	A	Ala	measured	1.0	8.362486009619138	116.56483010458216	25.79292793617093	33.235633314634306	19.54129654168106	25.06858304912047	parabolic	box sum	31Ala	31AlaN	None	30	30	37	0.3723976109070121	0.37081825639477484
32	Q	Gln	measured	1.0	9.072131615870036	134.30981811868378	16.284820676312357	24.038115312418213	29.68276495615708	25.645952436027578	parabolic	box sum	32Gln	32GlnN	None	31	31	39	0.2824342832180141	0.28102947576832604
33	E	Glu	measured	1.0	8.239997883953343	130.39313032502744	18.019723339988307	1.8201156274958896	26.59620824603184	35.06384537826258	parabolic	box sum	33Glu	33GluN	None	32	32	41	0.19953928848260233	0.18384071018534257
34	Q	Gln	measured	1.0	6.528256260306039	107.33409605133545	1.5035481580200962	3.23745641825978	45.88268099779254	20.541922175480074	parabolic	box sum	34Gln	34GlnN	None	33	33	42	0.15835070337809273	0.12334484627997674
35	C	Cys	measured	1.0	7.590977561057775	115.71489021217934	5.336478162178036	0.08928354983856288	5.8194403455863775	23.642237796015216	parabolic	box sum	35Cys	35CysN	None	34	34	45	0.06590578544889039	0.02898125690440762
36	K	Lys	measured	1.0	6.8226317778146095	123.19152025284392	4.723110045830102	1.3799619202988087	7.4372448111821114	49.422694263921315	parabolic	box sum	36Lys	36LysN	None	35	35	46	0.05565423860181495	0.06027852452985008
37	H	His	measured	1.0	10.042120162271512	133.96971249895444	4.773158038124084	2.44566070819254	19.3390413324138	49.212970205403366	parabolic	box sum	37His	37HisN	None	36	36	47	0.060452255143219814	0.05873227623978328
38	E	Glu	measured	1.0	7.462721538827402	107.76900725987608	4.440341217235325	2.0966393745597802	25.967385578601146	45.32576761130186	parabolic	box sum	38Glu	38GluN	None	37	37	48	0.07696046510031457	0.07463964357123372
39	C	Cys	measured	1.0	8.389638606085843	111.95959292700556	5.598331294542168	2.470337040777851	38.33017639929036	47.45379862154256	parabolic	box sum	39Cys	39CysN	None	38	38	49	0.10688362949281194	0.1028734891544683
40	Q	Gln	measured	1.0	6.062840402800548	122.5161989918411	6.377691086270257	24.604838992725163	43.050287303911134	7.354367633412077	parabolic	box sum	40Gln	40GlnN	None	39	39	52	0.2521923910475982	0.24750881392983629
41	S	Ser	measured	1.0	6.757367591952196	126.16627135987223	24.53288272179388	22.74271486564993	26.946544855752748	36.53126890703675	parabolic	box sum	41Ser	41SerN	None	40	40	53	0.2929246633206799	0.29164156405471775
42	C	Cys	measured	1.0	10.014565717894673	120.81243715886187	12.798097211858618	4.671240185261829	14.574654131253304	48.467388035025465	parabolic	box sum	42Cys	42CysN	None	41	41	54	0.31185756789159813	0.3561062118426114
43	R	Arg	measured	1.0	6.693098074481402	107.96404009287042	24.7229234184386	2.5938212346247367	38.21945587756476	46.72740822127369	parabolic	box sum	43Arg	43ArgN	None	42	42	55	0.36764229033010437	0.28480063764662816
44	K	Lys	measured	1.0	8.23026850534363	116.30992285501092	8.29711949308747	10.94010320513345	37.678360304642936	29.56792089999805	parabolic	box sum	44Lys	44LysN	None	43	43	56	0.4908775094835329	0.4547434417133818
45	A	Ala	measured	1.0	8.025384151364719	123.62580314282258	48.30668912141465	11.2601371628136	23.89831887258201	27.864257368906568	parabolic	box sum	45Ala	45AlaN	None	44	44	57	0.7689026897262531	0.8316921398302597
46	W	Trp	measured	1.0	7.1051549336920585	134.3599217693292	65.94183664234322	40.01281087531842	33.803961669367496	10.80731609735745	parabolic	box sum	46Trp	46TrpN	None	45	45	58	0.8086153409957042	0.8350574787317876
47	F	Phe	measured	1.0	7.0156195342558165	113.17115663637978	4.820602491569159	69.34133529115995	49.48478865795619	11.40219791529532	parabolic	box sum	47Phe	47PheN	None	46	46	60	0.9464757690372494	0.8419026579171329
48	L	Leu	measured	1.0	6.870488533985461	116.28916989275244	63.09976708798236	33.44298796815935	48.44059701187608	32.02252218249253	parabolic	box sum	48Leu	48LeuN	None	47	47	61	0.8374430627981713	0.8004260435124941
49	Q	Gln	measured	1.0	7.584348450962784	125.0444457173642	64.64361870957289	37.682408554645036	7.63371952924623	28.896946553729034	parabolic	box sum	49Gln	49GlnN	None	48	48	63	0.7782262566266615	0.7957018089201765
50	H	His	measured	1.0	6.268745579854658	130.81961063936666	72.51035702750869	14.397983890926369	21.94712761501466	37.67313866935699	parabolic	box sum	50His	50HisN	None	49	49	65	0.821064959290199	0.8540380661954219
51	R	Arg	measured	1.0	9.6016357151211	126.43850872439293	54.76199847201722	73.26495546724517	38.709483710469506	6.015191745120852	parabolic	box sum	51Arg	51ArgN	None	50	50	66	0.7395730408300459	0.7654551737743558
52	L	Leu	measured	1.0	6.715423421735932	113.28345313095795	2.568846316727688	22.3925163427525	47.7489499523311	6.7602151219264375	parabolic	box sum	52Leu	52LeuN	None	51	51	67	0.3231599029674785	0.8195969213245682
53	F	Phe	measured	1.0	7.91122984206945	116.04976422181782	4.8509480405261085	70.98238574678601	16.31045176189627	26.62091957678367	parabolic	box sum	53Phe	53PheN	None	52	52	68	1.26345247757538	0.810167133220262
54	F	Phe	measured	1.0	8.914438925021479	110.77102359645077	59.162497781794464	23.35804186360364	42.59349277233183	27.529481753088128	parabolic	box sum	54Phe	54PheN	None	53	53	69	0.7850804953355643	0.7180500684323541
55	R	Arg	measured	1.0	9.782349405951123	116.0086190504672	51.256306814925836	40.3685328205479	20.06468805645895	44.44959183633961	parabolic	box sum	55Arg	55ArgN	None	54	54	70	0.7619317424581922	0.7174529824652227
56	E	Glu	measured	1.0	8.718252085980309	122.845853615737	81.0542718927573	49.28821960496381	17.07703901908303	42.18684528916882	parabolic	box sum	56Glu	56GluN	None	55	55	71	0.8076353359513783	0.8523799229648448
57	I	Ile	measured	1.0	7.595206004333508	119.42609961321598	70.4684509847748	56.00903238592511	41.72406298962142	25.464620835515948	parabolic	box sum	57Ile	57IleN	None	56	56	72	0.822899974640929	0.814591279120826
58	V	Val	measured	1.0	8.605685834853402	126.70828036796352	32.776452659200274	31.152545309269357	6.817339049946972	36.44596185726802	parabolic	box sum	58Val	58ValN	None	57	57	73	0.8548938744827554	0.8583913444463406
59	I	Ile	measured	1.0	9.081587705524012	127.86766178904602	36.0674101971957	43.74743673338384	34.91738483086899	25.767054997122088	parabolic	box sum	59Ile	59IleN	None	58	58	74	0.8663883210995145	0.7754107261512792
60	G	Gly	measured	1.0	8.565891141093688	109.74328251511068	14.024361215998065	9.441850553511504	47.66857137010865	5.7450547696164795	parabolic	box sum	60Gly	60GlyN	None	59	59	75	1.1158797761416777	0.9006888315579261
61	F	Phe	measured	1.0	6.267429109582733	131.86742786964683	10.37216235931226	72.1989105160567	22.215341966429587	11.251615311150555	parabolic	box sum	61Phe	61PheN	None	60	60	76	0.6266305405653813	0.7969532745248467
62	S	Ser	measured	1.0	7.389297006090062	130.43014988211408	58.476711229308975	66.58274156112739	40.16850574281639	44.656950158382756	parabolic	box sum	62Ser	62SerN	None	61	61	77	0.8206847461905027	0.7697646561427961
63	N	Asn	measured	1.0	9.610271883162435	129.34574674472896	2.255446364635465	29.14069782879405	25.386394364796843	46.06615691856342	parabolic	box sum	63Asn	63AsnN	None	62	62	80	1.0389779476402663	0.7719002869858468
64	T	Thr	measured	1.0	9.444370162183077	109.38441974765837	7.812479959161088	50.215470014023005	34.62890651090196	48.44943959244779	parabolic	box sum	64Thr	64ThrN	None	63	63	81	0.6652500247814278	0.8176550730321176
65	S	Ser	measured	1.0	6.061425752871728	126.06513351985828	24.46845824822964	24.45904299464177	49.501953058037316	36.47528728481654	parabolic	box sum	65Ser	65SerN	None	64	64	82	0.8330752481012104	0.7558369484470935
66	M	Met	measured	1.0	6.306444350783711	121.94173448137556	44.4393877939191	72.72447777798402	7.568997765002702	36.22538169935978	parabolic	box sum	66Met	66MetN	None	65	65	83	0.7914404394979657	0.8193792761876578
67	N	Asn	measured	1.0	9.964330861531948	114.72558238559431	19.504353875585874	71.05714256965994	41.78586577802547	35.27574493703432	parabolic	box sum	67Asn	67AsnN	None	66	66	85	0.749746805838421	0.792453552387109
68	Y	Tyr	measured	1.0	6.409282907178762	124.58809972095136	14.67619144889336	32.57528990992353	20.76485174432292	7.785978563556084	parabolic	box sum	68Tyr	68TyrN	None	67	67	87	0.7717197673696892	0.7748903010894421
69	I	Ile	measured	1.0	8.730407022250139	116.9957922844255	16.414954627136144	74.03486741891341	23.489000153187927	5.503794700073633	parabolic	box sum	69Ile	69IleN	None	68	68	88	0.7288508244036711	0.730178327210395
70	R	Arg	measured	1.0	8.79466202685923	114.35813935495449	5.726091674836859	71.73036075132043	7.922182076840262	28.54823824030767	parabolic	box sum	70Arg	70ArgN	None	69	69	89	0.8840723901135931	0.7351982806515759
71	S	Ser	measured	1.0	6.6045425281544565	116.94912051792595	2.9172379995819413	28.09403163853724	9.308514514134316	23.185885422018448	parabolic	box sum	71Ser	71SerN	None	70	70	90	1.1834816357640539	0.8323784800814237
72	Q	Gln	measured	1.0	8.862546853073932	108.61438863597341	3.2314605552841904	28.260361938223067	27.537315700279045	27.489343938918942	parabolic	box sum	72Gln	72GlnN	None	71	71	92	0.5779761820770776	0.8425678573587952
73	A	Ala	measured	1.0	7.9811892878578385	125.23125381197428	22.082774793744587	74.69392207549866	26.90115247106729	42.37563010797157	parabolic	box sum	73Ala	73AlaN	None	72	72	94	0.8156763613432426	0.87336058220352
74	M	Met	measured	1.0	9.835720111237588	115.27183945085804	34.285152864806086	58.56963634659297	14.524315678508431	15.643934372130945	parabolic	box sum	74Met	74MetN	None	73	73	95	0.7938781140199535	0.7209890660559333
75	W	Trp	measured	1.0	6.143834446559709	119.52809164564621	19.58067870505631	30.81538167245288	12.762710987670465	47.71027393099997	parabolic	box sum	75Trp	75TrpN	None	74	74	96	0.8284237581054402	0.824444972423347
76	A	Ala	measured	1.0	9.747570342904533	105.62006043800592	82.01894518810691	39.91894018446507	16.081110331342018	43.37008168348303	parabolic	box sum	76Ala	76AlaN	None	75	75	98	0.8260780356630408	0.8359013154210887
77	Q	Gln	measured	1.0	8.149295536953241	113.16326552808364	70.10680306660015	16.101938822570762	43.73488466446656	48.29494986571614	parabolic	box sum	77Gln	77GlnN	None	76	76	101	0.7901131253262534	0.9337414428149551
78	A	Ala	measured	1.0	6.031423551345817	131.43868153689795	41.83940175733385	36.25230202210886	14.029205606529352	25.076060168404727	parabolic	box sum	78Ala	78AlaN	None	77	77	102	0.8633634682949638	0.8769571202685338
79	R	Arg	measured	1.0	9.249246158798938	119.30996341231052	40.897666554541935	36.6368827130368	18.9160022958513	5.4454164963719665	parabolic	box sum	79Arg	79ArgN	None	78	78	103	0.7380118247502866	0.8017666329230595
80	L	Leu	measured	1.0	6.0343535544071845	119.79914972273413	0.9646391640622618	1.1704368035044246	41.165508700545345	24.061243022044906	parabolic	box sum	80Leu	80LeuN	None	79	79	104	0.2672480575404323	0.22708204125918455
81	E	Glu	measured	1.0	7.0243583030810575	124.14885803803752	5.4621559849488035	17.733625172059458	34.31855235888175	7.052412167725768	parabolic	box sum	81Glu	81GluN	None	80	80	105	0.18761162962019906	0.1764121821352909
82	K	Lys	measured	1.0	6.367248982980351	123.92841109179243	4.78981836554484	2.2069325671866395	13.941873052731774	45.46955941339137	parabolic	box sum	82Lys	82LysN	None	81	81	106	0.053956697191957524	0.049559154094748
83	L	Leu	measured	1.0	9.365306436567996	123.97497963670956	0.05001028140880962	0.057698811639274324	24.9667491548496	34.36019889648995	parabolic	box sum	83Leu	83LeuN	None	82	82	107	0.0006900768737404849	0.0006835933487639821
84	F	Phe	measured	1.0	6.920090916429751	110.46265244230084	7.410527265737286e-26	2.3621947273025488e-26	42.23284051080043	27.309637474159636	parabolic	box sum	84Phe	84PheN	None	83	83	108	1.0144402361878511e-27	9.842486533769263e-28
85	V	Val	measured	1.0	7.255666683491353	127.42985717348513	8.498580403676261e-26	7.762055113697797e-26	38.8054458858326	26.832315960055475	parabolic	box sum	85Val	85ValN	None	84	84	109	1.0190047882319962e-27	1.0292046056722955e-27
86	C	Cys	measured	1.0	9.084980351675213	133.09084469717172	0.056952579283620235	0.061497038402988126	22.018519372455067	47.2644988074428	parabolic	box sum	86Cys	86CysN	None	85	85	110	0.000681348753976624	0.0007017875313256847
87	H	His	measured	1.0	7.189336834292465	107.23961135485595	4.5370868639858815	1.1452874198591942	29.12778936759252	7.694464664345241	parabolic	box sum	87His	87HisN	None	86	86	111	0.05404324293036774	0.06087011881914749
88	M	Met	measured	1.0	9.229880518969868	133.54429356738416	6.718871982098517	15.72344230907613	34.42544946820516	22.849788862605077	parabolic	box sum	88Met	88MetN	None	87	87	112	0.1649540972077176	0.18037760741321
89	Y	Tyr	measured	1.0	10.001170055557367	110.81954790617064	7.93997287838074	4.6712162535526	37.82778302237753	30.293336324088273	parabolic	box sum	89Tyr	89TyrN	None	88	88	113	0.2729061323609702	0.31657168011794623
90	D	Asp	measured	1.0	8.700671513608903	134.80988076268295	9.88119891284698	3.7676152897622233	44.1762137260191	37.528582413064726	parabolic	box sum	90Asp	90AspN	None	89	89	114	0.62707876398859	0.7059430813607945
91	L	Leu	measured	1.0	8.585639948606538	110.77453459167582	42.54737938158776	17.052147736133236	18.428745781072077	34.803815976803826	parabolic	box sum	91Leu	91LeuN	None	90	90	115	0.8689875754780215	0.7786699386045293
92	W	Trp	measured	1.0	7.0356033665273525	123.15165653944705	26.800358264419607	54.66264303893481	11.615677692094978	43.89868972032949	parabolic	box sum	92Trp	92TrpN	None	91	91	117	0.78444139639608	0.7187592740608953
93	R	Arg	measured	1.0	7.689032822040557	128.93358417558557	5.219318666519099	64.27189624370752	26.045267398887496	48.606208713638814	parabolic	box sum	93Arg	93ArgN	None	92	92	118	1.5497921336732223	0.8604894751668133
94	D	Asp	measured	1.0	6.754584973774962	126.38229420666977	75.46020326815055	5.851801444600659	33.24354307201324	41.33592756379513	parabolic	box sum	94Asp	94AspN	None	93	93	119	0.7643646186623605	0.7964875440410494
95	D	Asp	measured	1.0	6.1431136752203885	128.81376278632922	13.466499248392253	73.84762134711775	15.099545194402973	18.185690266998066	parabolic	box sum	95Asp	95AspN	None	94	94	120	0.7774541666225053	0.7730987763138021
96	C	Cys	measured	1.0	8.732741238338669	131.56141622389228	8.825318860773832	65.85230484074816	35.373846730905264	11.657785719179802	parabolic	box sum	96Cys	96CysN	None	95	95	121	1.2262992333206901	0.8074075832964915
97	R	Arg	measured	1.0	9.149011272202412	109.85613435899671	55.34449328227909	46.57422654480136	27.04904047537385	39.646119929691096	parabolic	box sum	97Arg	97ArgN	None	96	96	122	0.8249081342144852	0.9058684284497746
98	Y	Tyr	measured	1.0	6.9175895737113615	105.13506383515328	14.326923282156482	60.85190805159213	25.584972886635448	6.556202023952742	parabolic	box sum	98Tyr	98TyrN	None	97	97	123	0.833183846096482	0.8404681958551905
99	S	Ser	measured	1.0	6.123315351483206	130.9794285617225	68.79874276676972	65.60588225487592	32.322713033140225	31.80761477488024	parabolic	box sum	99Ser	99SerN	None	98	98	124	0.8566060548491913	0.8257939700973254
100	D	Asp	measured	1.0	7.696583587857673	110.43924067899357	44.07042679000502	36.08288484059087	31.425801010968065	37.4416596792565	parabolic	box sum	100Asp	100AspN	None	99	99	125	0.7597199269744623	0.6970215029505907
