Res#	1-letter	3-letter	Peak Status	Merit	Position F1	Position F2	Height	Volume	Line Width F1 (Hz)	Line Width F2 (Hz)	Fit Method	Vol. Method	Assign F1	Assign F2	Details	Number	#	index
1	M	Met	unassigned	0.0000	NaN	NaN	NaN	NaN	NaN	NaN	NaN	NaN	1Met	NaN	None	NaN	NaN	NaN
2	A	Ala	measured	1.0000	8.3164	123.8307	5351240.0000	562893000.0000	26.1423	24.3692	parabolic	peak fit	2Ala	 2AlaN	8	1.0000	20.0000	0.0000
3	L	Leu	measured	1.0000	8.1050	117.2099	23496200.0000	1930360000.0000	23.9883	14.1044	parabolic	peak fit	3Leu	 3LeuN	None	2.0000	116.0000	1.0000
4	K	Lys	measured	1.0000	7.9354	117.4995	17739000.0000	1001520000.0000	31.5688	15.7507	lorentzian	peak fit	4Lys	 4LysN	8	3.0000	113.0000	2.0000
5	R	Arg	measured	1.0000	7.7794	121.1756	4396560.0000	393746000.0000	45.5264	18.4053	parabolic	peak fit	5Arg	 5ArgN	10	4.0000	45.0000	3.0000
6	I	Ile	measured	1.0000	8.7012	122.2384	5505100.0000	953988000.0000	32.9399	25.6778	parabolic	peak fit	6Ile	 6IleN	10	5.0000	29.0000	4.0000
7	Q	Gln	measured	1.0000	8.5337	117.4536	19917300.0000	1678510000.0000	23.8773	13.8524	parabolic	peak fit	7Gln	 7GlnN	9	6.0000	80.0000	5.0000
8	K	Lys	unassigned	0.0000	NaN	NaN	NaN	NaN	NaN	NaN	NaN	NaN	8Lys	NaN	None	NaN	NaN	NaN
9	E	Glu	measured	1.0000	8.6360	119.4755	13176700.0000	1424990000.0000	26.6715	15.5816	parabolic	peak fit	9Glu	 9GluN	8	7.0000	63.0000	6.0000
10	L	Leu	measured	1.0000	8.8014	120.3909	20629100.0000	1581620000.0000	22.9341	13.3465	parabolic	peak fit	10Leu	 10LeuN	8	8.0000	52.0000	7.0000
11	S	Ser	measured	1.0000	8.2255	114.5949	9606580.0000	1247090000.0000	79.3839	13.4127	parabolic	peak fit	11Ser	 11SerN	9	9.0000	94.0000	8.0000
12	D	Asp	measured	1.0000	8.4970	122.2481	17209800.0000	2157340000.0000	51.9998	16.8707	parabolic	peak fit	12Asp	 12AspN	7	10.0000	28.0000	9.0000
13	L	Leu	measured	1.0000	8.2163	122.1392	12342200.0000	1546650000.0000	64.5568	16.0495	parabolic	peak fit	13Leu	 13LeuN	8	11.0000	34.0000	10.0000
14	Q	Gln	measured	1.0000	8.0350	115.0849	23780100.0000	1953270000.0000	22.4550	14.5518	parabolic	peak fit	14Gln	 14GlnN	10	12.0000	91.0000	11.0000
15	R	Arg	measured	1.0000	7.6932	118.1706	14333900.0000	1344360000.0000	33.1923	24.0012	parabolic	peak fit	15Arg	 15ArgN	8	13.0000	74.0000	12.0000
16	D	Asp	measured	1.0000	7.7244	116.9896	14563100.0000	2143310000.0000	29.6137	12.6823	parabolic	peak fit	16Asp	 16AspN	8	14.0000	81.0000	13.0000
17	P	Pro	unassigned	0.0000	NaN	NaN	NaN	NaN	NaN	NaN	NaN	NaN	17Pro	NaN	None	NaN	NaN	NaN
18	P	Pro	unassigned	0.0000	NaN	NaN	NaN	NaN	NaN	NaN	NaN	NaN	18Pro	NaN	None	NaN	NaN	NaN
19	A	Ala	unassigned	0.0000	NaN	NaN	NaN	NaN	NaN	NaN	NaN	NaN	19Ala	NaN	None	NaN	NaN	NaN
20	H	His	measured	1.0000	7.9559	121.7337	9696100.0000	791762000.0000	27.7185	42.2168	parabolic	peak fit	20His	 20HisN	10	15.0000	106.0000	14.0000
21	C	Cys	measured	1.0000	8.4160	114.6926	11177900.0000	95700000.0000	27.6006	14.7161	parabolic	box sum	21Cys	 21CysN	None	16.0000	117.0000	15.0000
22	S	Ser	measured	1.0000	8.1911	111.4408	8358070.0000	598091000.0000	25.2007	19.1851	gaussian	peak fit	22Ser	 22SerN	10	17.0000	101.0000	16.0000
23	A	Ala	measured	1.0000	8.2726	121.7632	25413900.0000	2195770000.0000	19.8059	15.8393	parabolic	peak fit	23Ala	 23AlaN	8	18.0000	38.0000	17.0000
24	G	Gly	measured	1.0000	8.0441	103.9714	18540700.0000	1550410000.0000	24.9739	13.7153	parabolic	peak fit	24Gly	 24GlyN	10	19.0000	111.0000	18.0000
25	P	Pro	unassigned	0.0000	NaN	NaN	NaN	NaN	NaN	NaN	NaN	NaN	25Pro	NaN	None	NaN	NaN	NaN
26	V	Val	measured	1.0000	8.5230	123.0174	13850300.0000	2157340000.0000	27.0900	15.7881	parabolic	peak fit	26Val	 26ValN	7	20.0000	30.0000	19.0000
27	G	Gly	measured	1.0000	8.7694	115.2531	6954470.0000	587713000.0000	22.7644	16.3123	parabolic	peak fit	27Gly	 27GlyN	9	21.0000	90.0000	20.0000
28	D	Asp	measured	1.0000	8.5635	123.0414	13850300.0000	1399370000.0000	27.0900	15.7881	parabolic	peak fit	28Asp	 28AspN	9	22.0000	26.0000	21.0000
29	D	Asp	measured	1.0000	7.9794	119.7579	14427000.0000	1860860000.0000	28.7165	31.9198	parabolic	peak fit	29Asp	 29AspN	7	23.0000	1.0000	22.0000
30	L	Leu	measured	1.0000	8.7001	125.8186	8875670.0000	1323300000.0000	27.6588	18.7488	parabolic	peak fit	30Leu	 30LeuN	9	24.0000	12.0000	23.0000
31	F	Phe	measured	1.0000	8.4182	112.1016	9990520.0000	936382000.0000	23.4711	14.9084	parabolic	peak fit	31Phe	 31PheN	10	25.0000	104.0000	24.0000
32	H	His	measured	1.0000	8.0314	119.7564	4937980.0000	325358000.0000	76.4972	37.1084	parabolic	peak fit	32His	 32HisN	7	26.0000	115.0000	25.0000
33	W	Trp	measured	1.0000	9.7241	123.9116	6912180.0000	723790000.0000	26.2668	17.2974	parabolic	peak fit	33Trp	 33TrpN	10	27.0000	19.0000	26.0000
34	Q	Gln	measured	1.0000	8.7261	119.4293	8849000.0000	934598000.0000	33.8272	16.7942	parabolic	peak fit	34Gln	 34GlnN	8	28.0000	64.0000	27.0000
35	A	Ala	measured	1.0000	8.9458	126.2202	11379500.0000	1749360000.0000	27.3669	16.7362	gaussian	peak fit	35Ala	 35AlaN	10	29.0000	18.0000	28.0000
36	T	Thr	measured	1.0000	8.8954	113.7194	13059300.0000	1176020000.0000	24.4984	14.4167	parabolic	peak fit	36Thr	 36ThrN	10	30.0000	100.0000	29.0000
37	I	Ile	unassigned	0.0000	NaN	NaN	NaN	NaN	NaN	NaN	NaN	NaN	37Ile	NaN	None	NaN	NaN	NaN
38	M	Met	unassigned	0.0000	NaN	NaN	NaN	NaN	NaN	NaN	NaN	NaN	38Met	NaN	None	NaN	NaN	NaN
39	G	Gly	measured	1.0000	8.9885	109.0528	10037200.0000	1153630000.0000	26.1898	15.6967	parabolic	peak fit	39Gly	 39GlyN	10	31.0000	109.0000	30.0000
40	P	Pro	unassigned	0.0000	NaN	NaN	NaN	NaN	NaN	NaN	NaN	NaN	40Pro	NaN	None	NaN	NaN	NaN
41	P	Pro	unassigned	0.0000	NaN	NaN	NaN	NaN	NaN	NaN	NaN	NaN	41Pro	NaN	None	NaN	NaN	NaN
42	D	Asp	measured	1.0000	8.7067	116.0797	16137200.0000	1497840000.0000	23.4966	13.2534	parabolic	peak fit	42Asp	 42AspN	9	32.0000	84.0000	31.0000
43	S	Ser	measured	1.0000	7.9165	114.3014	25542100.0000	2201500000.0000	21.7325	13.0350	parabolic	peak fit	43Ser	 43SerN	10	33.0000	96.0000	32.0000
44	A	Ala	measured	1.0000	9.2270	123.6286	4167040.0000	672215000.0000	33.7248	17.0521	parabolic	peak fit	44Ala	 44AlaN	10	34.0000	22.0000	33.0000
45	Y	Tyr	measured	1.0000	7.4688	114.6077	11835200.0000	1153950000.0000	26.7221	14.7761	parabolic	peak fit	45Tyr	 45TyrN	10	35.0000	93.0000	34.0000
46	Q	Gln	measured	1.0000	7.1871	121.2493	23007500.0000	1489880000.0000	18.6366	13.2261	parabolic	peak fit	46Gln	 46GlnN	10	36.0000	44.0000	35.0000
47	G	Gly	measured	1.0000	9.2040	115.8393	12258700.0000	1003000000.0000	24.7879	13.4855	parabolic	peak fit	47Gly	 47GlyN	10	37.0000	86.0000	36.0000
48	G	Gly	measured	1.0000	8.3789	106.5490	21149500.0000	1664150000.0000	21.5436	12.7522	parabolic	peak fit	48Gly	 48GlyN	10	38.0000	110.0000	37.0000
49	V	Val	measured	1.0000	8.7974	125.5164	16889400.0000	1534310000.0000	25.8878	13.2316	parabolic	peak fit	49Val	 49ValN	9	39.0000	13.0000	38.0000
50	F	Phe	measured	1.0000	8.7735	124.0850	14398900.0000	1675400000.0000	25.5215	13.1484	gaussian	peak fit	50Phe	 50PheN	9	40.0000	16.0000	39.0000
51	F	Phe	measured	1.0000	9.2713	121.1422	8794260.0000	854575000.0000	29.9835	13.1436	parabolic	peak fit	51Phe	 51PheN	9	41.0000	46.0000	40.0000
52	L	Leu	measured	1.0000	9.2108	120.8058	12933000.0000	1869510000.0000	29.4851	14.3028	parabolic	peak fit	52Leu	 52LeuN	9	42.0000	48.0000	41.0000
53	T	Thr	measured	1.0000	9.1590	113.9507	12509600.0000	1666110000.0000	27.3926	17.3836	parabolic	peak fit	53Thr	 53ThrN	10	43.0000	98.0000	42.0000
54	V	Val	measured	1.0000	8.2742	122.1663	11478900.0000	2396540000.0000	66.1797	45.6613	parabolic	peak fit	54Val	 54ValN	8	44.0000	33.0000	43.0000
55	H	His	measured	1.0000	8.9091	125.9189	10618300.0000	1603980000.0000	37.0788	15.7628	gaussian	peak fit	55His	 55HisN	8	45.0000	10.0000	44.0000
56	F	Phe	measured	1.0000	8.9903	126.3930	6417580.0000	730277000.0000	52.6734	23.7216	parabolic	peak fit	56Phe	 56PheN	9	46.0000	9.0000	45.0000
57	P	Pro	unassigned	0.0000	NaN	NaN	NaN	NaN	NaN	NaN	NaN	NaN	57Pro	NaN	None	NaN	NaN	NaN
58	T	Thr	measured	1.0000	8.4711	110.6824	10651500.0000	941050000.0000	23.9624	15.2157	parabolic	peak fit	58Thr	 58ThrN	10	47.0000	107.0000	46.0000
59	D	Asp	measured	1.0000	8.4043	114.6993	12220200.0000	1515660000.0000	25.7399	13.9591	parabolic	peak fit	59Asp	 59AspN	8	48.0000	92.0000	47.0000
60	Y	Tyr	measured	1.0000	7.5616	123.3526	17945300.0000	1592170000.0000	44.5771	15.0549	parabolic	peak fit	60Tyr	 60TyrN	9	49.0000	23.0000	48.0000
61	P	Pro	unassigned	0.0000	NaN	NaN	NaN	NaN	NaN	NaN	NaN	NaN	61Pro	NaN	None	NaN	NaN	NaN
62	F	Phe	measured	1.0000	8.9904	124.6556	10609000.0000	1562090000.0000	32.1963	17.2467	parabolic	peak fit	62Phe	 62PheN	5	50.0000	11.0000	49.0000
63	K	Lys	measured	1.0000	7.0495	118.8257	23453800.0000	2105570000.0000	22.8463	13.6296	parabolic	peak fit	63Lys	 63LysN	9	51.0000	70.0000	50.0000
64	P	Pro	unassigned	0.0000	NaN	NaN	NaN	NaN	NaN	NaN	NaN	NaN	64Pro	NaN	None	NaN	NaN	NaN
65	P	Pro	unassigned	0.0000	NaN	NaN	NaN	NaN	NaN	NaN	NaN	NaN	65Pro	NaN	None	NaN	NaN	NaN
66	K	Lys	measured	1.0000	8.3265	120.7934	11851400.0000	1670230000.0000	30.6079	17.6422	parabolic	peak fit	66Lys	 66LysN	7	52.0000	49.0000	51.0000
67	I	Ile	measured	1.0000	8.7215	128.1589	11168700.0000	1396650000.0000	30.8287	15.6848	parabolic	peak fit	67Ile	 67IleN	10	53.0000	5.0000	52.0000
68	A	Ala	measured	1.0000	8.2369	127.6961	20748100.0000	2103620000.0000	26.5362	13.4683	parabolic	peak fit	68Ala	 68AlaN	10	54.0000	7.0000	53.0000
69	F	Phe	measured	1.0000	9.7710	122.2330	11034700.0000	1002200000.0000	23.9689	16.1262	parabolic	peak fit	69Phe	 69PheN	10	55.0000	31.0000	54.0000
70	T	Thr	measured	1.0000	9.5957	116.9561	9378140.0000	1081530000.0000	27.2109	15.3689	parabolic	peak fit	70Thr	 70ThrN	10	56.0000	82.0000	55.0000
71	T	Thr	measured	1.0000	7.5636	121.9072	23982100.0000	2135460000.0000	24.0279	29.6200	parabolic	peak fit	71Thr	 71ThrN	9	57.0000	36.0000	56.0000
72	K	Lys	measured	1.0000	8.5391	128.2797	24589600.0000	1770740000.0000	21.2820	13.3120	parabolic	peak fit	72Lys	 72LysN	10	58.0000	4.0000	57.0000
73	I	Ile	measured	1.0000	8.3162	119.8705	22491200.0000	1926970000.0000	23.3923	13.1786	parabolic	peak fit	73Ile	 73IleN	9	59.0000	56.0000	58.0000
74	Y	Tyr	measured	1.0000	8.6661	131.9615	6698080.0000	617939000.0000	25.7270	12.6827	parabolic	peak fit	74Tyr	 74TyrN	10	60.0000	2.0000	59.0000
75	H	His	measured	1.0000	8.5706	129.9429	16540000.0000	1186600000.0000	23.1808	12.9132	parabolic	peak fit	75His	 75HisN	10	61.0000	3.0000	60.0000
76	P	Pro	unassigned	0.0000	NaN	NaN	NaN	NaN	NaN	NaN	NaN	NaN	76Pro	NaN	None	NaN	NaN	NaN
77	N	Asn	unassigned	0.0000	NaN	NaN	NaN	NaN	NaN	NaN	NaN	NaN	77Asn	NaN	None	NaN	NaN	NaN
78	I	Ile	measured	1.0000	7.1000	120.1081	18338600.0000	1719150000.0000	25.0417	13.6810	parabolic	peak fit	78Ile	 78IleN	10	62.0000	54.0000	61.0000
79	N	Asn	measured	1.0000	7.9497	121.3806	18257300.0000	2257320000.0000	55.8859	15.6322	parabolic	peak fit	79Asn	 79AsnN	9	63.0000	41.0000	62.0000
80	S	Ser	measured	1.0000	8.4692	113.3744	5513430.0000	2209940000.0000	24.7990	14.2646	gaussian	peak fit	80Ser	 80SerN	None	64.0000	118.0000	63.0000
81	N	Asn	measured	1.0000	7.5893	118.2562	10206300.0000	87540600.0000	31.8826	14.0562	gaussian	box sum	81Asn	 81AsnN	None	65.0000	119.0000	64.0000
82	G	Gly	measured	1.0000	8.4429	110.0956	17990700.0000	1478420000.0000	22.9898	13.0665	parabolic	peak fit	82Gly	 82GlyN	10	66.0000	108.0000	65.0000
83	S	Ser	measured	1.0000	7.7479	115.4226	23324000.0000	1636220000.0000	19.8832	12.9195	parabolic	peak fit	83Ser	 83SerN	9	67.0000	89.0000	66.0000
84	I	Ile	measured	1.0000	8.5275	120.1840	16186400.0000	1777560000.0000	28.3863	15.2436	parabolic	peak fit	84Ile	 84IleN	9	68.0000	53.0000	67.0000
85	C	Cys	measured	1.0000	8.6318	127.7981	12328200.0000	1518360000.0000	30.2205	15.1370	parabolic	peak fit	85Cys	 85CysN	10	69.0000	6.0000	68.0000
86	L	Leu	measured	1.0000	7.3068	126.7069	12003300.0000	1032990000.0000	28.0828	13.6067	parabolic	peak fit	86Leu	 86LeuN	10	70.0000	8.0000	69.0000
87	D	Asp	unassigned	0.0000	NaN	NaN	NaN	NaN	NaN	NaN	NaN	NaN	87Asp	NaN	None	NaN	NaN	NaN
88	I	Ile	measured	1.0000	8.3532	116.3618	4152990.0000	456863000.0000	31.1842	17.4666	parabolic	peak fit	88Ile	 88IleN	9	71.0000	83.0000	70.0000
89	L	Leu	measured	1.0000	7.1524	113.8647	13912500.0000	1316600000.0000	25.6398	14.2875	parabolic	peak fit	89Leu	 89LeuN	10	72.0000	99.0000	71.0000
90	R	Arg	measured	1.0000	7.9005	121.3090	25381100.0000	2363440000.0000	44.9017	13.4630	parabolic	peak fit	90Arg	 90ArgN	9	73.0000	43.0000	72.0000
91	S	Ser	measured	1.0000	8.2427	117.6909	31955200.0000	15422800000.0000	18.8609	13.1976	parabolic	peak fit	91Ser	 91SerN	5	74.0000	114.0000	73.0000
92	Q	Gln	measured	1.0000	7.8221	117.5498	14979300.0000	1764150000.0000	26.1835	14.7085	parabolic	peak fit	92Gln	 92GlnN	8	75.0000	77.0000	74.0000
93	W	Trp	measured	1.0000	7.4224	121.3529	18887700.0000	1457020000.0000	21.4615	13.2636	parabolic	peak fit	93Trp	 93TrpN	10	76.0000	42.0000	75.0000
94	S	Ser	measured	1.0000	5.5512	120.8755	20151400.0000	1816030000.0000	23.6939	13.8389	parabolic	peak fit	94Ser	 94SerN	10	77.0000	47.0000	76.0000
95	P	Pro	unassigned	0.0000	NaN	NaN	NaN	NaN	NaN	NaN	NaN	NaN	95Pro	NaN	None	NaN	NaN	NaN
96	A	Ala	unassigned	0.0000	NaN	NaN	NaN	NaN	NaN	NaN	NaN	NaN	96Ala	NaN	None	NaN	NaN	NaN
97	L	Leu	measured	1.0000	7.3401	119.7064	12321200.0000	1206500000.0000	27.2472	14.6479	parabolic	peak fit	97Leu	 97LeuN	10	78.0000	58.0000	77.0000
98	T	Thr	measured	1.0000	6.1242	101.9104	4737250.0000	509108000.0000	28.2741	26.6746	parabolic	peak fit	98Thr	 98ThrN	10	79.0000	112.0000	78.0000
99	V	Val	measured	1.0000	10.2555	123.6629	4021160.0000	408402000.0000	41.1294	18.9273	parabolic	peak fit	99Val	 99ValN	10	80.0000	21.0000	79.0000
100	S	Ser	unassigned	0.0000	NaN	NaN	NaN	NaN	NaN	NaN	NaN	NaN	100Ser	NaN	None	NaN	NaN	NaN
101	K	Lys	measured	1.0000	7.6670	119.8888	7230980.0000	794507000.0000	34.7071	14.6305	parabolic	peak fit	101Lys	 101LysN	9	81.0000	55.0000	80.0000
102	V	Val	measured	1.0000	8.5081	121.8777	7057220.0000	1529440000.0000	42.2916	72.7870	parabolic	peak fit	102Val	 102ValN	8	82.0000	37.0000	81.0000
103	L	Leu	measured	1.0000	8.9415	119.6846	5664980.0000	512840000.0000	41.4630	14.9533	parabolic	peak fit	103Leu	 103LeuN	8	83.0000	59.0000	82.0000
104	L	Leu	measured	1.0000	8.1571	120.6033	11574100.0000	1226480000.0000	29.6824	19.1874	parabolic	peak fit	104Leu	 104LeuN	9	84.0000	50.0000	83.0000
105	S	Ser	measured	1.0000	8.0685	117.4721	20190800.0000	1682940000.0000	25.2819	14.2149	parabolic	peak fit	105Ser	 105SerN	9	85.0000	79.0000	84.0000
106	I	Ile	measured	1.0000	8.5084	124.4386	16106200.0000	135814000.0000	20.6986	14.6840	gaussian	box sum	106Ile	 106IleN	None	86.0000	120.0000	85.0000
107	C	Cys	measured	1.0000	8.2995	119.2158	15222300.0000	1211800000.0000	22.4934	14.1983	parabolic	peak fit	107Cys	 107CysN	8	87.0000	65.0000	86.0000
108	S	Ser	measured	1.0000	8.1562	114.5552	25322700.0000	1883660000.0000	22.0067	13.7027	parabolic	peak fit	108Ser	 108SerN	9	88.0000	95.0000	87.0000
109	L	Leu	measured	1.0000	7.8562	124.2367	22425000.0000	1604460000.0000	20.0386	13.6785	parabolic	peak fit	109Leu	 109LeuN	10	89.0000	17.0000	88.0000
110	L	Leu	measured	1.0000	8.0177	119.5045	18776000.0000	3055120000.0000	52.7304	16.5994	parabolic	peak fit	110Leu	 110LeuN	8	90.0000	62.0000	89.0000
111	C	Cys	measured	1.0000	7.2433	114.2159	19662600.0000	1405930000.0000	20.3014	13.1539	parabolic	peak fit	111Cys	 111CysN	10	91.0000	97.0000	90.0000
112	D	Asp	measured	1.0000	8.1655	118.9110	24402200.0000	2461970000.0000	24.3739	13.1439	parabolic	peak fit	112Asp	 112AspN	9	92.0000	68.0000	91.0000
113	P	Pro	unassigned	0.0000	NaN	NaN	NaN	NaN	NaN	NaN	NaN	NaN	113Pro	NaN	None	NaN	NaN	NaN
114	N	Asn	measured	1.0000	8.6150	115.4863	16118700.0000	1764850000.0000	25.0963	12.7634	parabolic	peak fit	114Asn	 114AsnN	10	93.0000	88.0000	92.0000
115	P	Pro	unassigned	0.0000	NaN	NaN	NaN	NaN	NaN	NaN	NaN	NaN	115Pro	NaN	None	NaN	NaN	NaN
116	D	Asp	measured	1.0000	7.6798	118.0447	24076500.0000	2356580000.0000	22.8179	18.0286	parabolic	peak fit	116Asp	 116AspN	8	94.0000	75.0000	93.0000
117	D	Asp	measured	1.0000	6.7106	118.3797	22673200.0000	2170710000.0000	24.2065	11.8017	parabolic	peak fit	117Asp	 117AspN	10	95.0000	73.0000	94.0000
118	P	Pro	unassigned	0.0000	NaN	NaN	NaN	NaN	NaN	NaN	NaN	NaN	118Pro	NaN	None	NaN	NaN	NaN
119	L	Leu	measured	1.0000	8.6037	118.8785	10322900.0000	2096870000.0000	32.6425	15.5554	parabolic	peak fit	119Leu	 119LeuN	8	96.0000	69.0000	95.0000
120	V	Val	measured	1.0000	7.5654	118.5758	14963000.0000	2081190000.0000	28.9597	13.5125	parabolic	peak fit	120Val	 120ValN	8	97.0000	72.0000	96.0000
121	P	Pro	unassigned	0.0000	NaN	NaN	NaN	NaN	NaN	NaN	NaN	NaN	121Pro	NaN	None	NaN	NaN	NaN
122	D	Asp	unassigned	0.0000	NaN	NaN	NaN	NaN	NaN	NaN	NaN	NaN	122Asp	NaN	None	NaN	NaN	NaN
123	I	Ile	measured	1.0000	6.9059	118.9212	16951600.0000	1393890000.0000	23.0210	13.7734	parabolic	peak fit	123Ile	 123IleN	9	98.0000	67.0000	97.0000
124	A	Ala	measured	1.0000	7.7545	121.9725	22469400.0000	1686910000.0000	20.8387	12.9985	parabolic	peak fit	124Ala	 124AlaN	9	99.0000	35.0000	98.0000
125	Q	Gln	measured	1.0000	8.0011	115.5274	33122000.0000	2214130000.0000	18.8845	12.5932	parabolic	peak fit	125Gln	 125GlnN	10	100.0000	87.0000	99.0000
126	I	Ile	measured	1.0000	7.5561	122.1842	24403500.0000	2002080000.0000	21.4415	29.4955	parabolic	peak fit	126Ile	 126IleN	9	101.0000	32.0000	100.0000
127	Y	Tyr	measured	1.0000	8.5040	119.1793	19276000.0000	1480350000.0000	21.8043	13.3038	parabolic	peak fit	127Tyr	 127TyrN	9	102.0000	66.0000	101.0000
128	K	Lys	measured	1.0000	7.6604	112.0573	22546100.0000	1843180000.0000	24.4771	14.4395	parabolic	peak fit	128Lys	 128LysN	10	103.0000	105.0000	102.0000
129	S	Ser	measured	1.0000	7.8840	112.6925	24333600.0000	2196700000.0000	22.6013	12.8239	parabolic	peak fit	129Ser	 129SerN	10	104.0000	102.0000	103.0000
130	D	Asp	measured	1.0000	9.0418	124.7866	26853100.0000	2224890000.0000	21.7908	13.1113	parabolic	peak fit	130Asp	 130AspN	9	105.0000	15.0000	104.0000
131	K	Lys	measured	1.0000	8.6629	125.2346	23697900.0000	1630580000.0000	19.3520	13.6463	parabolic	peak fit	131Lys	 131LysN	9	106.0000	14.0000	105.0000
132	E	Glu	measured	1.0000	8.2431	117.6902	31967800.0000	2270160000.0000	18.9407	13.1936	parabolic	peak fit	132Glu	 132GluN	5	107.0000	76.0000	106.0000
133	K	Lys	measured	1.0000	7.6057	123.2324	30424100.0000	2133900000.0000	19.8587	13.4412	parabolic	peak fit	133Lys	 133LysN	9	108.0000	24.0000	107.0000
134	Y	Tyr	measured	1.0000	8.2371	118.7703	19627200.0000	1541100000.0000	23.1218	14.0114	parabolic	peak fit	134Tyr	 134TyrN	8	109.0000	71.0000	108.0000
135	N	Asn	measured	1.0000	8.6536	117.4856	22947300.0000	1581080000.0000	19.6911	13.1791	parabolic	peak fit	135Asn	 135AsnN	10	110.0000	78.0000	109.0000
136	R	Arg	measured	1.0000	7.8877	120.5993	29613300.0000	1978650000.0000	19.2826	12.8461	parabolic	peak fit	136Arg	 136ArgN	9	111.0000	51.0000	110.0000
137	H	His	measured	1.0000	7.9752	119.5490	29604900.0000	2379100000.0000	41.3242	17.6001	parabolic	peak fit	137His	 137HisN	8	112.0000	61.0000	111.0000
138	A	Ala	measured	1.0000	8.5372	121.4476	25252100.0000	2135120000.0000	35.7552	15.3308	parabolic	peak fit	138Ala	 138AlaN	10	113.0000	40.0000	112.0000
139	R	Arg	measured	1.0000	8.5048	121.5533	27720500.0000	2062010000.0000	31.5055	14.3354	parabolic	peak fit	139Arg	 139ArgN	10	114.0000	39.0000	113.0000
140	E	Glu	measured	1.0000	8.4500	122.3702	30730300.0000	253528000.0000	20.7570	13.5074	parabolic	box sum	140Glu	 140GluN	None	115.0000	121.0000	114.0000
141	W	Trp	measured	1.0000	9.2883	119.6980	16172700.0000	1308980000.0000	21.7796	13.8996	parabolic	peak fit	141Trp	 141TrpN	10	116.0000	57.0000	115.0000
142	T	Thr	measured	1.0000	8.5077	124.6860	16399300.0000	138313000.0000	23.7848	29.2604	parabolic	box sum	142Thr	 142ThrN	None	117.0000	122.0000	116.0000
143	Q	Gln	measured	1.0000	8.0953	119.5459	26279400.0000	1994570000.0000	22.5358	13.3282	parabolic	peak fit	143Gln	 143GlnN	9	118.0000	60.0000	117.0000
144	K	Lys	measured	1.0000	7.9072	116.0154	30578700.0000	2128390000.0000	19.7312	12.7965	parabolic	peak fit	144Lys	 144LysN	10	119.0000	85.0000	118.0000
145	Y	Tyr	measured	1.0000	7.9842	112.4648	18320000.0000	1822610000.0000	26.0650	13.7512	parabolic	peak fit	145Tyr	 145TyrN	10	120.0000	103.0000	119.0000
146	A	Ala	measured	1.0000	8.2182	123.1295	19805800.0000	1944060000.0000	26.7279	13.6803	parabolic	peak fit	146Ala	 146AlaN	10	121.0000	25.0000	120.0000
147	M	Met	measured	1.0000	7.2467	122.6050	39836800.0000	4122720000.0000	21.7487	12.3009	parabolic	peak fit	147Met	 147MetN	10	122.0000	27.0000	121.0000
