Res#	1-letter	3-letter	Peak Status	Merit	Position F1	Position F2	Height	Volume	Line Width F1 (Hz)	Line Width F2 (Hz)	Fit Method	Vol. Method	Assign F1	Assign F2	Details	Number	#	index
1	M	Met	unassigned	0.0000	NaN	NaN	NaN	NaN	NaN	NaN	NaN	NaN	1Met	NaN	None	NaN	NaN	NaN
2	A	Ala	measured	1.0000	8.2844	123.5560	3138040.0000	3292920000.0000	19.4152	23.0095	gaussian	peak fit	2Ala	 2AlaN	Max1	1.0000	22.0000	0.0000
3	L	Leu	measured	1.0000	8.1146	117.1569	14931000.0000	5469820000.0000	20.4890	15.7797	gaussian	peak fit	3Leu	 3LeuN	Max1	2.0000	84.0000	1.0000
4	K	Lys	measured	1.0000	7.9490	117.5032	10390000.0000	1699840000.0000	22.4160	16.2103	gaussian	peak fit	4Lys	 4LysN	Max1	3.0000	117.0000	2.0000
5	R	Arg	measured	1.0000	7.8032	121.0735	1812090.0000	183248000.0000	29.8966	20.6122	gaussian	peak fit	5Arg	 5ArgN	Max1	4.0000	47.0000	3.0000
6	I	Ile	measured	1.0000	8.6875	121.9805	3236370.0000	386947000.0000	29.7647	23.3900	parabolic	peak fit	6Ile	 6IleN	Max1	5.0000	32.0000	4.0000
7	Q	Gln	measured	1.0000	8.5354	117.4925	11361800.0000	1587170000.0000	27.9086	16.2521	gaussian	peak fit	7Gln	 7GlnN	Max1	6.0000	83.0000	5.0000
8	K	Lys	unassigned	0.0000	NaN	NaN	NaN	NaN	NaN	NaN	NaN	NaN	8Lys	NaN	None	NaN	NaN	NaN
9	E	Glu	measured	1.0000	8.6510	119.5977	6803040.0000	1066440000.0000	32.4281	19.9329	parabolic	peak fit	9Glu	 9GluN	Max1	7.0000	65.0000	6.0000
10	L	Leu	measured	1.0000	8.8068	120.4002	13052100.0000	1191620000.0000	19.1063	15.8886	gaussian	peak fit	10Leu	 10LeuN	Max1	8.0000	54.0000	7.0000
11	S	Ser	measured	1.0000	8.2362	114.5557	5590330.0000	836290000.0000	90.6966	17.9253	parabolic	peak fit	11Ser	 11SerN	Max1	9.0000	98.0000	8.0000
12	D	Asp	measured	1.0000	8.4710	122.1947	20258600.0000	1982280000.0000	23.9082	17.9490	parabolic	peak fit	12Asp	 12AspN	Max1	10.0000	31.0000	9.0000
13	L	Leu	measured	1.0000	8.2300	122.0825	7151670.0000	1862650000.0000	74.6399	28.1789	parabolic	peak fit	13Leu	 13LeuN	Max1	11.0000	37.0000	10.0000
14	Q	Gln	measured	1.0000	8.0323	115.1063	15605800.0000	1598160000.0000	23.6628	17.4628	parabolic	peak fit	14Gln	 14GlnN	Max1	12.0000	95.0000	11.0000
15	R	Arg	measured	1.0000	7.7030	118.2435	7554150.0000	1433880000.0000	30.6309	34.4682	parabolic	peak fit	15Arg	 15ArgN	Max1	13.0000	76.0000	12.0000
16	D	Asp	measured	1.0000	7.7380	117.0542	9291520.0000	1217820000.0000	28.8600	14.3786	gaussian	peak fit	16Asp	 16AspN	Joao10	14.0000	85.0000	13.0000
17	P	Pro	unassigned	0.0000	NaN	NaN	NaN	NaN	NaN	NaN	NaN	NaN	17Pro	NaN	None	NaN	NaN	NaN
18	P	Pro	unassigned	0.0000	NaN	NaN	NaN	NaN	NaN	NaN	NaN	NaN	18Pro	NaN	None	NaN	NaN	NaN
19	A	Ala	unassigned	0.0000	NaN	NaN	NaN	NaN	NaN	NaN	NaN	NaN	19Ala	NaN	None	NaN	NaN	NaN
20	H	His	measured	1.0000	7.9563	121.7595	7175110.0000	792917000.0000	27.3912	23.1919	gaussian	peak fit	20His	 20HisN	Max3	15.0000	110.0000	14.0000
21	C	Cys	measured	0.5000	8.4177	114.6939	6550880.0000	123123000.0000	32.5919	16.6934	parabolic	peak fit	21Cys	 21CysN	Max1	16.0000	121.0000	15.0000
22	S	Ser	measured	1.0000	8.1796	111.4064	6204480.0000	518250000.0000	27.4334	16.1961	gaussian	peak fit	22Ser	 22SerN	Max1	17.0000	105.0000	16.0000
23	A	Ala	measured	1.0000	8.2715	121.7833	17645500.0000	2319820000.0000	23.1638	18.8378	gaussian	peak fit	23Ala	 23AlaN	Max1	18.0000	40.0000	17.0000
24	G	Gly	measured	1.0000	8.0411	103.9964	11964300.0000	1345880000.0000	23.2526	16.5976	gaussian	peak fit	24Gly	 24GlyN	Max1	19.0000	115.0000	18.0000
25	P	Pro	unassigned	0.0000	NaN	NaN	NaN	NaN	NaN	NaN	NaN	NaN	25Pro	NaN	None	NaN	NaN	NaN
26	V	Val	measured	1.0000	8.5209	122.9987	9198860.0000	1152930000.0000	30.8569	19.6868	parabolic	peak fit	26Val	 26ValN	Max1	20.0000	33.0000	19.0000
27	G	Gly	measured	1.0000	8.7724	115.2367	4879540.0000	465077000.0000	29.7949	19.2992	parabolic	peak fit	27Gly	 27GlyN	Max1	21.0000	94.0000	20.0000
28	D	Asp	measured	1.0000	8.5603	123.0051	9198860.0000	1181710000.0000	30.8569	19.6868	parabolic	peak fit	28Asp	 28AspN	Max1	22.0000	28.0000	21.0000
29	D	Asp	measured	0.5000	7.9866	119.7862	10098100.0000	900598000.0000	36.0948	34.5628	parabolic	peak fit	29Asp	 29AspN	Joao7	23.0000	1.0000	22.0000
30	L	Leu	measured	1.0000	8.7053	125.8733	6382910.0000	11078800000.0000	26.7897	18.9329	gaussian	peak fit	30Leu	 30LeuN	Joao10	24.0000	12.0000	23.0000
31	F	Phe	measured	1.0000	8.4098	112.0783	6794140.0000	610087000.0000	26.0273	15.6263	parabolic	peak fit	31Phe	 31PheN	Joao10	25.0000	108.0000	24.0000
32	H	His	measured	0.5000	8.0152	119.7613	5357370.0000	150625000.0000	79.4235	38.4341	parabolic	peak fit	32His	 32HisN	Joao7	26.0000	119.0000	25.0000
33	W	Trp	measured	1.0000	9.7298	123.9333	4229320.0000	5562870000.0000	23.3638	22.8163	lorentzian	peak fit	33Trp	 33TrpN	Max1	27.0000	21.0000	26.0000
34	Q	Gln	measured	1.0000	8.7306	119.4342	6094650.0000	8201710000.0000	23.4758	16.9069	gaussian	peak fit	34Gln	 34GlnN	Max1	28.0000	66.0000	27.0000
35	A	Ala	measured	1.0000	8.9472	126.2570	7681140.0000	1833700000.0000	30.3110	18.7594	gaussian	peak fit	35Ala	 35AlaN	Max1	29.0000	20.0000	28.0000
36	T	Thr	measured	1.0000	8.8894	113.6574	8739890.0000	8838790000.0000	20.6027	17.8918	gaussian	peak fit	36Thr	 36ThrN	Max1	30.0000	104.0000	29.0000
37	I	Ile	unassigned	0.0000	NaN	NaN	NaN	NaN	NaN	NaN	NaN	NaN	37Ile	NaN	None	NaN	NaN	NaN
38	M	Met	unassigned	0.0000	NaN	NaN	NaN	NaN	NaN	NaN	NaN	NaN	38Met	NaN	None	NaN	NaN	NaN
39	G	Gly	measured	1.0000	8.9965	109.1317	5674450.0000	703980000.0000	17.8213	16.6210	gaussian	peak fit	39Gly	 39GlyN	Joao10	31.0000	113.0000	30.0000
40	P	Pro	unassigned	0.0000	NaN	NaN	NaN	NaN	NaN	NaN	NaN	NaN	40Pro	NaN	None	NaN	NaN	NaN
41	P	Pro	unassigned	0.0000	NaN	NaN	NaN	NaN	NaN	NaN	NaN	NaN	41Pro	NaN	None	NaN	NaN	NaN
42	D	Asp	measured	1.0000	8.7076	116.0877	10873200.0000	1336820000.0000	25.3024	15.5148	gaussian	peak fit	42Asp	 42AspN	Max1	32.0000	88.0000	31.0000
43	S	Ser	measured	1.0000	7.9162	114.2861	17685900.0000	2175640000.0000	22.6486	15.8604	parabolic	peak fit	43Ser	 43SerN	Max1	33.0000	100.0000	32.0000
44	A	Ala	measured	1.0000	9.2234	123.6137	3552900.0000	504064000.0000	22.4869	16.5000	parabolic	peak fit	44Ala	 44AlaN	Max1	34.0000	24.0000	33.0000
45	Y	Tyr	measured	1.0000	7.4727	114.6135	7507530.0000	8459970000.0000	23.3079	19.5943	lorentzian	peak fit	45Tyr	 45TyrN	Max1	35.0000	97.0000	34.0000
46	Q	Gln	measured	1.0000	7.1894	121.2485	13857400.0000	1245150000.0000	21.5907	15.7315	parabolic	peak fit	46Gln	 46GlnN	Max1	36.0000	46.0000	35.0000
47	G	Gly	measured	1.0000	9.2041	115.8296	7692010.0000	8620440000.0000	23.2251	19.5565	lorentzian	peak fit	47Gly	 47GlyN	Max1	37.0000	90.0000	36.0000
48	G	Gly	measured	1.0000	8.3809	106.5533	13911500.0000	15116200000.0000	22.0544	15.3881	gaussian	peak fit	48Gly	 48GlyN	Max1	38.0000	114.0000	37.0000
49	V	Val	measured	1.0000	8.7968	125.5305	11301500.0000	14241000000.0000	23.8622	15.8234	gaussian	peak fit	49Val	 49ValN	Max1	39.0000	13.0000	38.0000
50	F	Phe	measured	1.0000	8.7663	124.0821	8548270.0000	962569000.0000	30.9104	17.3916	parabolic	peak fit	50Phe	 50PheN	Max1	40.0000	17.0000	39.0000
51	F	Phe	measured	1.0000	9.2796	121.1382	5341970.0000	809381000.0000	29.9264	15.8086	gaussian	peak fit	51Phe	 51PheN	Max1	41.0000	48.0000	40.0000
52	L	Leu	measured	1.0000	9.2156	120.8177	8750770.0000	1172520000.0000	27.0280	15.8892	gaussian	peak fit	52Leu	 52LeuN	Max1	42.0000	50.0000	41.0000
53	T	Thr	measured	1.0000	9.1586	113.9519	8270790.0000	1048820000.0000	21.6199	18.8510	gaussian	peak fit	53Thr	 53ThrN	Max1	43.0000	102.0000	42.0000
54	V	Val	measured	1.0000	8.2762	122.1082	8595100.0000	1639000000.0000	61.7646	47.4064	parabolic	peak fit	54Val	 54ValN	Max1	44.0000	36.0000	43.0000
55	H	His	measured	0.9000	8.9101	125.9192	7149580.0000	1316970000.0000	33.3415	18.2743	gaussian	peak fit	55His	 55HisN	Joao9	45.0000	10.0000	44.0000
56	F	Phe	measured	0.9000	8.9801	126.3285	4914990.0000	198619000.0000	54.2066	23.7788	parabolic	peak fit	56Phe	 56PheN	Joao9	46.0000	9.0000	45.0000
57	P	Pro	unassigned	0.0000	NaN	NaN	NaN	NaN	NaN	NaN	NaN	NaN	57Pro	NaN	None	NaN	NaN	NaN
58	T	Thr	measured	1.0000	8.4704	110.6757	7232260.0000	1072480000.0000	27.6590	16.8517	gaussian	peak fit	58Thr	 58ThrN	Max1	47.0000	111.0000	46.0000
59	D	Asp	measured	0.5000	8.4002	114.6926	8525150.0000	838028000.0000	26.6295	16.3629	parabolic	peak fit	59Asp	 59AspN	Max1	48.0000	96.0000	47.0000
60	Y	Tyr	measured	1.0000	7.5537	123.3152	10329400.0000	1811180000.0000	59.0799	16.2651	parabolic	peak fit	60Tyr	 60TyrN	Max1	49.0000	25.0000	48.0000
61	P	Pro	unassigned	0.0000	NaN	NaN	NaN	NaN	NaN	NaN	NaN	NaN	61Pro	NaN	None	NaN	NaN	NaN
62	F	Phe	measured	0.9000	8.9737	124.6509	7105230.0000	1072530000.0000	34.4822	24.5913	parabolic	peak fit	62Phe	 62PheN	Joao9	50.0000	11.0000	49.0000
63	K	Lys	measured	1.0000	7.0500	118.8883	14754500.0000	4167610000.0000	23.9114	16.5042	parabolic	peak fit	63Lys	 63LysN	Joao10	51.0000	72.0000	50.0000
64	P	Pro	unassigned	0.0000	NaN	NaN	NaN	NaN	NaN	NaN	NaN	NaN	64Pro	NaN	None	NaN	NaN	NaN
65	P	Pro	unassigned	0.0000	NaN	NaN	NaN	NaN	NaN	NaN	NaN	NaN	65Pro	NaN	None	NaN	NaN	NaN
66	K	Lys	measured	1.0000	8.3272	120.7974	7773660.0000	752747000.0000	30.6655	18.5224	gaussian	peak fit	66Lys	 66LysN	Max1	52.0000	51.0000	51.0000
67	I	Ile	measured	1.0000	8.7263	128.1632	7522530.0000	1167770000.0000	33.4505	17.9144	parabolic	peak fit	67Ile	 67IleN	Max1	53.0000	5.0000	52.0000
68	A	Ala	measured	1.0000	8.2334	127.6947	13420600.0000	18923800000.0000	26.5782	15.8046	gaussian	peak fit	68Ala	 68AlaN	Max1	54.0000	7.0000	53.0000
69	F	Phe	measured	1.0000	9.7679	122.1952	7264540.0000	10262000000.0000	28.1520	20.3364	lorentzian	peak fit	69Phe	 69PheN	Max1	55.0000	34.0000	54.0000
70	T	Thr	measured	1.0000	9.5990	116.9450	5181950.0000	1252770000.0000	29.2902	17.9372	parabolic	peak fit	70Thr	 70ThrN	Max1	56.0000	86.0000	55.0000
71	T	Thr	measured	1.0000	7.5669	121.9108	16254100.0000	19951700000.0000	21.3443	16.8218	gaussian	peak fit	71Thr	 71ThrN	Max1	57.0000	39.0000	56.0000
72	K	Lys	measured	1.0000	8.5367	128.2749	15435200.0000	1490130000.0000	22.9926	15.5844	gaussian	peak fit	72Lys	 72LysN	Max1	58.0000	4.0000	57.0000
73	I	Ile	measured	1.0000	8.3172	119.8739	14488100.0000	1460320000.0000	25.6887	15.4723	gaussian	peak fit	73Ile	 73IleN	Max1	59.0000	58.0000	58.0000
74	Y	Tyr	measured	1.0000	8.6691	131.9231	3289720.0000	6776640000.0000	35.2417	23.6896	lorentzian	peak fit	74Tyr	 74TyrN	Max1	60.0000	2.0000	59.0000
75	H	His	measured	1.0000	8.5678	129.9315	10469100.0000	14817400000.0000	26.9655	15.8686	gaussian	peak fit	75His	 75HisN	Max1	61.0000	3.0000	60.0000
76	P	Pro	unassigned	0.0000	NaN	NaN	NaN	NaN	NaN	NaN	NaN	NaN	76Pro	NaN	None	NaN	NaN	NaN
77	N	Asn	unassigned	0.0000	NaN	NaN	NaN	NaN	NaN	NaN	NaN	NaN	77Asn	NaN	None	NaN	NaN	NaN
78	I	Ile	measured	1.0000	7.1019	120.1241	12253100.0000	21077800000.0000	29.7555	16.4120	gaussian	peak fit	78Ile	 78IleN	Max1	62.0000	56.0000	61.0000
79	N	Asn	measured	1.0000	7.9447	121.3839	12532700.0000	1804170000.0000	28.8413	17.7317	gaussian	peak fit	79Asn	 79AsnN	Max1	63.0000	43.0000	62.0000
80	S	Ser	lost	0.0000	NaN	NaN	NaN	NaN	NaN	NaN	NaN	NaN	80Ser	NaN	None	NaN	NaN	NaN
81	N	Asn	measured	1.0000	7.5864	118.2576	7596990.0000	1052760000.0000	30.6644	34.3820	parabolic	peak fit	81Asn	 81AsnN	Max1	64.0000	122.0000	63.0000
82	G	Gly	measured	1.0000	8.4427	110.0953	11750200.0000	1217580000.0000	21.5999	15.6625	gaussian	peak fit	82Gly	 82GlyN	Max1	65.0000	112.0000	64.0000
83	S	Ser	measured	1.0000	7.7480	115.4214	14788800.0000	1585800000.0000	22.9602	16.1513	parabolic	peak fit	83Ser	 83SerN	Max1	66.0000	93.0000	65.0000
84	I	Ile	measured	1.0000	8.5300	120.2215	10619000.0000	6633580000.0000	27.3184	17.4142	gaussian	peak fit	84Ile	 84IleN	Max1	67.0000	55.0000	66.0000
85	C	Cys	measured	1.0000	8.6376	127.8184	7255800.0000	1147200000.0000	32.1893	17.2207	gaussian	peak fit	85Cys	 85CysN	Max2	68.0000	6.0000	67.0000
86	L	Leu	measured	1.0000	7.3004	126.7186	7897150.0000	5634150000.0000	24.6775	15.6454	gaussian	peak fit	86Leu	 86LeuN	Max2	69.0000	8.0000	68.0000
87	D	Asp	unassigned	0.0000	NaN	NaN	NaN	NaN	NaN	NaN	NaN	NaN	87Asp	NaN	None	NaN	NaN	NaN
88	I	Ile	measured	1.0000	8.3470	116.3150	3526870.0000	339746000.0000	17.9566	18.3246	gaussian	peak fit	88Ile	 88IleN	Max1	70.0000	87.0000	69.0000
89	L	Leu	measured	1.0000	7.1573	113.8651	9399000.0000	1312850000.0000	29.1876	15.6192	gaussian	peak fit	89Leu	 89LeuN	Max1	71.0000	103.0000	70.0000
90	R	Arg	measured	1.0000	7.9001	121.2916	16469400.0000	2563100000.0000	32.7741	16.1625	gaussian	peak fit	90Arg	 90ArgN	Max1	72.0000	45.0000	71.0000
91	S	Ser	lost	0.0000	NaN	NaN	NaN	NaN	NaN	NaN	NaN	NaN	91Ser	NaN	None	NaN	NaN	NaN
92	Q	Gln	measured	1.0000	7.8243	117.4861	10190300.0000	2305300000.0000	22.1076	16.3610	gaussian	peak fit	92Gln	 92GlnN	Max1	73.0000	79.0000	72.0000
93	W	Trp	measured	1.0000	7.4162	121.3951	12344200.0000	1145890000.0000	21.1670	15.6209	gaussian	peak fit	93Trp	 93TrpN	Max1	74.0000	44.0000	73.0000
94	S	Ser	measured	1.0000	5.5469	120.8574	11536100.0000	1975850000.0000	22.7128	16.0418	gaussian	peak fit	94Ser	 94SerN	Max1	75.0000	49.0000	74.0000
95	P	Pro	unassigned	0.0000	NaN	NaN	NaN	NaN	NaN	NaN	NaN	NaN	95Pro	NaN	None	NaN	NaN	NaN
96	A	Ala	unassigned	0.0000	NaN	NaN	NaN	NaN	NaN	NaN	NaN	NaN	96Ala	NaN	None	NaN	NaN	NaN
97	L	Leu	measured	1.0000	7.3542	119.8114	6390880.0000	1058030000.0000	35.6686	18.9004	gaussian	peak fit	97Leu	 97LeuN	Max1	76.0000	60.0000	75.0000
98	T	Thr	measured	1.0000	6.1266	102.1300	2149930.0000	195070000.0000	38.8609	40.5163	parabolic	peak fit	98Thr	 98ThrN	Max1	77.0000	116.0000	76.0000
99	V	Val	measured	1.0000	10.2699	123.7700	1815810.0000	527850000.0000	32.9500	14.7128	parabolic	peak fit	99Val	 99ValN	Max1	78.0000	23.0000	77.0000
100	S	Ser	unassigned	0.0000	NaN	NaN	NaN	NaN	NaN	NaN	NaN	NaN	100Ser	NaN	None	NaN	NaN	NaN
101	K	Lys	measured	1.0000	7.6443	119.8508	4018700.0000	845259000.0000	36.7433	18.0957	gaussian	peak fit	101Lys	 101LysN	Joao10	79.0000	57.0000	78.0000
102	V	Val	lost	0.0000	NaN	NaN	NaN	NaN	NaN	NaN	NaN	NaN	102Val	NaN	None	NaN	NaN	NaN
103	L	Leu	measured	1.0000	8.9723	119.6803	2638600.0000	441941000.0000	53.4806	18.0116	parabolic	peak fit	103Leu	 103LeuN	Joao10	80.0000	61.0000	79.0000
104	L	Leu	measured	1.0000	8.1468	120.6747	6861220.0000	3413140000.0000	23.6058	22.3693	gaussian	peak fit	104Leu	 104LeuN	Joao10	81.0000	52.0000	80.0000
105	S	Ser	measured	1.0000	8.0593	117.4776	11003700.0000	1278420000.0000	23.5212	16.1400	gaussian	peak fit	105Ser	 105SerN	Max2	82.0000	82.0000	81.0000
106	I	Ile	measured	1.0000	8.5066	124.4353	9983880.0000	84469400.0000	21.8985	20.9043	gaussian	box sum	106Ile	 106IleN	Max2	83.0000	18.0000	82.0000
107	C	Cys	measured	1.0000	8.3021	119.2406	9774840.0000	928496000.0000	20.4152	15.7129	gaussian	peak fit	107Cys	 107CysN	Max2	84.0000	67.0000	83.0000
108	S	Ser	measured	1.0000	8.1545	114.5747	16915400.0000	1587500000.0000	19.4850	15.6562	gaussian	peak fit	108Ser	 108SerN	Max2	85.0000	99.0000	84.0000
109	L	Leu	measured	1.0000	7.8548	124.2479	14126400.0000	1080460000.0000	20.5124	15.5183	gaussian	peak fit	109Leu	 109LeuN	Max2	86.0000	19.0000	85.0000
110	L	Leu	measured	0.8000	8.0132	119.5271	12595100.0000	2607530000.0000	30.7093	18.1799	gaussian	peak fit	110Leu	 110LeuN	Joao8	87.0000	64.0000	86.0000
111	C	Cys	measured	1.0000	7.2452	114.2178	12299500.0000	1362070000.0000	21.9913	16.1452	gaussian	peak fit	111Cys	 111CysN	Joao10	88.0000	101.0000	87.0000
112	D	Asp	measured	1.0000	8.1620	118.9118	17018800.0000	2061810000.0000	25.9319	16.1332	parabolic	peak fit	112Asp	 112AspN	Joao10	89.0000	70.0000	88.0000
113	P	Pro	unassigned	0.0000	NaN	NaN	NaN	NaN	NaN	NaN	NaN	NaN	113Pro	NaN	None	NaN	NaN	NaN
114	N	Asn	measured	1.0000	8.6156	115.4899	11242900.0000	1081300000.0000	22.5733	15.4415	gaussian	peak fit	114Asn	 114AsnN	Joao10	90.0000	92.0000	89.0000
115	P	Pro	unassigned	0.0000	NaN	NaN	NaN	NaN	NaN	NaN	NaN	NaN	115Pro	NaN	None	NaN	NaN	NaN
116	D	Asp	measured	0.9000	7.6803	118.0409	15549400.0000	1752030000.0000	22.8657	16.1440	gaussian	peak fit	116Asp	 116AspN	Joao9	91.0000	77.0000	90.0000
117	D	Asp	measured	1.0000	6.7128	118.3791	15899200.0000	1954900000.0000	26.1354	14.3558	parabolic	peak fit	117Asp	 117AspN	Joao10	92.0000	75.0000	91.0000
118	P	Pro	unassigned	0.0000	NaN	NaN	NaN	NaN	NaN	NaN	NaN	NaN	118Pro	NaN	None	NaN	NaN	NaN
119	L	Leu	measured	1.0000	8.6010	118.8812	6990070.0000	2371540000.0000	29.2611	19.3590	parabolic	peak fit	119Leu	 119LeuN	Joao10	93.0000	71.0000	92.0000
120	V	Val	measured	1.0000	7.5661	118.5652	9248810.0000	1815560000.0000	31.3563	17.8304	parabolic	peak fit	120Val	 120ValN	Joao9	94.0000	74.0000	93.0000
121	P	Pro	unassigned	0.0000	NaN	NaN	NaN	NaN	NaN	NaN	NaN	NaN	121Pro	NaN	None	NaN	NaN	NaN
122	D	Asp	unassigned	0.0000	NaN	NaN	NaN	NaN	NaN	NaN	NaN	NaN	122Asp	NaN	None	NaN	NaN	NaN
123	I	Ile	measured	1.0000	6.9051	118.9152	10540100.0000	1482710000.0000	21.2535	15.9063	gaussian	peak fit	123Ile	 123IleN	Max1	95.0000	69.0000	94.0000
124	A	Ala	measured	1.0000	7.7553	121.9716	14312400.0000	1332940000.0000	18.6556	16.0228	gaussian	peak fit	124Ala	 124AlaN	Max1	96.0000	38.0000	95.0000
125	Q	Gln	measured	1.0000	8.0017	115.5285	21678200.0000	1892740000.0000	18.8931	15.0447	gaussian	peak fit	125Gln	 125GlnN	Max1	97.0000	91.0000	96.0000
126	I	Ile	measured	1.0000	7.5565	122.1862	16330000.0000	3178700000.0000	19.2794	16.5757	gaussian	peak fit	126Ile	 126IleN	Max1	98.0000	35.0000	97.0000
127	Y	Tyr	measured	1.0000	8.5053	119.1853	12317600.0000	4239810000.0000	20.3183	16.1682	gaussian	peak fit	127Tyr	 127TyrN	Max1	99.0000	68.0000	98.0000
128	K	Lys	measured	1.0000	7.6600	112.0529	14680600.0000	1764510000.0000	54.1202	17.0189	parabolic	peak fit	128Lys	 128LysN	Max1	100.0000	109.0000	99.0000
129	S	Ser	measured	1.0000	7.8845	112.6974	16551500.0000	1915900000.0000	24.7011	14.9844	gaussian	peak fit	129Ser	 129SerN	Max1	101.0000	106.0000	100.0000
130	D	Asp	measured	1.0000	9.0415	124.7816	19011200.0000	10882900000.0000	20.4308	14.7110	gaussian	peak fit	130Asp	 130AspN	Max1	102.0000	15.0000	101.0000
131	K	Lys	measured	1.0000	8.6627	125.2332	15525800.0000	1393090000.0000	20.4290	15.4364	gaussian	peak fit	131Lys	 131LysN	Max1	103.0000	14.0000	102.0000
132	E	Glu	measured	1.0000	8.2431	117.6902	21460100.0000	2960790000.0000	20.5063	16.1283	parabolic	peak fit	132Glu	 132GluN	Max1	104.0000	78.0000	103.0000
133	K	Lys	measured	1.0000	7.6064	123.2349	19728300.0000	1835500000.0000	20.6491	15.1404	gaussian	peak fit	133Lys	 133LysN	Max1	105.0000	26.0000	104.0000
134	Y	Tyr	measured	1.0000	8.2362	118.7726	11923100.0000	1283080000.0000	21.8712	16.0385	gaussian	peak fit	134Tyr	 134TyrN	Max1	106.0000	73.0000	105.0000
135	N	Asn	measured	1.0000	8.6536	117.4856	14439500.0000	2085400000.0000	21.0797	16.7073	parabolic	peak fit	135Asn	 135AsnN	Max1	107.0000	80.0000	106.0000
136	R	Arg	measured	1.0000	7.8871	120.6049	19210300.0000	1823150000.0000	20.8198	16.2805	parabolic	peak fit	136Arg	 136ArgN	Max1	108.0000	53.0000	107.0000
137	H	His	measured	1.0000	7.9746	119.5539	20938900.0000	4968240000.0000	24.1041	17.5303	gaussian	peak fit	137His	 137HisN	Max1	109.0000	63.0000	108.0000
138	A	Ala	measured	1.0000	8.5345	121.4538	17529900.0000	2042580000.0000	21.3520	17.1946	gaussian	peak fit	138Ala	 138AlaN	Max1	110.0000	42.0000	109.0000
139	R	Arg	measured	1.0000	8.5051	121.5453	18768400.0000	7118230000.0000	22.4708	16.7934	gaussian	peak fit	139Arg	 139ArgN	Max1	111.0000	41.0000	110.0000
140	E	Glu	measured	1.0000	8.4505	122.3635	20366700.0000	170244000.0000	18.7930	16.3561	gaussian	box sum	140Glu	 140GluN	Max1	112.0000	123.0000	111.0000
141	W	Trp	measured	1.0000	9.2886	119.6971	9783390.0000	1002880000.0000	21.1085	15.7789	gaussian	peak fit	141Trp	 141TrpN	Max1	113.0000	59.0000	112.0000
142	T	Thr	measured	1.0000	8.5093	124.6809	10826800.0000	92788700.0000	24.0552	17.9952	gaussian	box sum	142Thr	 142ThrN	Max1	114.0000	16.0000	113.0000
143	Q	Gln	measured	1.0000	8.0972	119.5498	16663000.0000	1631990000.0000	19.9959	15.8030	gaussian	peak fit	143Gln	 143GlnN	Max1	115.0000	62.0000	114.0000
144	K	Lys	measured	1.0000	7.9074	116.0177	20196600.0000	3855870000.0000	18.8298	15.3128	gaussian	peak fit	144Lys	 144LysN	Max1	116.0000	89.0000	115.0000
145	Y	Tyr	measured	1.0000	7.9842	112.4679	12737200.0000	1466830000.0000	23.9287	15.5011	gaussian	peak fit	145Tyr	 145TyrN	Max1	117.0000	107.0000	116.0000
146	A	Ala	measured	1.0000	8.2171	123.1328	12706300.0000	2658020000.0000	28.9254	16.3246	parabolic	peak fit	146Ala	 146AlaN	Max1	118.0000	27.0000	117.0000
147	M	Met	measured	1.0000	7.2454	122.6042	28503900.0000	3053310000.0000	21.8684	14.4032	parabolic	peak fit	147Met	 147MetN	Max1	119.0000	29.0000	118.0000
