Res#	1-letter	3-letter	Peak Status	Merit	Position F1	Position F2	Height	Volume	Line Width F1 (Hz)	Line Width F2 (Hz)	Fit Method	Vol. Method	Assign F1	Assign F2	Details	Number	#	index
1	M	Met	unassigned	0.0000	NaN	NaN	NaN	NaN	NaN	NaN	NaN	NaN	1Met	NaN	None	NaN	NaN	NaN
2	A	Ala	measured	1.0000	8.3412	124.0992	37181400.0000	8313340000.0000	16.3264	12.0864	gaussian	peak fit	2Ala	 2AlaN	Max1	1.0000	19.0000	0.0000
3	L	Leu	measured	1.0000	8.0952	117.2901	53870100.0000	14455400000.0000	16.8553	14.0501	gaussian	peak fit	3Leu	 3LeuN	Max1	2.0000	85.0000	1.0000
4	K	Lys	measured	1.0000	7.9143	117.4869	56966600.0000	12418600000.0000	15.8002	12.1766	gaussian	peak fit	4Lys	 4LysN	Max1	3.0000	78.0000	2.0000
5	R	Arg	measured	1.0000	7.7444	121.2903	33586500.0000	8406720000.0000	18.4968	11.9426	gaussian	peak fit	5Arg	 5ArgN	Max1	4.0000	47.0000	3.0000
6	I	Ile	measured	1.0000	8.7184	122.4505	26135700.0000	6620510000.0000	17.7901	12.5665	gaussian	peak fit	6Ile	 6IleN	Max1	5.0000	30.0000	4.0000
7	Q	Gln	measured	1.0000	8.5310	117.4187	46910700.0000	11108600000.0000	17.2087	12.1444	gaussian	peak fit	7Gln	 7GlnN	Max1	6.0000	84.0000	5.0000
8	K	Lys	unassigned	0.0000	NaN	NaN	NaN	NaN	NaN	NaN	NaN	NaN	8Lys	NaN	None	NaN	NaN	NaN
9	E	Glu	measured	1.0000	8.6213	119.3709	39299100.0000	10484300000.0000	18.8427	12.4953	gaussian	peak fit	9Glu	 9GluN	Max1	8.0000	66.0000	7.0000
10	L	Leu	measured	1.0000	8.7939	120.3790	44238300.0000	10493600000.0000	17.5035	11.9602	gaussian	peak fit	10Leu	 10LeuN	Max1	9.0000	55.0000	8.0000
11	S	Ser	measured	1.0000	8.2182	114.6608	19051700.0000	7186210000.0000	26.4440	12.5885	gaussian	peak fit	11Ser	 11SerN	Max1	10.0000	98.0000	9.0000
12	D	Asp	measured	1.0000	8.5200	122.2965	52130400.0000	13502400000.0000	18.7991	12.1596	gaussian	peak fit	12Asp	 12AspN	Max1	11.0000	31.0000	10.0000
13	L	Leu	measured	1.0000	8.2064	122.2129	29551400.0000	9396930000.0000	21.4886	13.0597	gaussian	peak fit	13Leu	 13LeuN	Max1	12.0000	34.0000	11.0000
14	Q	Gln	measured	1.0000	8.0385	115.0598	45913100.0000	11734300000.0000	18.3764	12.2743	gaussian	peak fit	14Gln	 14GlnN	Max1	13.0000	96.0000	12.0000
15	R	Arg	measured	1.0000	7.6779	118.0676	48256500.0000	20459800000.0000	21.7747	17.1842	gaussian	peak fit	15Arg	 15ArgN	Max1	14.0000	77.0000	13.0000
16	D	Asp	measured	1.0000	7.7021	116.9159	38075900.0000	11699700000.0000	25.1343	10.7893	gaussian	peak fit	16Asp	 16AspN	Joao10	15.0000	123.0000	14.0000
17	P	Pro	unassigned	0.0000	NaN	NaN	NaN	NaN	NaN	NaN	NaN	NaN	17Pro	NaN	None	NaN	NaN	NaN
18	P	Pro	unassigned	0.0000	NaN	NaN	NaN	NaN	NaN	NaN	NaN	NaN	18Pro	NaN	None	NaN	NaN	NaN
19	A	Ala	unassigned	0.0000	NaN	NaN	NaN	NaN	NaN	NaN	NaN	NaN	19Ala	NaN	None	NaN	NaN	NaN
20	H	His	measured	1.0000	7.9514	121.6904	19021400.0000	25845500000.0000	24.9545	48.0538	gaussian	peak fit	20His	 20HisN	Max3	16.0000	111.0000	15.0000
21	C	Cys	measured	1.0000	8.4076	114.7062	19678500.0000	10682800000.0000	38.9571	12.2982	gaussian	peak fit	21Cys	 21CysN	Max1	17.0000	125.0000	16.0000
22	S	Ser	measured	1.0000	8.1950	111.5069	15839100.0000	5580870000.0000	25.6174	12.1387	gaussian	peak fit	22Ser	 22SerN	Max1	18.0000	106.0000	17.0000
23	A	Ala	measured	1.0000	8.2733	121.7521	43322900.0000	11169900000.0000	17.2491	13.1917	gaussian	peak fit	23Ala	 23AlaN	Max1	19.0000	40.0000	18.0000
24	G	Gly	measured	1.0000	8.0480	103.9501	34628200.0000	8909980000.0000	18.7679	12.0995	gaussian	peak fit	24Gly	 24GlyN	Max1	20.0000	116.0000	19.0000
25	P	Pro	unassigned	0.0000	NaN	NaN	NaN	NaN	NaN	NaN	NaN	NaN	25Pro	NaN	None	NaN	NaN	NaN
26	V	Val	measured	1.0000	8.5295	123.0447	25141600.0000	9434570000.0000	25.1616	13.1621	gaussian	peak fit	26Val	 26ValN	Max1	21.0000	32.0000	20.0000
27	G	Gly	measured	1.0000	8.7672	115.3103	11403300.0000	1093740000.0000	23.8930	15.3223	parabolic	peak fit	27Gly	 27GlyN	Max1	22.0000	95.0000	21.0000
28	D	Asp	measured	1.0000	8.5731	123.0682	25154500.0000	32945700000.0000	72.9568	15.8436	gaussian	peak fit	28Asp	 28AspN	Max1	23.0000	27.0000	22.0000
29	D	Asp	measured	0.7000	7.9776	119.7314	25859200.0000	8758660000.0000	22.1794	13.4774	gaussian	peak fit	29Asp	 29AspN	Joao7	24.0000	63.0000	23.0000
30	L	Leu	measured	1.0000	8.6953	125.7695	20992400.0000	6266980000.0000	18.8554	13.9732	gaussian	peak fit	30Leu	 30LeuN	Joao10	25.0000	11.0000	24.0000
31	F	Phe	measured	1.0000	8.4220	112.1394	18908900.0000	6143180000.0000	23.2135	12.3516	gaussian	peak fit	31Phe	 31PheN	Joao10	26.0000	109.0000	25.0000
32	H	His	measured	0.7000	8.0259	119.7394	7386550.0000	128458000000.0000	92.1259	166.5989	gaussian	peak fit	32His	 32HisN	Joao7	27.0000	118.0000	26.0000
33	W	Trp	measured	1.0000	9.7239	123.8993	15381100.0000	6610730000.0000	28.6966	13.2180	gaussian	peak fit	33Trp	 33TrpN	Max1	28.0000	21.0000	27.0000
34	Q	Gln	measured	1.0000	8.7195	119.4333	19678500.0000	9071780000.0000	30.1815	13.4802	gaussian	peak fit	34Gln	 34GlnN	Max1	29.0000	61.0000	28.0000
35	A	Ala	measured	1.0000	8.9439	126.1896	23526400.0000	9002390000.0000	24.2128	13.9474	gaussian	peak fit	35Ala	 35AlaN	Max1	30.0000	20.0000	29.0000
36	T	Thr	measured	1.0000	8.9010	113.7982	26265800.0000	10914100000.0000	28.7262	12.7660	gaussian	peak fit	36Thr	 36ThrN	Max1	31.0000	105.0000	30.0000
37	I	Ile	unassigned	0.0000	NaN	NaN	NaN	NaN	NaN	NaN	NaN	NaN	37Ile	NaN	None	NaN	NaN	NaN
38	M	Met	unassigned	0.0000	NaN	NaN	NaN	NaN	NaN	NaN	NaN	NaN	38Met	NaN	None	NaN	NaN	NaN
39	G	Gly	measured	1.0000	8.9831	108.9846	22140200.0000	7118600000.0000	22.6516	12.5271	gaussian	peak fit	39Gly	 39GlyN	Joao10	32.0000	114.0000	31.0000
40	P	Pro	unassigned	0.0000	NaN	NaN	NaN	NaN	NaN	NaN	NaN	NaN	40Pro	NaN	None	NaN	NaN	NaN
41	P	Pro	unassigned	0.0000	NaN	NaN	NaN	NaN	NaN	NaN	NaN	NaN	41Pro	NaN	None	NaN	NaN	NaN
42	D	Asp	measured	1.0000	8.7046	116.0706	27024300.0000	7784470000.0000	21.4175	11.8697	gaussian	peak fit	42Asp	 42AspN	Max1	33.0000	89.0000	32.0000
43	S	Ser	measured	1.0000	7.9179	114.3265	38274400.0000	12282100000.0000	23.7471	11.9259	gaussian	peak fit	43Ser	 43SerN	Max1	34.0000	101.0000	33.0000
44	A	Ala	measured	1.0000	9.2203	123.6100	7139590.0000	619358000.0000	25.9576	15.1336	parabolic	peak fit	44Ala	 44AlaN	Max1	35.0000	22.0000	34.0000
45	Y	Tyr	measured	1.0000	7.4633	114.6043	20409900.0000	7246250000.0000	25.0158	12.5254	gaussian	peak fit	45Tyr	 45TyrN	Max1	36.0000	99.0000	35.0000
46	Q	Gln	measured	1.0000	7.1819	121.2436	39294400.0000	8697790000.0000	16.5797	11.7825	gaussian	peak fit	46Gln	 46GlnN	Max1	37.0000	48.0000	36.0000
47	G	Gly	measured	1.0000	9.2003	115.8446	22179500.0000	6248720000.0000	20.6010	12.0694	gaussian	peak fit	47Gly	 47GlyN	Max1	38.0000	91.0000	37.0000
48	G	Gly	measured	1.0000	8.3786	106.5452	35162600.0000	8619100000.0000	18.9130	11.4382	gaussian	peak fit	48Gly	 48GlyN	Max1	39.0000	115.0000	38.0000
49	V	Val	measured	1.0000	8.7956	125.5044	29958300.0000	10350200000.0000	26.1483	11.6607	gaussian	peak fit	49Val	 49ValN	Max1	40.0000	12.0000	39.0000
50	F	Phe	measured	1.0000	8.7758	124.0971	29669300.0000	9470350000.0000	23.4789	11.9982	gaussian	peak fit	50Phe	 50PheN	Max1	41.0000	16.0000	40.0000
51	F	Phe	measured	1.0000	9.2675	121.1344	17356900.0000	7304710000.0000	28.7241	12.9306	gaussian	peak fit	51Phe	 51PheN	Max1	42.0000	49.0000	41.0000
52	L	Leu	measured	1.0000	9.2042	120.7979	25585600.0000	9509340000.0000	27.0479	12.1271	gaussian	peak fit	52Leu	 52LeuN	Max1	43.0000	51.0000	42.0000
53	T	Thr	measured	1.0000	9.1588	113.9603	23756400.0000	8767460000.0000	25.0443	13.0053	gaussian	peak fit	53Thr	 53ThrN	Max1	44.0000	103.0000	43.0000
54	V	Val	measured	1.0000	8.2703	122.1929	23149400.0000	29941300000.0000	34.4185	15.2300	lorentzian	peak fit	54Val	 54ValN	Max1	45.0000	35.0000	44.0000
55	H	His	measured	0.7000	8.9146	125.9364	22637500.0000	2309320000.0000	27.1523	14.8614	parabolic	peak fit	55His	 55HisN	Joao7	46.0000	9.0000	45.0000
56	F	Phe	measured	0.9000	8.9917	126.4026	13416300.0000	1381170000.0000	32.6590	16.3298	parabolic	peak fit	56Phe	 56PheN	Joao9	47.0000	8.0000	46.0000
57	P	Pro	unassigned	0.0000	NaN	NaN	NaN	NaN	NaN	NaN	NaN	NaN	57Pro	NaN	None	NaN	NaN	NaN
58	T	Thr	measured	1.0000	8.4723	110.7056	18989900.0000	5244590000.0000	18.7447	13.0031	gaussian	peak fit	58Thr	 58ThrN	Max1	48.0000	112.0000	47.0000
59	D	Asp	measured	1.0000	8.4076	114.7062	19678500.0000	10682800000.0000	38.9571	12.2982	gaussian	peak fit	59Asp	 59AspN	Max1	49.0000	97.0000	48.0000
60	Y	Tyr	measured	1.0000	7.5693	123.4087	39811800.0000	9656230000.0000	18.1819	11.7731	gaussian	peak fit	60Tyr	 60TyrN	Max1	50.0000	24.0000	49.0000
61	P	Pro	unassigned	0.0000	NaN	NaN	NaN	NaN	NaN	NaN	NaN	NaN	61Pro	NaN	None	NaN	NaN	NaN
62	F	Phe	measured	0.7000	9.0105	124.6705	28147500.0000	34772900000.0000	29.9455	16.7198	lorentzian	peak fit	62Phe	 62PheN	Joao7	51.0000	119.0000	50.0000
63	K	Lys	measured	1.0000	7.0494	118.7383	44134000.0000	12194600000.0000	21.5441	11.3188	gaussian	peak fit	63Lys	 63LysN	Joao10	52.0000	73.0000	51.0000
64	P	Pro	unassigned	0.0000	NaN	NaN	NaN	NaN	NaN	NaN	NaN	NaN	64Pro	NaN	None	NaN	NaN	NaN
65	P	Pro	unassigned	0.0000	NaN	NaN	NaN	NaN	NaN	NaN	NaN	NaN	65Pro	NaN	None	NaN	NaN	NaN
66	K	Lys	measured	1.0000	8.3212	120.7912	25943800.0000	9925930000.0000	25.5618	13.2094	gaussian	peak fit	66Lys	 66LysN	Max1	53.0000	52.0000	52.0000
67	I	Ile	measured	1.0000	8.7165	128.1318	24026400.0000	10939100000.0000	32.1375	12.5030	gaussian	peak fit	67Ile	 67IleN	Max1	54.0000	4.0000	53.0000
68	A	Ala	measured	1.0000	8.2392	127.7039	39019100.0000	34843900000.0000	25.8454	14.0031	lorentzian	peak fit	68Ala	 68AlaN	Max1	55.0000	6.0000	54.0000
69	F	Phe	measured	1.0000	9.7729	122.2838	20727900.0000	6594940000.0000	21.2328	13.2247	gaussian	peak fit	69Phe	 69PheN	Max1	56.0000	33.0000	55.0000
70	T	Thr	measured	1.0000	9.5920	116.9783	16873100.0000	2578880000.0000	25.8106	13.5422	parabolic	peak fit	70Thr	 70ThrN	Max1	57.0000	86.0000	56.0000
71	T	Thr	measured	1.0000	7.5613	121.9079	42041300.0000	10477500000.0000	18.2191	12.0724	gaussian	peak fit	71Thr	 71ThrN	Max1	58.0000	38.0000	57.0000
72	K	Lys	measured	1.0000	8.5420	128.2836	44086100.0000	10147900000.0000	17.2711	11.7622	gaussian	peak fit	72Lys	 72LysN	Max1	59.0000	3.0000	58.0000
73	I	Ile	measured	1.0000	8.3152	119.8658	40567800.0000	34122100000.0000	23.9493	14.2338	lorentzian	peak fit	73Ile	 73IleN	Max1	60.0000	59.0000	59.0000
74	Y	Tyr	measured	1.0000	8.6706	131.9543	11736200.0000	3529810000.0000	20.9126	12.6926	gaussian	peak fit	74Tyr	 74TyrN	Max1	61.0000	2.0000	60.0000
75	H	His	measured	1.0000	8.5707	129.9534	26228300.0000	7218140000.0000	20.9226	11.6085	gaussian	peak fit	75His	 75HisN	Max1	62.0000	1.0000	61.0000
76	P	Pro	unassigned	0.0000	NaN	NaN	NaN	NaN	NaN	NaN	NaN	NaN	76Pro	NaN	None	NaN	NaN	NaN
77	N	Asn	unassigned	0.0000	NaN	NaN	NaN	NaN	NaN	NaN	NaN	NaN	77Asn	NaN	None	NaN	NaN	NaN
78	I	Ile	measured	1.0000	7.0993	120.0981	30755900.0000	10217000000.0000	24.1609	12.1343	gaussian	peak fit	78Ile	 78IleN	Max1	63.0000	57.0000	62.0000
79	N	Asn	measured	1.0000	7.9496	121.3780	31571600.0000	13840200000.0000	29.4572	13.1338	gaussian	peak fit	79Asn	 79AsnN	Max1	64.0000	44.0000	63.0000
80	S	Ser	measured	0.7000	8.4872	113.4906	14182500.0000	4581520000.0000	21.9927	12.9632	gaussian	peak fit	80Ser	 80SerN	Joao7	65.0000	127.0000	64.0000
81	N	Asn	measured	1.0000	7.5883	118.2444	15774300.0000	6254280000.0000	25.2119	13.8789	gaussian	peak fit	81Asn	 81AsnN	Max1	66.0000	126.0000	65.0000
82	G	Gly	measured	1.0000	8.4448	110.0937	30009300.0000	8451640000.0000	20.4470	12.1560	gaussian	peak fit	82Gly	 82GlyN	Max1	67.0000	113.0000	66.0000
83	S	Ser	measured	1.0000	7.7478	115.4197	39426400.0000	9864110000.0000	18.4856	11.9446	gaussian	peak fit	83Ser	 83SerN	Max1	68.0000	94.0000	67.0000
84	I	Ile	measured	1.0000	8.5238	120.1480	28774700.0000	11561300000.0000	27.8056	12.7527	gaussian	peak fit	84Ile	 84IleN	Max1	69.0000	56.0000	68.0000
85	C	Cys	measured	1.0000	8.6221	127.7575	25355700.0000	8535330000.0000	24.0017	12.3776	gaussian	peak fit	85Cys	 85CysN	Max2	70.0000	5.0000	69.0000
86	L	Leu	measured	1.0000	7.3147	126.7023	22182500.0000	6739740000.0000	21.6454	12.3880	gaussian	peak fit	86Leu	 86LeuN	Max2	71.0000	7.0000	70.0000
87	D	Asp	unassigned	0.0000	NaN	NaN	NaN	NaN	NaN	NaN	NaN	NaN	87Asp	NaN	None	NaN	NaN	NaN
88	I	Ile	measured	1.0000	8.3626	116.3746	8626430.0000	3662090000.0000	25.3769	14.7637	gaussian	peak fit	88Ile	 88IleN	Max1	72.0000	88.0000	71.0000
89	L	Leu	measured	1.0000	7.1446	113.8561	26621800.0000	9811870000.0000	25.7711	12.6217	gaussian	peak fit	89Leu	 89LeuN	Max1	73.0000	104.0000	72.0000
90	R	Arg	measured	1.0000	7.9047	121.3417	42962000.0000	4140300000.0000	45.8076	12.1335	parabolic	peak fit	90Arg	 90ArgN	Max1	74.0000	45.0000	73.0000
91	S	Ser	measured	1.0000	8.2430	117.6843	53433900.0000	11294900000.0000	15.7995	11.8075	gaussian	peak fit	91Ser	 91SerN	Max1	75.0000	79.0000	74.0000
92	Q	Gln	measured	1.0000	7.8215	117.6250	26297800.0000	3112860000.0000	23.4711	12.7819	parabolic	peak fit	92Gln	 92GlnN	Max1	76.0000	87.0000	75.0000
93	W	Trp	measured	1.0000	7.4288	121.3031	36442000.0000	2080020000.0000	18.8453	11.2971	parabolic	peak fit	93Trp	 93TrpN	Max1	77.0000	46.0000	76.0000
94	S	Ser	measured	1.0000	5.5566	120.9007	42595200.0000	10339600000.0000	18.7284	11.4387	gaussian	peak fit	94Ser	 94SerN	Max1	78.0000	50.0000	77.0000
95	P	Pro	unassigned	0.0000	NaN	NaN	NaN	NaN	NaN	NaN	NaN	NaN	95Pro	NaN	None	NaN	NaN	NaN
96	A	Ala	unassigned	0.0000	NaN	NaN	NaN	NaN	NaN	NaN	NaN	NaN	96Ala	NaN	None	NaN	NaN	NaN
97	L	Leu	measured	1.0000	7.3219	119.5730	45948100.0000	11751600000.0000	19.3483	11.6660	gaussian	peak fit	97Leu	 97LeuN	Max1	80.0000	62.0000	79.0000
98	T	Thr	measured	1.0000	6.1124	101.7214	23741700.0000	8373780000.0000	23.5285	13.2297	gaussian	peak fit	98Thr	 98ThrN	Max1	81.0000	117.0000	80.0000
99	V	Val	measured	1.0000	10.2492	123.5488	21000800.0000	6045840000.0000	20.5264	12.3778	gaussian	peak fit	99Val	 99ValN	Max1	82.0000	23.0000	81.0000
100	S	Ser	unassigned	0.0000	NaN	NaN	NaN	NaN	NaN	NaN	NaN	NaN	100Ser	NaN	None	NaN	NaN	NaN
101	K	Lys	measured	1.0000	7.6862	119.9203	20742900.0000	6944100000.0000	22.2679	13.2679	gaussian	peak fit	101Lys	 101LysN	Joao10	83.0000	58.0000	82.0000
102	V	Val	measured	1.0000	8.4900	121.8341	23816700.0000	26441000000.0000	23.8573	41.0686	gaussian	peak fit	102Val	 102ValN	Joao10	84.0000	39.0000	83.0000
103	L	Leu	measured	1.0000	8.9110	119.7003	26531100.0000	8109200000.0000	21.0647	12.8057	gaussian	peak fit	103Leu	 103LeuN	Joao10	85.0000	65.0000	84.0000
104	L	Leu	measured	1.0000	8.1728	120.5118	33309300.0000	9545450000.0000	17.1540	14.7435	gaussian	peak fit	104Leu	 104LeuN	Joao10	86.0000	54.0000	85.0000
105	S	Ser	measured	1.0000	8.0804	117.4476	45507900.0000	14320600000.0000	18.9665	14.6428	gaussian	peak fit	105Ser	 105SerN	Max2	87.0000	83.0000	86.0000
106	I	Ile	measured	1.0000	8.5117	124.4476	30241600.0000	5775550000.0000	22.7496	27.2700	parabolic	peak fit	106Ile	 106IleN	Max2	88.0000	121.0000	87.0000
107	C	Cys	measured	1.0000	8.3001	119.1836	29891100.0000	7583020000.0000	17.6823	12.6619	gaussian	peak fit	107Cys	 107CysN	Max2	89.0000	68.0000	88.0000
108	S	Ser	measured	1.0000	8.1583	114.5204	44687900.0000	10581300000.0000	17.2197	12.1356	gaussian	peak fit	108Ser	 108SerN	Max2	90.0000	100.0000	89.0000
109	L	Leu	measured	1.0000	7.8579	124.2213	41941700.0000	10447500000.0000	17.8587	12.3099	gaussian	peak fit	109Leu	 109LeuN	Max2	91.0000	18.0000	90.0000
110	L	Leu	measured	0.8000	8.0193	119.4690	33297900.0000	10714500000.0000	19.8901	14.2776	gaussian	peak fit	110Leu	 110LeuN	Joao8	92.0000	82.0000	91.0000
111	C	Cys	measured	1.0000	7.2391	114.2138	32672300.0000	9031910000.0000	19.8468	12.2926	gaussian	peak fit	111Cys	 111CysN	Joao10	93.0000	102.0000	92.0000
112	D	Asp	measured	1.0000	8.1684	118.9119	38330500.0000	3984300000.0000	23.4110	11.9726	parabolic	peak fit	112Asp	 112AspN	Joao10	94.0000	69.0000	93.0000
113	P	Pro	unassigned	0.0000	NaN	NaN	NaN	NaN	NaN	NaN	NaN	NaN	113Pro	NaN	None	NaN	NaN	NaN
114	N	Asn	measured	1.0000	8.6119	115.4742	27691500.0000	9401190000.0000	25.5415	11.7307	gaussian	peak fit	114Asn	 114AsnN	Joao10	95.0000	93.0000	94.0000
115	P	Pro	unassigned	0.0000	NaN	NaN	NaN	NaN	NaN	NaN	NaN	NaN	115Pro	NaN	None	NaN	NaN	NaN
116	D	Asp	measured	0.9000	7.6777	118.0686	48335800.0000	19745900000.0000	21.6323	16.6664	gaussian	peak fit	116Asp	 116AspN	Joao9	96.0000	120.0000	95.0000
117	D	Asp	measured	1.0000	6.7085	118.3819	35535500.0000	2996690000.0000	23.2209	11.0506	parabolic	peak fit	117Asp	 117AspN	Joao10	97.0000	76.0000	96.0000
118	P	Pro	unassigned	0.0000	NaN	NaN	NaN	NaN	NaN	NaN	NaN	NaN	118Pro	NaN	None	NaN	NaN	NaN
119	L	Leu	measured	1.0000	8.6014	118.8708	18193400.0000	2800530000.0000	27.9788	13.6297	parabolic	peak fit	119Leu	 119LeuN	Joao10	98.0000	71.0000	97.0000
120	V	Val	measured	0.9000	7.5652	118.5863	27075800.0000	10637300000.0000	29.9549	11.5749	gaussian	peak fit	120Val	 120ValN	Joao9	99.0000	74.0000	98.0000
121	P	Pro	unassigned	0.0000	NaN	NaN	NaN	NaN	NaN	NaN	NaN	NaN	121Pro	NaN	None	NaN	NaN	NaN
122	D	Asp	unassigned	0.0000	NaN	NaN	NaN	NaN	NaN	NaN	NaN	NaN	122Asp	NaN	None	NaN	NaN	NaN
123	I	Ile	measured	1.0000	6.9061	118.9195	29251500.0000	2341070000.0000	21.8329	12.9718	parabolic	peak fit	123Ile	 123IleN	Max1	100.0000	70.0000	99.0000
124	A	Ala	measured	1.0000	7.7541	121.9742	41376100.0000	9093500000.0000	16.2415	11.9424	gaussian	peak fit	124Ala	 124AlaN	Max1	101.0000	37.0000	100.0000
125	Q	Gln	measured	1.0000	8.0004	115.5219	56398600.0000	11713200000.0000	15.8152	11.5896	gaussian	peak fit	125Gln	 125GlnN	Max1	102.0000	92.0000	101.0000
126	I	Ile	measured	1.0000	7.5562	122.1840	42603700.0000	2919390000.0000	19.2137	13.4100	parabolic	peak fit	126Ile	 126IleN	Max1	103.0000	36.0000	102.0000
127	Y	Tyr	measured	1.0000	8.5032	119.1782	33809700.0000	8364750000.0000	17.7877	12.2752	gaussian	peak fit	127Tyr	 127TyrN	Max1	104.0000	67.0000	103.0000
128	K	Lys	measured	1.0000	7.6600	112.0485	39378300.0000	10162400000.0000	18.1911	12.5203	gaussian	peak fit	128Lys	 128LysN	Max1	105.0000	110.0000	104.0000
129	S	Ser	measured	1.0000	7.8833	112.6909	40162100.0000	34513500000.0000	25.3944	13.7150	lorentzian	peak fit	129Ser	 129SerN	Max1	106.0000	107.0000	105.0000
130	D	Asp	measured	1.0000	9.0415	124.7810	42411900.0000	12328500000.0000	21.3517	12.0150	gaussian	peak fit	130Asp	 130AspN	Max1	107.0000	14.0000	106.0000
131	K	Lys	measured	1.0000	8.6631	125.2392	40323100.0000	24945900000.0000	17.7602	14.1175	lorentzian	peak fit	131Lys	 131LysN	Max1	108.0000	13.0000	107.0000
132	E	Glu	measured	1.0000	8.2430	117.6843	53433900.0000	11294900000.0000	15.7995	11.8075	gaussian	peak fit	132Glu	 132GluN	Max1	109.0000	122.0000	108.0000
133	K	Lys	measured	1.0000	7.6060	123.2294	52426300.0000	11859400000.0000	16.7272	11.9351	gaussian	peak fit	133Lys	 133LysN	Max1	110.0000	25.0000	109.0000
134	Y	Tyr	measured	1.0000	8.2358	118.7684	34844800.0000	8240280000.0000	16.6119	12.5638	gaussian	peak fit	134Tyr	 134TyrN	Max1	111.0000	72.0000	110.0000
135	N	Asn	measured	1.0000	8.6539	117.4895	38617200.0000	8465320000.0000	16.0096	12.0842	gaussian	peak fit	135Asn	 135AsnN	Max1	112.0000	81.0000	111.0000
136	R	Arg	measured	1.0000	7.8872	120.5969	51188700.0000	11065800000.0000	16.1660	11.8016	gaussian	peak fit	136Arg	 136ArgN	Max1	113.0000	53.0000	112.0000
137	H	His	measured	1.0000	7.9756	119.5531	47563100.0000	13170800000.0000	19.0562	12.8245	gaussian	peak fit	137His	 137HisN	Max1	114.0000	80.0000	113.0000
138	A	Ala	measured	1.0000	8.5384	121.4492	42306600.0000	10871200000.0000	17.6894	12.8201	gaussian	peak fit	138Ala	 138AlaN	Max1	115.0000	43.0000	114.0000
139	R	Arg	measured	1.0000	8.5035	121.5499	47496700.0000	12574600000.0000	18.4126	12.6897	gaussian	peak fit	139Arg	 139ArgN	Max1	116.0000	42.0000	115.0000
140	E	Glu	measured	1.0000	8.4493	122.3703	52024400.0000	10973900000.0000	15.5543	11.9685	gaussian	peak fit	140Glu	 140GluN	Max1	117.0000	124.0000	116.0000
141	W	Trp	measured	1.0000	9.2881	119.6957	27283200.0000	6517520000.0000	17.4592	12.0753	gaussian	peak fit	141Trp	 141TrpN	Max1	118.0000	60.0000	117.0000
142	T	Thr	measured	1.0000	8.5083	124.6829	29931700.0000	2086120000.0000	19.3783	27.6812	parabolic	peak fit	142Thr	 142ThrN	Max1	119.0000	15.0000	118.0000
143	Q	Gln	measured	1.0000	8.0927	119.5385	45968900.0000	10895300000.0000	17.3671	12.0443	gaussian	peak fit	143Gln	 143GlnN	Max1	120.0000	64.0000	119.0000
144	K	Lys	measured	1.0000	7.9070	116.0065	53964100.0000	11514100000.0000	16.4047	11.4786	gaussian	peak fit	144Lys	 144LysN	Max1	121.0000	90.0000	120.0000
145	Y	Tyr	measured	1.0000	7.9836	112.4652	30731100.0000	3201100000.0000	23.8075	12.5922	parabolic	peak fit	145Tyr	 145TyrN	Max1	122.0000	108.0000	121.0000
146	A	Ala	measured	1.0000	8.2163	123.1285	32111700.0000	3723190000.0000	23.7555	12.7727	parabolic	peak fit	146Ala	 146AlaN	Max1	123.0000	26.0000	122.0000
147	M	Met	measured	1.0000	7.2466	122.6049	61260100.0000	6273520000.0000	20.5273	11.2269	parabolic	peak fit	147Met	 147MetN	Max1	124.0000	28.0000	123.0000
