Res#	1-letter	3-letter	Peak Status	Merit	Position F1	Position F2	Height	Volume	Line Width F1 (Hz)	Line Width F2 (Hz)	Fit Method	Vol. Method	Assign F1	Assign F2	Details	Number	#	index	H1_delta	N15_delta	CSP	Height_ratio	Vol_ratio	Theo PRE	tag	H_DPRE	H_DPRE_smooth	V_DPRE	V_DPRE_smooth
1	M	Met	unassigned	0.0	NaN	NaN	NaN	NaN	NaN	NaN	NaN	NaN	1Met	NaN	None	NaN	NaN	NaN	NaN	NaN	NaN	NaN	NaN	1	NaN	NaN	0.0	NaN	0.0
2	C	Cys	unassigned	0.0	NaN	NaN	NaN	NaN	NaN	NaN	NaN	NaN	2Cys	NaN	None	NaN	NaN	NaN	NaN	NaN	NaN	NaN	NaN	1	NaN	NaN	0.0	NaN	0.0
3	S	Ser	measured	1.0	8.09994	115.50729	12572000.0	11532600000.0	40.89926	18.49956	gaussian	peak fit	3Ser	 3SerN	None	1.0	55.0	0.0	0.0	0.0	0.0	1.0	1.0	1	NaN	0.0	0.0	0.0	0.0
4	N	Asn	unassigned	0.0	NaN	NaN	NaN	NaN	NaN	NaN	NaN	NaN	4Asn	NaN	None	NaN	NaN	NaN	NaN	NaN	NaN	NaN	NaN	1	NaN	NaN	0.0	NaN	0.0
5	K	Lys	unassigned	0.0	NaN	NaN	NaN	NaN	NaN	NaN	NaN	NaN	5Lys	NaN	None	NaN	NaN	NaN	NaN	NaN	NaN	NaN	NaN	1	NaN	NaN	0.0	NaN	0.0
6	S	Ser	measured	1.0	8.101460000000001	117.07325	18281300.0	16709400000.0	44.89058	16.79383	gaussian	peak fit	6Ser	 6SerN	None	2.0	51.0	1.0	0.0	0.0	0.0	1.0	1.0	1	NaN	0.0	0.0	0.0	0.0
7	K	Lys	measured	1.0	8.18	124.43256000000001	28932300.0	50787400000.0	54.203109999999995	26.71165	gaussian	peak fit	7Lys	 7LysN	None	3.0	78.0	2.0	0.0	0.0	0.0	1.0	1.0	1	NaN	0.0	0.0	0.0	0.0
8	P	Pro	unassigned	0.0	NaN	NaN	NaN	NaN	NaN	NaN	NaN	NaN	8Pro	NaN	None	NaN	NaN	NaN	NaN	NaN	NaN	NaN	NaN	1	NaN	NaN	0.0	NaN	0.0
9	K	Lys	measured	1.0	8.34333	121.91192	19212400.0	18750700000.0	44.235079999999996	18.19785	gaussian	peak fit	9Lys	 9LysN	None	4.0	28.0	3.0	0.0	0.0	0.0	1.0	1.0	1	NaN	0.0	0.0	0.0	0.0
10	D	Asp	measured	1.0	8.14085	121.49735	26355400.0	78800500000.0	48.93046	50.4002	gaussian	peak fit	10Asp	 10AspN	None	5.0	31.0	4.0	0.0	0.0	0.0	1.0	1.0	1	NaN	0.0	0.0	0.0	0.0
11	A	Ala	measured	1.0	8.28315	125.3211	26103900.0	29011100000.0	39.90396	22.97175	gaussian	peak fit	11Ala	 11AlaN	None	6.0	7.0	5.0	0.0	0.0	0.0	1.0	1.0	1	NaN	0.0	0.0	0.0	0.0
12	S	Ser	measured	1.0	8.18313	114.86773000000001	20477400.0	34275400000.0	51.64157	26.73378	gaussian	peak fit	12Ser	 12SerN	None	7.0	58.0	6.0	0.0	0.0	0.0	1.0	1.0	1	NaN	0.0	0.0	0.0	0.0
13	Q	Gln	measured	1.0	8.01175	121.56566000000001	18288800.0	20577100000.0	37.444759999999995	24.78339	gaussian	peak fit	13Gln	 13GlnN	None	8.0	30.0	7.0	0.0	0.0	0.0	1.0	1.0	1	NaN	0.0	0.0	0.0	0.0
14	R	Arg	measured	1.0	8.010530000000001	121.96047	43272500.0	32686700000.0	36.89036	16.88878	gaussian	peak fit	14Arg	 14ArgN	None	9.0	27.0	8.0	0.0	0.0	0.0	1.0	1.0	1	NaN	0.0	0.0	0.0	0.0
15	R	Arg	measured	1.0	8.26131	122.93548999999999	13350200.0	23737500000.0	56.05498000000001	26.1628	gaussian	peak fit	15Arg	 15ArgN	None	10.0	22.0	9.0	0.0	0.0	0.0	1.0	1.0	1	NaN	0.0	0.0	0.0	0.0
16	R	Arg	measured	1.0	8.20272	122.69572	28881900.0	59398500000.0	63.36654	26.76953	gaussian	peak fit	16Arg	 16ArgN	None	11.0	77.0	10.0	0.0	0.0	0.0	1.0	1.0	1	NaN	0.0	0.0	0.0	0.0
17	S	Ser	measured	1.0	8.19417	117.16214	26411900.0	96865600000.0	43.47464	69.58035	gaussian	peak fit	17Ser	 17SerN	None	12.0	73.0	11.0	0.0	0.0	0.0	1.0	1.0	1	NaN	0.0	0.0	0.0	0.0
18	L	Leu	unassigned	0.0	NaN	NaN	NaN	NaN	NaN	NaN	NaN	NaN	18Leu	NaN	None	NaN	NaN	NaN	NaN	NaN	NaN	NaN	NaN	1	NaN	NaN	0.0	NaN	0.0
19	E	Glu	measured	1.0	8.10186	122.99156	18847000.0	31372800000.0	59.94274	22.90482	gaussian	peak fit	19Glu	 19GluN	None	13.0	20.0	12.0	0.0	0.0	0.0	1.0	1.0	1	NaN	0.0	0.0	0.0	0.0
20	P	Pro	unassigned	0.0	NaN	NaN	NaN	NaN	NaN	NaN	NaN	NaN	20Pro	NaN	None	NaN	NaN	NaN	NaN	NaN	NaN	NaN	NaN	1	NaN	NaN	0.0	NaN	0.0
21	A	Ala	measured	1.0	8.26125	124.10015	19202500.0	30150700000.0	50.34021	25.72625	gaussian	peak fit	21Ala	 21AlaN	None	14.0	14.0	13.0	0.0	0.0	0.0	1.0	1.0	1	NaN	0.0	0.0	0.0	0.0
22	E	Glu	measured	1.0	8.16992	119.36926000000001	22391800.0	24637600000.0	43.02532	21.09296	gaussian	peak fit	22Glu	 22GluN	None	15.0	44.0	14.0	0.0	0.0	0.0	1.0	1.0	1	NaN	0.0	0.0	0.0	0.0
23	N	Asn	measured	1.0	8.228110000000001	119.90652	24151400.0	22581100000.0	42.84272	18.00021	gaussian	peak fit	23Asn	 23AsnN	None	16.0	41.0	15.0	0.0	0.0	0.0	1.0	1.0	1	NaN	0.0	0.0	0.0	0.0
24	V	Val	measured	1.0	7.8544	120.27806000000001	25504900.0	15596600000.0	35.23611	14.31432	gaussian	peak fit	24Val	 24ValN	None	17.0	38.0	16.0	0.0	0.0	0.0	1.0	1.0	1	NaN	0.0	0.0	0.0	0.0
25	H	His	measured	1.0	8.2332	122.21207	34941800.0	51099900000.0	44.57887	27.058120000000002	gaussian	peak fit	25His	 25HisN	None	18.0	26.0	17.0	0.0	0.0	0.0	1.0	1.0	1	NaN	0.0	0.0	0.0	0.0
26	G	Gly	measured	1.0	8.13743	110.22818000000001	23026600.0	18369000000.0	38.7238	16.9914	gaussian	peak fit	26Gly	 26GlyN	None	19.0	63.0	18.0	0.0	0.0	0.0	1.0	1.0	1	NaN	0.0	0.0	0.0	0.0
27	A	Ala	measured	1.0	8.11674	123.74628999999999	60370700.0	57265300000.0	40.05489	19.53268	gaussian	peak fit	27Ala	 27AlaN	None	20.0	15.0	19.0	0.0	0.0	0.0	1.0	1.0	1	NaN	0.0	0.0	0.0	0.0
28	G	Gly	measured	1.0	8.32442	108.38917	32339700.0	21551100000.0	36.97508	14.86541	gaussian	peak fit	28Gly	 28GlyN	None	21.0	68.0	20.0	0.0	0.0	0.0	1.0	1.0	1	NaN	0.0	0.0	0.0	0.0
29	G	Gly	measured	1.0	8.1131	108.62256000000001	57001700.0	51146200000.0	49.518	14.94564	gaussian	peak fit	29Gly	 29GlyN	None	22.0	66.0	21.0	0.0	0.0	0.0	1.0	1.0	1	NaN	0.0	0.0	0.0	0.0
30	G	Gly	measured	1.0	8.08208	108.59284	55900600.0	72953100000.0	66.37424	16.21733	gaussian	peak fit	30Gly	 30GlyN	None	23.0	67.0	22.0	0.0	0.0	0.0	1.0	1.0	1	NaN	0.0	0.0	0.0	0.0
31	A	Ala	measured	1.0	7.8876100000000005	123.18876999999999	24943000.0	17256800000.0	34.70856	16.4409	gaussian	peak fit	31Ala	 31AlaN	None	24.0	19.0	23.0	0.0	0.0	0.0	1.0	1.0	1	NaN	0.0	0.0	0.0	0.0
32	F	Phe	measured	1.0	8.00873	120.13745	22651800.0	17500500000.0	38.36495	16.609820000000003	gaussian	peak fit	32Phe	 32PheN	None	25.0	39.0	24.0	0.0	0.0	0.0	1.0	1.0	1	NaN	0.0	0.0	0.0	0.0
33	P	Pro	unassigned	0.0	NaN	NaN	NaN	NaN	NaN	NaN	NaN	NaN	33Pro	NaN	None	NaN	NaN	NaN	NaN	NaN	NaN	NaN	NaN	1	NaN	NaN	0.0	NaN	0.0
34	A	Ala	measured	1.0	8.35067	124.8257	27951500.0	21412800000.0	37.6443	16.78501	gaussian	peak fit	34Ala	 34AlaN	None	26.0	9.0	25.0	0.0	0.0	0.0	1.0	1.0	1	NaN	0.0	0.0	0.0	0.0
35	S	Ser	measured	1.0	8.1491	115.11283	29379800.0	27875800000.0	41.87583	18.688129999999997	gaussian	peak fit	35Ser	 35SerN	None	27.0	56.0	26.0	0.0	0.0	0.0	1.0	1.0	1	NaN	0.0	0.0	0.0	0.0
36	Q	Gln	measured	1.0	8.222669999999999	122.11153999999999	33417800.0	63048000000.0	47.07291	33.05786	gaussian	peak fit	36Gln	 36GlnN	None	28.0	76.0	27.0	0.0	0.0	0.0	1.0	1.0	1	NaN	0.0	0.0	0.0	0.0
37	T	Thr	measured	1.0	8.09795	118.52686000000001	26415300.0	25107500000.0	40.7955	19.21712	gaussian	peak fit	37Thr	 37ThrN	None	29.0	48.0	28.0	0.0	0.0	0.0	1.0	1.0	1	NaN	0.0	0.0	0.0	0.0
38	P	Pro	unassigned	0.0	NaN	NaN	NaN	NaN	NaN	NaN	NaN	NaN	38Pro	NaN	None	NaN	NaN	NaN	NaN	NaN	NaN	NaN	NaN	1	NaN	NaN	0.0	NaN	0.0
39	S	Ser	measured	1.0	8.288	117.02015	21592100.0	21563800000.0	41.82933	19.6925	gaussian	peak fit	39Ser	 39SerN	None	30.0	53.0	29.0	0.0	0.0	0.0	1.0	1.0	1	NaN	0.0	0.0	0.0	0.0
40	K	Lys	measured	1.0	8.16847	124.20415	28153100.0	53413000000.0	54.52025	28.70213	gaussian	peak fit	40Lys	 40LysN	None	31.0	13.0	30.0	0.0	0.0	0.0	1.0	1.0	1	NaN	0.0	0.0	0.0	0.0
41	P	Pro	unassigned	0.0	NaN	NaN	NaN	NaN	NaN	NaN	NaN	NaN	41Pro	NaN	None	NaN	NaN	NaN	NaN	NaN	NaN	NaN	NaN	1	NaN	NaN	0.0	NaN	0.0
42	A	Ala	measured	1.0	8.268510000000001	124.48778999999999	25267700.0	27424300000.0	47.01494	19.04081	gaussian	peak fit	42Ala	 42AlaN	None	32.0	10.0	31.0	0.0	0.0	0.0	1.0	1.0	1	NaN	0.0	0.0	0.0	0.0
43	S	Ser	measured	1.0	8.10941	114.64412	21894400.0	22813300000.0	40.123740000000005	21.419320000000003	gaussian	peak fit	43Ser	 43SerN	None	33.0	59.0	32.0	0.0	0.0	0.0	1.0	1.0	1	NaN	0.0	0.0	0.0	0.0
44	A	Ala	measured	1.0	8.117180000000001	125.98111999999999	22242700.0	15716700000.0	36.43905	15.99405	gaussian	peak fit	44Ala	 44AlaN	None	34.0	5.0	33.0	0.0	0.0	0.0	1.0	1.0	1	NaN	0.0	0.0	0.0	0.0
45	D	Asp	measured	1.0	8.14633	121.7992	32659700.0	58674200000.0	55.923080000000006	26.496909999999996	gaussian	peak fit	45Asp	 45AspN	None	35.0	29.0	34.0	0.0	0.0	0.0	1.0	1.0	1	NaN	0.0	0.0	0.0	0.0
46	G	Gly	measured	1.0	8.042539999999999	108.87643	31978400.0	29025300000.0	40.98833	18.26462	gaussian	peak fit	46Gly	 46GlyN	None	36.0	65.0	35.0	0.0	0.0	0.0	1.0	1.0	1	NaN	0.0	0.0	0.0	0.0
47	H	His	measured	1.0	8.05528	119.19618	24306000.0	22866900000.0	41.430409999999995	18.72953	gaussian	peak fit	47His	 47HisN	None	37.0	45.0	36.0	0.0	0.0	0.0	1.0	1.0	1	NaN	0.0	0.0	0.0	0.0
48	R	Arg	measured	1.0	8.1848	122.73402	40266800.0	55588500000.0	53.72054	21.19577	gaussian	peak fit	48Arg	 48ArgN	None	38.0	80.0	37.0	0.0	0.0	0.0	1.0	1.0	1	NaN	0.0	0.0	0.0	0.0
49	G	Gly	measured	1.0	8.05365	109.98748	23434600.0	16180900000.0	38.23076	14.8965	gaussian	peak fit	49Gly	 49GlyN	None	39.0	64.0	38.0	0.0	0.0	0.0	1.0	1.0	1	NaN	0.0	0.0	0.0	0.0
50	P	Pro	unassigned	0.0	NaN	NaN	NaN	NaN	NaN	NaN	NaN	NaN	50Pro	NaN	None	NaN	NaN	NaN	NaN	NaN	NaN	NaN	NaN	1	NaN	NaN	0.0	NaN	0.0
51	S	Ser	measured	1.0	8.29643	116.34563	25463300.0	19720000000.0	38.39647	16.63615	gaussian	peak fit	51Ser	 51SerN	None	40.0	54.0	39.0	0.0	0.0	0.0	1.0	1.0	1	NaN	0.0	0.0	0.0	0.0
52	A	Ala	measured	1.0	8.29924	126.27838	29975000.0	27294400000.0	40.089729999999996	18.7341	gaussian	peak fit	52Ala	 52AlaN	None	41.0	4.0	40.0	0.0	0.0	0.0	1.0	1.0	1	NaN	0.0	0.0	0.0	0.0
53	A	Ala	measured	1.0	7.940230000000001	122.66216999999999	22272600.0	19724400000.0	40.78678	17.90873	gaussian	peak fit	53Ala	 53AlaN	None	42.0	24.0	41.0	0.0	0.0	0.0	1.0	1.0	1	NaN	0.0	0.0	0.0	0.0
54	F	Phe	measured	1.0	8.0046	118.87836999999999	35988800.0	25502700000.0	37.74015	15.487020000000001	gaussian	peak fit	54Phe	 54PheN	None	43.0	47.0	42.0	0.0	0.0	0.0	1.0	1.0	1	NaN	0.0	0.0	0.0	0.0
55	A	Ala	measured	1.0	7.8910800000000005	127.35458999999999	15272500.0	12375800000.0	38.05888	17.561410000000002	gaussian	peak fit	55Ala	 55AlaN	None	44.0	1.0	43.0	0.0	0.0	0.0	1.0	1.0	1	NaN	0.0	0.0	0.0	0.0
56	P	Pro	unassigned	0.0	NaN	NaN	NaN	NaN	NaN	NaN	NaN	NaN	56Pro	NaN	None	NaN	NaN	NaN	NaN	NaN	NaN	NaN	NaN	1	NaN	NaN	0.0	NaN	0.0
57	A	Ala	measured	1.0	8.19737	124.36861	28764400.0	61513400000.0	64.49494	27.348959999999998	gaussian	peak fit	57Ala	 57AlaN	None	45.0	11.0	44.0	0.0	0.0	0.0	1.0	1.0	1	NaN	0.0	0.0	0.0	0.0
58	A	Ala	measured	1.0	8.1167	123.75246000000001	60370700.0	57265300000.0	40.05485	19.5327	gaussian	peak fit	58Ala	 58AlaN	None	46.0	79.0	45.0	0.0	0.0	0.0	1.0	1.0	1	NaN	0.0	0.0	0.0	0.0
59	A	Ala	measured	1.0	8.06222	123.44809	20600400.0	86584300000.0	135.97523999999999	25.49496	gaussian	peak fit	59Ala	 59AlaN	None	47.0	17.0	46.0	0.0	0.0	0.0	1.0	1.0	1	NaN	0.0	0.0	0.0	0.0
60	E	Glu	measured	1.0	7.8474699999999995	119.13416000000001	22939100.0	20844100000.0	38.21826	19.61046	gaussian	peak fit	60Glu	 60GluN	None	48.0	46.0	47.0	0.0	0.0	0.0	1.0	1.0	1	NaN	0.0	0.0	0.0	0.0
61	P	Pro	unassigned	0.0	NaN	NaN	NaN	NaN	NaN	NaN	NaN	NaN	61Pro	NaN	None	NaN	NaN	NaN	NaN	NaN	NaN	NaN	NaN	1	NaN	NaN	0.0	NaN	0.0
62	K	Lys	measured	1.0	8.20197	121.62293999999999	25838000.0	82356600000.0	65.4602	40.16185	gaussian	peak fit	62Lys	 62LysN	None	49.0	75.0	48.0	0.0	0.0	0.0	1.0	1.0	1	NaN	0.0	0.0	0.0	0.0
63	L	Leu	measured	1.0	8.01928	123.35338	21047800.0	34024300000.0	58.71805	22.70721	gaussian	peak fit	63Leu	 63LeuN	None	50.0	18.0	49.0	0.0	0.0	0.0	1.0	1.0	1	NaN	0.0	0.0	0.0	0.0
64	F	Phe	measured	1.0	8.16928	121.20843	22267100.0	49995300000.0	60.640919999999994	30.53875	gaussian	peak fit	64Phe	 64PheN	None	51.0	32.0	50.0	0.0	0.0	0.0	1.0	1.0	1	NaN	0.0	0.0	0.0	0.0
65	G	Gly	measured	1.0	8.17672	111.17288	16128800.0	13312600000.0	38.56749	17.651870000000002	gaussian	peak fit	65Gly	 65GlyN	None	52.0	62.0	51.0	0.0	0.0	0.0	1.0	1.0	1	NaN	0.0	0.0	0.0	0.0
66	G	Gly	measured	1.0	7.52882	107.74391000000001	19037500.0	13401600000.0	37.48597	15.48915	gaussian	peak fit	66Gly	 66GlyN	None	53.0	70.0	52.0	0.0	0.0	0.0	1.0	1.0	1	NaN	0.0	0.0	0.0	0.0
67	F	Phe	measured	1.0	7.9671899999999996	119.83599	19615100.0	17956100000.0	40.953590000000005	18.43666	gaussian	peak fit	67Phe	 67PheN	None	54.0	42.0	53.0	0.0	0.0	0.0	1.0	1.0	1	NaN	0.0	0.0	0.0	0.0
68	N	Asn	unassigned	0.0	NaN	NaN	NaN	NaN	NaN	NaN	NaN	NaN	68Asn	NaN	None	NaN	NaN	NaN	NaN	NaN	NaN	NaN	NaN	1	NaN	NaN	0.0	NaN	0.0
69	S	Ser	measured	1.0	8.17774	117.06408	27395400.0	53610300000.0	48.13053	33.535309999999996	gaussian	peak fit	69Ser	 69SerN	None	55.0	52.0	54.0	0.0	0.0	0.0	1.0	1.0	1	NaN	0.0	0.0	0.0	0.0
70	S	Ser	measured	1.0	8.19709	117.34291999999999	36457500.0	37720100000.0	40.27817	21.18692	gaussian	peak fit	70Ser	 70SerN	None	56.0	50.0	55.0	0.0	0.0	0.0	1.0	1.0	1	NaN	0.0	0.0	0.0	0.0
71	D	Asp	unassigned	0.0	NaN	NaN	NaN	NaN	NaN	NaN	NaN	NaN	71Asp	NaN	None	NaN	NaN	NaN	NaN	NaN	NaN	NaN	NaN	1	NaN	NaN	0.0	NaN	0.0
72	T	Thr	measured	1.0	7.86556	114.38545	30044900.0	19345200000.0	35.3965	15.00353	gaussian	peak fit	72Thr	 72ThrN	None	57.0	60.0	56.0	0.0	0.0	0.0	1.0	1.0	1	NaN	0.0	0.0	0.0	0.0
73	V	Val	measured	1.0	7.99604	122.98371000000002	21851600.0	23362300000.0	40.96784	21.524910000000002	gaussian	peak fit	73Val	 73ValN	None	58.0	21.0	57.0	0.0	0.0	0.0	1.0	1.0	1	NaN	0.0	0.0	0.0	0.0
74	T	Thr	measured	1.0	8.07704	118.11165	22969400.0	20980300000.0	39.54588	19.050829999999998	gaussian	peak fit	74Thr	 74ThrN	None	59.0	49.0	58.0	0.0	0.0	0.0	1.0	1.0	1	NaN	0.0	0.0	0.0	0.0
75	S	Ser	measured	1.0	8.12613	119.72563000000001	22091400.0	21084800000.0	43.62291	18.046110000000002	gaussian	peak fit	75Ser	 75SerN	None	60.0	43.0	59.0	0.0	0.0	0.0	1.0	1.0	1	NaN	0.0	0.0	0.0	0.0
76	P	Pro	unassigned	0.0	NaN	NaN	NaN	NaN	NaN	NaN	NaN	NaN	76Pro	NaN	None	NaN	NaN	NaN	NaN	NaN	NaN	NaN	NaN	1	NaN	NaN	0.0	NaN	0.0
77	Q	Gln	measured	1.0	8.257769999999999	120.42347	17408700.0	20379000000.0	46.253609999999995	20.87483	gaussian	peak fit	77Gln	 77GlnN	None	61.0	36.0	60.0	0.0	0.0	0.0	1.0	1.0	1	NaN	0.0	0.0	0.0	0.0
78	R	Arg	measured	1.0	8.16952	122.76511	40916400.0	49595000000.0	47.9454	20.851860000000002	gaussian	peak fit	78Arg	 78ArgN	None	62.0	23.0	61.0	0.0	0.0	0.0	1.0	1.0	1	NaN	0.0	0.0	0.0	0.0
79	A	Ala	measured	1.0	8.20185	125.60898999999999	13959900.0	14533200000.0	41.52045	20.6809	gaussian	peak fit	79Ala	 79AlaN	None	63.0	6.0	62.0	0.0	0.0	0.0	1.0	1.0	1	NaN	0.0	0.0	0.0	0.0
80	G	Gly	measured	1.0	8.054039999999999	108.54827	52969000.0	69477600000.0	60.23478000000001	17.96089	gaussian	peak fit	80Gly	 80GlyN	None	64.0	72.0	63.0	0.0	0.0	0.0	1.0	1.0	1	NaN	0.0	0.0	0.0	0.0
81	P	Pro	unassigned	0.0	NaN	NaN	NaN	NaN	NaN	NaN	NaN	NaN	81Pro	NaN	None	NaN	NaN	NaN	NaN	NaN	NaN	NaN	NaN	1	NaN	NaN	0.0	NaN	0.0
82	L	Leu	measured	1.0	8.18547	121.78708999999999	26450800.0	161977000000.0	135.08702	37.38964	gaussian	peak fit	82Leu	 82LeuN	None	65.0	74.0	64.0	0.0	0.0	0.0	1.0	1.0	1	NaN	0.0	0.0	0.0	0.0
83	A	Ala	measured	1.0	8.079139999999999	124.97667	11355800.0	10355400000.0	39.76368	18.9154	gaussian	peak fit	83Ala	 83AlaN	None	66.0	8.0	65.0	0.0	0.0	0.0	1.0	1.0	1	NaN	0.0	0.0	0.0	0.0
84	G	Gly	measured	1.0	8.15525	108.02803999999999	15697100.0	17561800000.0	47.71111	19.3411	gaussian	peak fit	84Gly	 84GlyN	None	67.0	69.0	66.0	0.0	0.0	0.0	1.0	1.0	1	NaN	0.0	0.0	0.0	0.0
85	G	Gly	measured	1.0	8.005139999999999	108.41406	17845400.0	38304800000.0	93.72936999999999	18.88876	gaussian	peak fit	85Gly	 85GlyN	None	68.0	71.0	67.0	0.0	0.0	0.0	1.0	1.0	1	NaN	0.0	0.0	0.0	0.0
