Res#,1-letter,3-letter,Peak Status,fit,ymax,yhalf,kd,n_hill
31,P,Pro,unassigned,,,,,
32,V,Val,measured,OK,-0.074,-0.037,515.414,2.281
33,T,Thr,unassigned,,,,,
34,S,Ser,unassigned,,,,,
35,F,Phe,measured,OK,0.117,0.058,75.049,1.076
36,D,Asp,measured,OK,0.088,0.044,760.036,1.454
37,C,Cys,measured,OK,0.778,0.389,509.468,2.414
38,A,Ala,measured,No Data,,,,
39,V,Val,measured,No Data,,,,
40,C,Cys,measured,OK,-0.167,-0.083,574.924,2.027
41,L,Leu,measured,OK,-0.207,-0.104,130.302,7.715
42,E,Glu,measured,OK,0.025,0.012,1075.377,27.322
43,V,Val,measured,OK,-0.318,-0.159,663.857,2.949
44,L,Leu,measured,OK,0.397,0.199,552.880,1.830
45,H,His,measured,OK,-0.053,-0.026,287.018,4.567
46,Q,Gln,measured,OK,0.141,0.070,582.749,1.514
47,P,Pro,unassigned,,,,,
48,V,Val,unassigned,,,,,
49,R,Arg,unassigned,,,,,
50,T,Thr,unassigned,,,,,
51,R,Arg,unassigned,,,,,
52,C,Cys,measured,OK,-0.186,-0.093,495.118,2.218
53,G,Gly,measured,OK,-0.039,-0.019,418.414,3.721
54,H,His,measured,OK,0.142,0.071,714.577,1.536
55,V,Val,measured,OK,0.712,0.356,483.771,2.500
56,F,Phe,measured,OK,-0.269,-0.135,511.478,1.725
57,C,Cys,unassigned,,,,,
58,R,Arg,unassigned,,,,,
59,S,Ser,unassigned,,,,,
60,C,Cys,unassigned,,,,,
61,I,Ile,unassigned,,,,,
62,A,Ala,unassigned,,,,,
63,T,Thr,unassigned,,,,,
64,S,Ser,unassigned,,,,,
65,L,Leu,unassigned,,,,,
66,K,Lys,unassigned,,,,,
67,N,Asn,unassigned,,,,,
68,N,Asn,unassigned,,,,,
69,K,Lys,unassigned,,,,,
70,W,Trp,unassigned,,,,,
71,T,Thr,unassigned,,,,,
72,C,Cys,unassigned,,,,,
73,P,Pro,unassigned,,,,,
74,Y,Tyr,unassigned,,,,,
75,C,Cys,unassigned,,,,,
76,R,Arg,unassigned,,,,,
77,A,Ala,unassigned,,,,,
78,Y,Tyr,unassigned,,,,,
79,L,Leu,unassigned,,,,,
80,P,Pro,unassigned,,,,,
81,S,Ser,measured,OK,0.914,0.457,479.810,2.722
82,E,Glu,unassigned,,,,,
83,G,Gly,unassigned,,,,,
84,V,Val,unassigned,,,,,
85,P,Pro,unassigned,,,,,
86,A,Ala,measured,OK,0.061,0.031,500.875,36.004
87,T,Thr,measured,OK,0.010,0.005,89.211,1.973
88,D,Asp,unassigned,,,,,
89,V,Val,measured,OK,0.208,0.104,643.969,1.602
90,A,Ala,measured,OK,-0.187,-0.094,601.915,4.083
91,K,Lys,measured,OK,-0.036,-0.018,492.138,3.265
92,R,Arg,measured,OK,0.351,0.176,523.258,1.932
93,M,Met,measured,OK,-0.309,-0.154,565.456,2.076
94,K,Lys,measured,OK,-0.108,-0.054,512.769,2.525
95,S,Ser,measured,OK,-0.130,-0.065,738.199,1.642
96,E,Glu,measured,OK,-0.495,-0.248,499.599,2.337
97,Y,Tyr,measured,OK,-0.124,-0.062,427.929,2.650
98,K,Lys,measured,OK,-0.451,-0.226,541.915,2.258
99,N,Asn,measured,OK,-0.362,-0.181,602.376,1.967
100,C,Cys,measured,OK,-0.155,-0.078,479.643,2.524
101,A,Ala,measured,OK,0.045,0.023,384.856,2.735
102,E,Glu,measured,OK,-0.584,-0.292,493.731,2.729
103,C,Cys,measured,Failed,,,,
104,D,Asp,measured,OK,-0.409,-0.204,375.531,3.111
105,T,Thr,measured,OK,0.455,0.228,415.956,2.346
106,L,Leu,measured,OK,0.541,0.270,521.770,2.181
107,V,Val,measured,OK,0.258,0.129,498.986,1.967
108,C,Cys,measured,OK,0.164,0.082,466.635,2.058
109,L,Leu,measured,OK,0.177,0.088,695.786,1.625
110,S,Ser,measured,OK,0.571,0.286,506.218,1.909
111,E,Glu,measured,OK,-0.135,-0.068,573.176,1.611
112,M,Met,measured,OK,-0.010,-0.005,386.155,90.653
113,R,Arg,measured,OK,0.029,0.014,123.520,35.052
114,A,Ala,measured,OK,0.335,0.168,604.394,1.859
115,H,His,measured,OK,-0.343,-0.171,555.142,1.676
116,I,Ile,measured,OK,-0.816,-0.408,428.684,2.110
117,R,Arg,measured,OK,0.456,0.228,471.862,1.963
118,T,Thr,measured,OK,-0.484,-0.242,443.552,2.096
119,C,Cys,measured,OK,0.114,0.057,593.301,3.048
120,Q,Gln,unassigned,,,,,
121,K,Lys,measured,OK,-0.212,-0.106,600.850,1.873
122,Y,Tyr,measured,OK,0.944,0.472,428.378,2.225
123,I,Ile,measured,OK,0.005,0.003,325.420,0.000
124,D,Asp,measured,OK,0.064,0.032,369.713,1.798
125,K,Lys,measured,OK,-0.518,-0.259,354.315,1.476
126,Y,Tyr,measured,Failed,,,,
127,G,Gly,measured,OK,0.184,0.092,558.302,1.684
128,P,Pro,unassigned,,,,,
