Res#	1-letter	3-letter	Peak Status	Merit	Position F1	Position F2	Height	Volume	Line Width F1 (Hz)	Line Width F2 (Hz)	Fit Method	Vol. Method	Assign F1	Assign F2	Details	Number	#	index	H1_delta	N15_delta	Height_ratio	Vol_ratio	CSP
1	M	Met	unassigned	0.0	NaN	NaN	NaN	NaN	NaN	NaN	NaN	NaN	1Met	NaN	None	NaN	NaN	NaN	NaN	NaN	NaN	NaN	NaN
2	A	Ala	measured	1.0	8.28445	123.55603	3138040.0	3292920000.0	19.41518	23.00945	gaussian	peak fit	2Ala	 2AlaN	Max1	1.0	22.0	0.0	0.0	0.0	1.0	1.0	0.0
3	L	Leu	measured	1.0	8.11456	117.1569	14931000.0	5469820000.0	20.488979999999998	15.779739999999999	gaussian	peak fit	3Leu	 3LeuN	Max1	2.0	84.0	1.0	0.0	0.0	1.0	1.0	0.0
4	K	Lys	measured	1.0	7.94905	117.50318999999999	10390000.0	1699840000.0	22.41597	16.21027	gaussian	peak fit	4Lys	 4LysN	Max1	3.0	117.0	2.0	0.0	0.0	1.0	1.0	0.0
5	R	Arg	measured	1.0	7.8032	121.07354	1812090.0	183248000.0	29.896559999999997	20.61216	gaussian	peak fit	5Arg	 5ArgN	Max1	4.0	47.0	3.0	0.0	0.0	1.0	1.0	0.0
6	I	Ile	measured	1.0	8.687510000000001	121.98053999999999	3236370.0	386947000.0	29.76468	23.39001	parabolic	peak fit	6Ile	 6IleN	Max1	5.0	32.0	4.0	0.0	0.0	1.0	1.0	0.0
7	Q	Gln	measured	1.0	8.53544	117.49247	11361800.0	1587170000.0	27.908640000000002	16.25206	gaussian	peak fit	7Gln	 7GlnN	Max1	6.0	83.0	5.0	0.0	0.0	1.0	1.0	0.0
8	K	Lys	unassigned	0.0	NaN	NaN	NaN	NaN	NaN	NaN	NaN	NaN	8Lys	NaN	None	NaN	NaN	NaN	NaN	NaN	NaN	NaN	NaN
9	E	Glu	measured	1.0	8.65098	119.59771	6803040.0	1066440000.0	32.42808	19.93287	parabolic	peak fit	9Glu	 9GluN	Max1	7.0	65.0	6.0	0.0	0.0	1.0	1.0	0.0
10	L	Leu	measured	1.0	8.80683	120.40025	13052100.0	1191620000.0	19.106270000000002	15.888570000000001	gaussian	peak fit	10Leu	 10LeuN	Max1	8.0	54.0	7.0	0.0	0.0	1.0	1.0	0.0
11	S	Ser	measured	1.0	8.2362	114.55573999999999	5590330.0	836290000.0	90.6966	17.92527	parabolic	peak fit	11Ser	 11SerN	Max1	9.0	98.0	8.0	0.0	0.0	1.0	1.0	0.0
12	D	Asp	measured	1.0	8.47105	122.19471000000001	20258600.0	1982280000.0	23.9082	17.94905	parabolic	peak fit	12Asp	 12AspN	Max1	10.0	31.0	9.0	0.0	0.0	1.0	1.0	0.0
13	L	Leu	measured	1.0	8.23002	122.08248	7151670.0	1862650000.0	74.63988	28.178859999999997	parabolic	peak fit	13Leu	 13LeuN	Max1	11.0	37.0	10.0	0.0	0.0	1.0	1.0	0.0
14	Q	Gln	measured	1.0	8.03233	115.10625	15605800.0	1598160000.0	23.662760000000002	17.462770000000003	parabolic	peak fit	14Gln	 14GlnN	Max1	12.0	95.0	11.0	0.0	0.0	1.0	1.0	0.0
15	R	Arg	measured	1.0	7.70298	118.24346000000001	7554150.0	1433880000.0	30.630909999999997	34.46823	parabolic	peak fit	15Arg	 15ArgN	Max1	13.0	76.0	12.0	0.0	0.0	1.0	1.0	0.0
16	D	Asp	measured	1.0	7.73804	117.05417	9291520.0	1217820000.0	28.85997	14.378620000000002	gaussian	peak fit	16Asp	 16AspN	Joao10	14.0	85.0	13.0	0.0	0.0	1.0	1.0	0.0
17	P	Pro	unassigned	0.0	NaN	NaN	NaN	NaN	NaN	NaN	NaN	NaN	17Pro	NaN	None	NaN	NaN	NaN	NaN	NaN	NaN	NaN	NaN
18	P	Pro	unassigned	0.0	NaN	NaN	NaN	NaN	NaN	NaN	NaN	NaN	18Pro	NaN	None	NaN	NaN	NaN	NaN	NaN	NaN	NaN	NaN
19	A	Ala	unassigned	0.0	NaN	NaN	NaN	NaN	NaN	NaN	NaN	NaN	19Ala	NaN	None	NaN	NaN	NaN	NaN	NaN	NaN	NaN	NaN
20	H	His	measured	1.0	7.95631	121.7595	7175110.0	792917000.0	27.39118	23.19192	gaussian	peak fit	20His	 20HisN	Max3	15.0	110.0	14.0	0.0	0.0	1.0	1.0	0.0
21	C	Cys	measured	0.5	8.41767	114.69388000000001	6550880.0	123123000.0	32.59185	16.693360000000002	parabolic	peak fit	21Cys	 21CysN	Max1	16.0	121.0	15.0	0.0	0.0	1.0	1.0	0.0
22	S	Ser	measured	1.0	8.1796	111.40643999999999	6204480.0	518250000.0	27.43342	16.19606	gaussian	peak fit	22Ser	 22SerN	Max1	17.0	105.0	16.0	0.0	0.0	1.0	1.0	0.0
23	A	Ala	measured	1.0	8.27155	121.78334	17645500.0	2319820000.0	23.16376	18.83785	gaussian	peak fit	23Ala	 23AlaN	Max1	18.0	40.0	17.0	0.0	0.0	1.0	1.0	0.0
24	G	Gly	measured	1.0	8.041080000000001	103.99636	11964300.0	1345880000.0	23.25262	16.59757	gaussian	peak fit	24Gly	 24GlyN	Max1	19.0	115.0	18.0	0.0	0.0	1.0	1.0	0.0
25	P	Pro	unassigned	0.0	NaN	NaN	NaN	NaN	NaN	NaN	NaN	NaN	25Pro	NaN	None	NaN	NaN	NaN	NaN	NaN	NaN	NaN	NaN
26	V	Val	measured	1.0	8.52088	122.99869	9198860.0	1152930000.0	30.8569	19.68684	parabolic	peak fit	26Val	 26ValN	Max1	20.0	33.0	19.0	0.0	0.0	1.0	1.0	0.0
27	G	Gly	measured	1.0	8.77241	115.23666000000001	4879540.0	465077000.0	29.79487	19.299220000000002	parabolic	peak fit	27Gly	 27GlyN	Max1	21.0	94.0	20.0	0.0	0.0	1.0	1.0	0.0
28	D	Asp	measured	1.0	8.56033	123.00509	9198860.0	1181710000.0	30.8569	19.68684	parabolic	peak fit	28Asp	 28AspN	Max1	22.0	28.0	21.0	0.0	0.0	1.0	1.0	0.0
29	D	Asp	measured	0.5	7.98663	119.78622	10098100.0	900598000.0	36.094840000000005	34.56277	parabolic	peak fit	29Asp	 29AspN	Joao7	23.0	1.0	22.0	0.0	0.0	1.0	1.0	0.0
30	L	Leu	measured	1.0	8.70535	125.87326000000002	6382910.0	11078800000.0	26.789659999999998	18.93287	gaussian	peak fit	30Leu	 30LeuN	Joao10	24.0	12.0	23.0	0.0	0.0	1.0	1.0	0.0
31	F	Phe	measured	1.0	8.40982	112.07831000000002	6794140.0	610087000.0	26.02731	15.62631	parabolic	peak fit	31Phe	 31PheN	Joao10	25.0	108.0	24.0	0.0	0.0	1.0	1.0	0.0
32	H	His	measured	0.5	8.01517	119.76135	5357370.0	150625000.0	79.42348	38.434090000000005	parabolic	peak fit	32His	 32HisN	Joao7	26.0	119.0	25.0	0.0	0.0	1.0	1.0	0.0
33	W	Trp	measured	1.0	9.72977	123.93328999999999	4229320.0	5562870000.0	23.36383	22.81626	lorentzian	peak fit	33Trp	 33TrpN	Max1	27.0	21.0	26.0	0.0	0.0	1.0	1.0	0.0
34	Q	Gln	measured	1.0	8.73059	119.4342	6094650.0	8201710000.0	23.47577	16.90695	gaussian	peak fit	34Gln	 34GlnN	Max1	28.0	66.0	27.0	0.0	0.0	1.0	1.0	0.0
35	A	Ala	measured	1.0	8.947239999999999	126.25695	7681140.0	1833700000.0	30.311	18.75941	gaussian	peak fit	35Ala	 35AlaN	Max1	29.0	20.0	28.0	0.0	0.0	1.0	1.0	0.0
36	T	Thr	measured	1.0	8.88937	113.65742	8739890.0	8838790000.0	20.60266	17.89176	gaussian	peak fit	36Thr	 36ThrN	Max1	30.0	104.0	29.0	0.0	0.0	1.0	1.0	0.0
37	I	Ile	unassigned	0.0	NaN	NaN	NaN	NaN	NaN	NaN	NaN	NaN	37Ile	NaN	None	NaN	NaN	NaN	NaN	NaN	NaN	NaN	NaN
38	M	Met	unassigned	0.0	NaN	NaN	NaN	NaN	NaN	NaN	NaN	NaN	38Met	NaN	None	NaN	NaN	NaN	NaN	NaN	NaN	NaN	NaN
39	G	Gly	measured	1.0	8.99652	109.13168	5674450.0	703980000.0	17.8213	16.62095	gaussian	peak fit	39Gly	 39GlyN	Joao10	31.0	113.0	30.0	0.0	0.0	1.0	1.0	0.0
40	P	Pro	unassigned	0.0	NaN	NaN	NaN	NaN	NaN	NaN	NaN	NaN	40Pro	NaN	None	NaN	NaN	NaN	NaN	NaN	NaN	NaN	NaN
41	P	Pro	unassigned	0.0	NaN	NaN	NaN	NaN	NaN	NaN	NaN	NaN	41Pro	NaN	None	NaN	NaN	NaN	NaN	NaN	NaN	NaN	NaN
42	D	Asp	measured	1.0	8.70757	116.08769	10873200.0	1336820000.0	25.30244	15.514829999999998	gaussian	peak fit	42Asp	 42AspN	Max1	32.0	88.0	31.0	0.0	0.0	1.0	1.0	0.0
43	S	Ser	measured	1.0	7.916180000000001	114.28607	17685900.0	2175640000.0	22.64855	15.860420000000001	parabolic	peak fit	43Ser	 43SerN	Max1	33.0	100.0	32.0	0.0	0.0	1.0	1.0	0.0
44	A	Ala	measured	1.0	9.22338	123.61367	3552900.0	504064000.0	22.486929999999997	16.49996	parabolic	peak fit	44Ala	 44AlaN	Max1	34.0	24.0	33.0	0.0	0.0	1.0	1.0	0.0
45	Y	Tyr	measured	1.0	7.47271	114.61352	7507530.0	8459970000.0	23.30787	19.59429	lorentzian	peak fit	45Tyr	 45TyrN	Max1	35.0	97.0	34.0	0.0	0.0	1.0	1.0	0.0
46	Q	Gln	measured	1.0	7.18938	121.24851000000001	13857400.0	1245150000.0	21.59071	15.73151	parabolic	peak fit	46Gln	 46GlnN	Max1	36.0	46.0	35.0	0.0	0.0	1.0	1.0	0.0
47	G	Gly	measured	1.0	9.204130000000001	115.8296	7692010.0	8620440000.0	23.22513	19.55653	lorentzian	peak fit	47Gly	 47GlyN	Max1	37.0	90.0	36.0	0.0	0.0	1.0	1.0	0.0
48	G	Gly	measured	1.0	8.38091	106.55327	13911500.0	15116200000.0	22.05438	15.38815	gaussian	peak fit	48Gly	 48GlyN	Max1	38.0	114.0	37.0	0.0	0.0	1.0	1.0	0.0
49	V	Val	measured	1.0	8.79682	125.53048999999999	11301500.0	14241000000.0	23.86219	15.82342	gaussian	peak fit	49Val	 49ValN	Max1	39.0	13.0	38.0	0.0	0.0	1.0	1.0	0.0
50	F	Phe	measured	1.0	8.76635	124.0821	8548270.0	962569000.0	30.910420000000002	17.391560000000002	parabolic	peak fit	50Phe	 50PheN	Max1	40.0	17.0	39.0	0.0	0.0	1.0	1.0	0.0
51	F	Phe	measured	1.0	9.279589999999999	121.13821000000002	5341970.0	809381000.0	29.9264	15.808639999999999	gaussian	peak fit	51Phe	 51PheN	Max1	41.0	48.0	40.0	0.0	0.0	1.0	1.0	0.0
52	L	Leu	measured	1.0	9.215639999999999	120.81768999999998	8750770.0	1172520000.0	27.02801	15.8892	gaussian	peak fit	52Leu	 52LeuN	Max1	42.0	50.0	41.0	0.0	0.0	1.0	1.0	0.0
53	T	Thr	measured	1.0	9.15859	113.95186000000001	8270790.0	1048820000.0	21.61991	18.85098	gaussian	peak fit	53Thr	 53ThrN	Max1	43.0	102.0	42.0	0.0	0.0	1.0	1.0	0.0
54	V	Val	measured	1.0	8.27619	122.10825	8595100.0	1639000000.0	61.764630000000004	47.40637	parabolic	peak fit	54Val	 54ValN	Max1	44.0	36.0	43.0	0.0	0.0	1.0	1.0	0.0
55	H	His	measured	0.9	8.91007	125.91918000000001	7149580.0	1316970000.0	33.34152	18.2743	gaussian	peak fit	55His	 55HisN	Joao9	45.0	10.0	44.0	0.0	0.0	1.0	1.0	0.0
56	F	Phe	measured	0.9	8.98012	126.3285	4914990.0	198619000.0	54.206630000000004	23.77883	parabolic	peak fit	56Phe	 56PheN	Joao9	46.0	9.0	45.0	0.0	0.0	1.0	1.0	0.0
57	P	Pro	unassigned	0.0	NaN	NaN	NaN	NaN	NaN	NaN	NaN	NaN	57Pro	NaN	None	NaN	NaN	NaN	NaN	NaN	NaN	NaN	NaN
58	T	Thr	measured	1.0	8.4704	110.6757	7232260.0	1072480000.0	27.65902	16.85175	gaussian	peak fit	58Thr	 58ThrN	Max1	47.0	111.0	46.0	0.0	0.0	1.0	1.0	0.0
59	D	Asp	measured	0.5	8.40024	114.69259	8525150.0	838028000.0	26.62952	16.36287	parabolic	peak fit	59Asp	 59AspN	Max1	48.0	96.0	47.0	0.0	0.0	1.0	1.0	0.0
60	Y	Tyr	measured	1.0	7.5537	123.31517	10329400.0	1811180000.0	59.07995	16.26509	parabolic	peak fit	60Tyr	 60TyrN	Max1	49.0	25.0	48.0	0.0	0.0	1.0	1.0	0.0
61	P	Pro	unassigned	0.0	NaN	NaN	NaN	NaN	NaN	NaN	NaN	NaN	61Pro	NaN	None	NaN	NaN	NaN	NaN	NaN	NaN	NaN	NaN
62	F	Phe	measured	0.9	8.97368	124.65092	7105230.0	1072530000.0	34.48218	24.59129	parabolic	peak fit	62Phe	 62PheN	Joao9	50.0	11.0	49.0	0.0	0.0	1.0	1.0	0.0
63	K	Lys	measured	1.0	7.049980000000001	118.8883	14754500.0	4167610000.0	23.91142	16.50421	parabolic	peak fit	63Lys	 63LysN	Joao10	51.0	72.0	50.0	0.0	0.0	1.0	1.0	0.0
64	P	Pro	unassigned	0.0	NaN	NaN	NaN	NaN	NaN	NaN	NaN	NaN	64Pro	NaN	None	NaN	NaN	NaN	NaN	NaN	NaN	NaN	NaN
65	P	Pro	unassigned	0.0	NaN	NaN	NaN	NaN	NaN	NaN	NaN	NaN	65Pro	NaN	None	NaN	NaN	NaN	NaN	NaN	NaN	NaN	NaN
66	K	Lys	measured	1.0	8.32719	120.79745	7773660.0	752747000.0	30.66555	18.52245	gaussian	peak fit	66Lys	 66LysN	Max1	52.0	51.0	51.0	0.0	0.0	1.0	1.0	0.0
67	I	Ile	measured	1.0	8.72633	128.16322	7522530.0	1167770000.0	33.45046	17.91437	parabolic	peak fit	67Ile	 67IleN	Max1	53.0	5.0	52.0	0.0	0.0	1.0	1.0	0.0
68	A	Ala	measured	1.0	8.23338	127.69474	13420600.0	18923800000.0	26.57818	15.804570000000002	gaussian	peak fit	68Ala	 68AlaN	Max1	54.0	7.0	53.0	0.0	0.0	1.0	1.0	0.0
69	F	Phe	measured	1.0	9.76792	122.19521999999999	7264540.0	10262000000.0	28.152	20.33636	lorentzian	peak fit	69Phe	 69PheN	Max1	55.0	34.0	54.0	0.0	0.0	1.0	1.0	0.0
70	T	Thr	measured	1.0	9.59895	116.94498	5181950.0	1252770000.0	29.29018	17.93719	parabolic	peak fit	70Thr	 70ThrN	Max1	56.0	86.0	55.0	0.0	0.0	1.0	1.0	0.0
71	T	Thr	measured	1.0	7.56687	121.91081000000001	16254100.0	19951700000.0	21.344260000000002	16.82175	gaussian	peak fit	71Thr	 71ThrN	Max1	57.0	39.0	56.0	0.0	0.0	1.0	1.0	0.0
72	K	Lys	measured	1.0	8.536719999999999	128.27489	15435200.0	1490130000.0	22.99259	15.58436	gaussian	peak fit	72Lys	 72LysN	Max1	58.0	4.0	57.0	0.0	0.0	1.0	1.0	0.0
73	I	Ile	measured	1.0	8.31719	119.87388999999999	14488100.0	1460320000.0	25.68874	15.47226	gaussian	peak fit	73Ile	 73IleN	Max1	59.0	58.0	58.0	0.0	0.0	1.0	1.0	0.0
74	Y	Tyr	measured	1.0	8.66906	131.92308	3289720.0	6776640000.0	35.24171	23.689629999999998	lorentzian	peak fit	74Tyr	 74TyrN	Max1	60.0	2.0	59.0	0.0	0.0	1.0	1.0	0.0
75	H	His	measured	1.0	8.5678	129.93146000000002	10469100.0	14817400000.0	26.96554	15.86855	gaussian	peak fit	75His	 75HisN	Max1	61.0	3.0	60.0	0.0	0.0	1.0	1.0	0.0
76	P	Pro	unassigned	0.0	NaN	NaN	NaN	NaN	NaN	NaN	NaN	NaN	76Pro	NaN	None	NaN	NaN	NaN	NaN	NaN	NaN	NaN	NaN
77	N	Asn	unassigned	0.0	NaN	NaN	NaN	NaN	NaN	NaN	NaN	NaN	77Asn	NaN	None	NaN	NaN	NaN	NaN	NaN	NaN	NaN	NaN
78	I	Ile	measured	1.0	7.10186	120.1241	12253100.0	21077800000.0	29.755470000000003	16.41196	gaussian	peak fit	78Ile	 78IleN	Max1	62.0	56.0	61.0	0.0	0.0	1.0	1.0	0.0
79	N	Asn	measured	1.0	7.9446699999999995	121.3839	12532700.0	1804170000.0	28.841340000000002	17.731679999999997	gaussian	peak fit	79Asn	 79AsnN	Max1	63.0	43.0	62.0	0.0	0.0	1.0	1.0	0.0
80	S	Ser	lost	0.0	NaN	NaN	NaN	NaN	NaN	NaN	NaN	NaN	80Ser	NaN	None	NaN	NaN	NaN	NaN	NaN	NaN	NaN	NaN
81	N	Asn	measured	1.0	7.58638	118.25763	7596990.0	1052760000.0	30.664440000000003	34.38199	parabolic	peak fit	81Asn	 81AsnN	Max1	64.0	122.0	63.0	0.0	0.0	1.0	1.0	0.0
82	G	Gly	measured	1.0	8.44272	110.09528999999999	11750200.0	1217580000.0	21.599870000000003	15.662529999999999	gaussian	peak fit	82Gly	 82GlyN	Max1	65.0	112.0	64.0	0.0	0.0	1.0	1.0	0.0
83	S	Ser	measured	1.0	7.74798	115.42143	14788800.0	1585800000.0	22.960179999999998	16.15134	parabolic	peak fit	83Ser	 83SerN	Max1	66.0	93.0	65.0	0.0	0.0	1.0	1.0	0.0
84	I	Ile	measured	1.0	8.52999	120.22151000000001	10619000.0	6633580000.0	27.318409999999997	17.41422	gaussian	peak fit	84Ile	 84IleN	Max1	67.0	55.0	66.0	0.0	0.0	1.0	1.0	0.0
85	C	Cys	measured	1.0	8.63757	127.81839	7255800.0	1147200000.0	32.18934	17.220670000000002	gaussian	peak fit	85Cys	 85CysN	Max2	68.0	6.0	67.0	0.0	0.0	1.0	1.0	0.0
86	L	Leu	measured	1.0	7.30045	126.71858999999999	7897150.0	5634150000.0	24.67749	15.64536	gaussian	peak fit	86Leu	 86LeuN	Max2	69.0	8.0	68.0	0.0	0.0	1.0	1.0	0.0
87	D	Asp	unassigned	0.0	NaN	NaN	NaN	NaN	NaN	NaN	NaN	NaN	87Asp	NaN	None	NaN	NaN	NaN	NaN	NaN	NaN	NaN	NaN
88	I	Ile	measured	1.0	8.34705	116.315	3526870.0	339746000.0	17.95662	18.32461	gaussian	peak fit	88Ile	 88IleN	Max1	70.0	87.0	69.0	0.0	0.0	1.0	1.0	0.0
89	L	Leu	measured	1.0	7.1573199999999995	113.86506999999999	9399000.0	1312850000.0	29.18755	15.619229999999998	gaussian	peak fit	89Leu	 89LeuN	Max1	71.0	103.0	70.0	0.0	0.0	1.0	1.0	0.0
90	R	Arg	measured	1.0	7.9001399999999995	121.2916	16469400.0	2563100000.0	32.77414	16.16249	gaussian	peak fit	90Arg	 90ArgN	Max1	72.0	45.0	71.0	0.0	0.0	1.0	1.0	0.0
91	S	Ser	lost	0.0	NaN	NaN	NaN	NaN	NaN	NaN	NaN	NaN	91Ser	NaN	None	NaN	NaN	NaN	NaN	NaN	NaN	NaN	NaN
92	Q	Gln	measured	1.0	7.824269999999999	117.48615	10190300.0	2305300000.0	22.10762	16.360970000000002	gaussian	peak fit	92Gln	 92GlnN	Max1	73.0	79.0	72.0	0.0	0.0	1.0	1.0	0.0
93	W	Trp	measured	1.0	7.4162	121.39506000000002	12344200.0	1145890000.0	21.16704	15.62089	gaussian	peak fit	93Trp	 93TrpN	Max1	74.0	44.0	73.0	0.0	0.0	1.0	1.0	0.0
94	S	Ser	measured	1.0	5.54695	120.85736000000001	11536100.0	1975850000.0	22.712770000000003	16.04177	gaussian	peak fit	94Ser	 94SerN	Max1	75.0	49.0	74.0	0.0	0.0	1.0	1.0	0.0
95	P	Pro	unassigned	0.0	NaN	NaN	NaN	NaN	NaN	NaN	NaN	NaN	95Pro	NaN	None	NaN	NaN	NaN	NaN	NaN	NaN	NaN	NaN
96	A	Ala	unassigned	0.0	NaN	NaN	NaN	NaN	NaN	NaN	NaN	NaN	96Ala	NaN	None	NaN	NaN	NaN	NaN	NaN	NaN	NaN	NaN
97	L	Leu	measured	1.0	7.35423	119.81145	6390880.0	1058030000.0	35.66856	18.90043	gaussian	peak fit	97Leu	 97LeuN	Max1	76.0	60.0	75.0	0.0	0.0	1.0	1.0	0.0
98	T	Thr	measured	1.0	6.1266300000000005	102.12996	2149930.0	195070000.0	38.86087	40.51632	parabolic	peak fit	98Thr	 98ThrN	Max1	77.0	116.0	76.0	0.0	0.0	1.0	1.0	0.0
99	V	Val	measured	1.0	10.26988	123.76996000000001	1815810.0	527850000.0	32.95004	14.71284	parabolic	peak fit	99Val	 99ValN	Max1	78.0	23.0	77.0	0.0	0.0	1.0	1.0	0.0
100	S	Ser	unassigned	0.0	NaN	NaN	NaN	NaN	NaN	NaN	NaN	NaN	100Ser	NaN	None	NaN	NaN	NaN	NaN	NaN	NaN	NaN	NaN
101	K	Lys	measured	1.0	7.64425	119.8508	4018700.0	845259000.0	36.74329	18.09575	gaussian	peak fit	101Lys	 101LysN	Joao10	79.0	57.0	78.0	0.0	0.0	1.0	1.0	0.0
102	V	Val	lost	0.0	NaN	NaN	NaN	NaN	NaN	NaN	NaN	NaN	102Val	NaN	None	NaN	NaN	NaN	NaN	NaN	NaN	NaN	NaN
103	L	Leu	measured	1.0	8.97226	119.68028999999999	2638600.0	441941000.0	53.480630000000005	18.01164	parabolic	peak fit	103Leu	 103LeuN	Joao10	80.0	61.0	79.0	0.0	0.0	1.0	1.0	0.0
104	L	Leu	measured	1.0	8.14677	120.67471	6861220.0	3413140000.0	23.60578	22.3693	gaussian	peak fit	104Leu	 104LeuN	Joao10	81.0	52.0	80.0	0.0	0.0	1.0	1.0	0.0
105	S	Ser	measured	1.0	8.0593	117.47761000000001	11003700.0	1278420000.0	23.52119	16.139960000000002	gaussian	peak fit	105Ser	 105SerN	Max2	82.0	82.0	81.0	0.0	0.0	1.0	1.0	0.0
106	I	Ile	measured	1.0	8.50659	124.43533000000001	9983880.0	84469400.0	21.89848	20.904320000000002	gaussian	box sum	106Ile	 106IleN	Max2	83.0	18.0	82.0	0.0	0.0	1.0	1.0	0.0
107	C	Cys	measured	1.0	8.30209	119.24058000000001	9774840.0	928496000.0	20.415210000000002	15.712879999999998	gaussian	peak fit	107Cys	 107CysN	Max2	84.0	67.0	83.0	0.0	0.0	1.0	1.0	0.0
108	S	Ser	measured	1.0	8.15448	114.57473999999999	16915400.0	1587500000.0	19.485039999999998	15.656189999999999	gaussian	peak fit	108Ser	 108SerN	Max2	85.0	99.0	84.0	0.0	0.0	1.0	1.0	0.0
109	L	Leu	measured	1.0	7.85475	124.24793000000001	14126400.0	1080460000.0	20.51236	15.51826	gaussian	peak fit	109Leu	 109LeuN	Max2	86.0	19.0	85.0	0.0	0.0	1.0	1.0	0.0
110	L	Leu	measured	0.8	8.01323	119.52713	12595100.0	2607530000.0	30.70931	18.17991	gaussian	peak fit	110Leu	 110LeuN	Joao8	87.0	64.0	86.0	0.0	0.0	1.0	1.0	0.0
111	C	Cys	measured	1.0	7.24521	114.21784	12299500.0	1362070000.0	21.991329999999998	16.145220000000002	gaussian	peak fit	111Cys	 111CysN	Joao10	88.0	101.0	87.0	0.0	0.0	1.0	1.0	0.0
112	D	Asp	measured	1.0	8.16203	118.91181	17018800.0	2061810000.0	25.93189	16.1332	parabolic	peak fit	112Asp	 112AspN	Joao10	89.0	70.0	88.0	0.0	0.0	1.0	1.0	0.0
113	P	Pro	unassigned	0.0	NaN	NaN	NaN	NaN	NaN	NaN	NaN	NaN	113Pro	NaN	None	NaN	NaN	NaN	NaN	NaN	NaN	NaN	NaN
114	N	Asn	measured	1.0	8.61556	115.48992	11242900.0	1081300000.0	22.573339999999998	15.44155	gaussian	peak fit	114Asn	 114AsnN	Joao10	90.0	92.0	89.0	0.0	0.0	1.0	1.0	0.0
115	P	Pro	unassigned	0.0	NaN	NaN	NaN	NaN	NaN	NaN	NaN	NaN	115Pro	NaN	None	NaN	NaN	NaN	NaN	NaN	NaN	NaN	NaN
116	D	Asp	measured	0.9	7.6802600000000005	118.04087	15549400.0	1752030000.0	22.865679999999998	16.144029999999997	gaussian	peak fit	116Asp	 116AspN	Joao9	91.0	77.0	90.0	0.0	0.0	1.0	1.0	0.0
117	D	Asp	measured	1.0	6.71276	118.37915	15899200.0	1954900000.0	26.13542	14.355839999999999	parabolic	peak fit	117Asp	 117AspN	Joao10	92.0	75.0	91.0	0.0	0.0	1.0	1.0	0.0
118	P	Pro	unassigned	0.0	NaN	NaN	NaN	NaN	NaN	NaN	NaN	NaN	118Pro	NaN	None	NaN	NaN	NaN	NaN	NaN	NaN	NaN	NaN
119	L	Leu	measured	1.0	8.60096	118.88123	6990070.0	2371540000.0	29.261120000000002	19.35896	parabolic	peak fit	119Leu	 119LeuN	Joao10	93.0	71.0	92.0	0.0	0.0	1.0	1.0	0.0
120	V	Val	measured	1.0	7.56613	118.56517	9248810.0	1815560000.0	31.356270000000002	17.83041	parabolic	peak fit	120Val	 120ValN	Joao9	94.0	74.0	93.0	0.0	0.0	1.0	1.0	0.0
121	P	Pro	unassigned	0.0	NaN	NaN	NaN	NaN	NaN	NaN	NaN	NaN	121Pro	NaN	None	NaN	NaN	NaN	NaN	NaN	NaN	NaN	NaN
122	D	Asp	unassigned	0.0	NaN	NaN	NaN	NaN	NaN	NaN	NaN	NaN	122Asp	NaN	None	NaN	NaN	NaN	NaN	NaN	NaN	NaN	NaN
123	I	Ile	measured	1.0	6.905060000000001	118.9152	10540100.0	1482710000.0	21.25352	15.90629	gaussian	peak fit	123Ile	 123IleN	Max1	95.0	69.0	94.0	0.0	0.0	1.0	1.0	0.0
124	A	Ala	measured	1.0	7.755319999999999	121.97161000000001	14312400.0	1332940000.0	18.6556	16.02282	gaussian	peak fit	124Ala	 124AlaN	Max1	96.0	38.0	95.0	0.0	0.0	1.0	1.0	0.0
125	Q	Gln	measured	1.0	8.00173	115.52855	21678200.0	1892740000.0	18.8931	15.04473	gaussian	peak fit	125Gln	 125GlnN	Max1	97.0	91.0	96.0	0.0	0.0	1.0	1.0	0.0
126	I	Ile	measured	1.0	7.5565	122.18618000000001	16330000.0	3178700000.0	19.27938	16.57574	gaussian	peak fit	126Ile	 126IleN	Max1	98.0	35.0	97.0	0.0	0.0	1.0	1.0	0.0
127	Y	Tyr	measured	1.0	8.505339999999999	119.18529	12317600.0	4239810000.0	20.31833	16.168229999999998	gaussian	peak fit	127Tyr	 127TyrN	Max1	99.0	68.0	98.0	0.0	0.0	1.0	1.0	0.0
128	K	Lys	measured	1.0	7.65995	112.05288999999999	14680600.0	1764510000.0	54.12023000000001	17.0189	parabolic	peak fit	128Lys	 128LysN	Max1	100.0	109.0	99.0	0.0	0.0	1.0	1.0	0.0
129	S	Ser	measured	1.0	7.88448	112.69743999999999	16551500.0	1915900000.0	24.70115	14.98441	gaussian	peak fit	129Ser	 129SerN	Max1	101.0	106.0	100.0	0.0	0.0	1.0	1.0	0.0
130	D	Asp	measured	1.0	9.04152	124.78164	19011200.0	10882900000.0	20.4308	14.71101	gaussian	peak fit	130Asp	 130AspN	Max1	102.0	15.0	101.0	0.0	0.0	1.0	1.0	0.0
131	K	Lys	measured	1.0	8.66271	125.23318	15525800.0	1393090000.0	20.42899	15.43636	gaussian	peak fit	131Lys	 131LysN	Max1	103.0	14.0	102.0	0.0	0.0	1.0	1.0	0.0
132	E	Glu	measured	1.0	8.243139999999999	117.69015	21460100.0	2960790000.0	20.50633	16.12826	parabolic	peak fit	132Glu	 132GluN	Max1	104.0	78.0	103.0	0.0	0.0	1.0	1.0	0.0
133	K	Lys	measured	1.0	7.606389999999999	123.23494	19728300.0	1835500000.0	20.64914	15.140360000000001	gaussian	peak fit	133Lys	 133LysN	Max1	105.0	26.0	104.0	0.0	0.0	1.0	1.0	0.0
134	Y	Tyr	measured	1.0	8.23621	118.77258	11923100.0	1283080000.0	21.87115	16.038510000000002	gaussian	peak fit	134Tyr	 134TyrN	Max1	106.0	73.0	105.0	0.0	0.0	1.0	1.0	0.0
135	N	Asn	measured	1.0	8.65358	117.48558999999999	14439500.0	2085400000.0	21.079729999999998	16.70731	parabolic	peak fit	135Asn	 135AsnN	Max1	107.0	80.0	106.0	0.0	0.0	1.0	1.0	0.0
136	R	Arg	measured	1.0	7.8871199999999995	120.60489	19210300.0	1823150000.0	20.81979	16.2805	parabolic	peak fit	136Arg	 136ArgN	Max1	108.0	53.0	107.0	0.0	0.0	1.0	1.0	0.0
137	H	His	measured	1.0	7.974589999999999	119.55386000000001	20938900.0	4968240000.0	24.10408	17.530260000000002	gaussian	peak fit	137His	 137HisN	Max1	109.0	63.0	108.0	0.0	0.0	1.0	1.0	0.0
138	A	Ala	measured	1.0	8.5345	121.45378000000001	17529900.0	2042580000.0	21.351960000000002	17.19456	gaussian	peak fit	138Ala	 138AlaN	Max1	110.0	42.0	109.0	0.0	0.0	1.0	1.0	0.0
139	R	Arg	measured	1.0	8.50508	121.54529	18768400.0	7118230000.0	22.47082	16.793429999999997	gaussian	peak fit	139Arg	 139ArgN	Max1	111.0	41.0	110.0	0.0	0.0	1.0	1.0	0.0
140	E	Glu	measured	1.0	8.450510000000001	122.36352	20366700.0	170244000.0	18.79297	16.356070000000003	gaussian	box sum	140Glu	 140GluN	Max1	112.0	123.0	111.0	0.0	0.0	1.0	1.0	0.0
141	W	Trp	measured	1.0	9.28862	119.6971	9783390.0	1002880000.0	21.10853	15.778929999999999	gaussian	peak fit	141Trp	 141TrpN	Max1	113.0	59.0	112.0	0.0	0.0	1.0	1.0	0.0
142	T	Thr	measured	1.0	8.509260000000001	124.68095	10826800.0	92788700.0	24.05521	17.99517	gaussian	box sum	142Thr	 142ThrN	Max1	114.0	16.0	113.0	0.0	0.0	1.0	1.0	0.0
143	Q	Gln	measured	1.0	8.09722	119.54976	16663000.0	1631990000.0	19.995910000000002	15.80296	gaussian	peak fit	143Gln	 143GlnN	Max1	115.0	62.0	114.0	0.0	0.0	1.0	1.0	0.0
144	K	Lys	measured	1.0	7.907439999999999	116.01768999999999	20196600.0	3855870000.0	18.82976	15.312779999999998	gaussian	peak fit	144Lys	 144LysN	Max1	116.0	89.0	115.0	0.0	0.0	1.0	1.0	0.0
145	Y	Tyr	measured	1.0	7.9842	112.46788000000001	12737200.0	1466830000.0	23.928739999999998	15.50109	gaussian	peak fit	145Tyr	 145TyrN	Max1	117.0	107.0	116.0	0.0	0.0	1.0	1.0	0.0
146	A	Ala	measured	1.0	8.217130000000001	123.1328	12706300.0	2658020000.0	28.92541	16.32463	parabolic	peak fit	146Ala	 146AlaN	Max1	118.0	27.0	117.0	0.0	0.0	1.0	1.0	0.0
147	M	Met	measured	1.0	7.245430000000001	122.60417	28503900.0	3053310000.0	21.868389999999998	14.403210000000001	parabolic	peak fit	147Met	 147MetN	Max1	119.0	29.0	118.0	0.0	0.0	1.0	1.0	0.0
