Merit,Position F1,Position F2,Height,Volume,Line Width F1 (Hz),Line Width F2 (Hz),Fit Method,Vol. Method,Assign F1,Assign F2,Details,#,Number
1.0,7.773670400251622,107.89753994251585,93.2466731493983,92.75700749897416,10.743264929218363,38.48273863841505,parabolic,box sum,1MetH,1MetN,None,0,0
1.0,7.930316392693393,113.51937431435461,85.76031861466447,9.670676286663035,39.73252838713317,26.987813952525038,parabolic,box sum,2AlaH,2AlaN,None,1,1
1.0,9.70490102456246,115.14676611699933,19.931729233832016,77.17336160582435,23.097316649495394,15.708420310819296,parabolic,box sum,3HisH,3HisN,None,2,2
1.0,7.7895762072951245,131.09704721203252,56.39240604350619,81.64341922924356,17.920072928618918,47.206623776558445,parabolic,box sum,4AlaH,4AlaN,None,3,3
1.0,6.128087345377223,105.57003786150871,46.26502968620223,50.181403536155905,40.915023933755066,39.23330256664334,parabolic,box sum,5AspH,5AspN,None,4,4
1.0,8.344129058800187,124.25427815916419,5.874584136420472,41.26551758266916,48.2098594449168,25.658706061191353,parabolic,box sum,6CysH,6CysN,None,5,5
1.0,7.125881887928207,122.7528160677261,38.45678719068767,62.05535799105044,38.8805813138668,42.99322365716087,parabolic,box sum,7ValH,7ValN,None,6,6
1.0,6.284940477928329,130.52440768770623,63.39746645065986,31.005850217725005,36.5049560250764,38.72870318158527,parabolic,box sum,8TrpH,8TrpN,None,7,7
1.0,9.788344711084179,132.8614534159577,54.730006613265644,10.832613649437436,48.2471487953503,39.95162646886226,parabolic,box sum,8TrpH1a,8TrpN1a,None,7,7
1.0,7.882296442964449,109.54239324278382,68.78058098327519,12.021325395566878,27.662833183035385,40.18559413630154,parabolic,box sum,9GlnH2b,9GlnN2b,None,8,8
1.0,7.171005038250949,109.53519974402647,25.763761271813898,31.710515969377028,17.648851632776452,30.339333502023354,parabolic,box sum,9GlnH2a,9GlnN2a,None,8,8
1.0,9.99496603214263,133.65956260070905,93.63687350032765,62.5679482951776,17.427952917722454,27.42530068278397,parabolic,box sum,9GlnH,9GlnN,None,8,8
1.0,9.468484092810256,132.0491674020574,44.719723544108206,55.75388359572406,7.493315965032415,45.69625848762641,parabolic,box sum,10TrpH1a,10TrpN1a,None,9,9
1.0,8.499448026623885,117.89742931342437,41.24269341688828,23.41765450171831,14.880224674046087,40.977479698032695,parabolic,box sum,10TrpH,10TrpN,None,9,9
1.0,9.867933350176832,108.42785900525891,90.63763548833973,19.899692090972657,16.072308323948157,7.722519999133855,parabolic,box sum,11AspH,11AspN,None,10,10
1.0,8.335121971207004,119.43616879434053,64.34891794678715,83.29724375152584,5.400226408765814,10.338779170359885,parabolic,box sum,12GluH,12GluN,None,11,11
1.0,6.562984849428442,108.92545387152205,62.955889956905395,53.248154917534244,28.681673399840598,48.30758623904414,parabolic,box sum,13AsnH2b,13AsnN2b,None,12,12
1.0,7.629083861776727,108.95707801940574,6.41772555847634,45.11912634198525,31.885270658932168,36.45652130959876,parabolic,box sum,13AsnH2a,13AsnN2a,None,12,12
1.0,9.094721528656146,111.8707774835815,4.125961618109899,54.316631432031215,16.297531712138554,46.14028902051755,parabolic,box sum,13AsnH,13AsnN,None,12,12
1.0,7.9221883611722115,128.42415369716193,31.150900455133446,16.415238366647845,16.953416981107427,22.28495179338835,parabolic,box sum,14LysH,14LysN,None,13,13
1.0,6.507518053658122,107.12724557539953,-0.6684687481869833,36.735197460904146,30.40428095996237,49.2595340625439,parabolic,box sum,15ValH,15ValN,None,14,14
1.0,7.404719270088266,119.82526565977628,24.91673279557052,35.82492869110493,24.50871451365141,42.45320288730853,parabolic,box sum,16CysH,16CysN,None,15,15
1.0,6.955327280887976,129.3328717156163,92.57540614588738,94.77005544192859,18.619704446016907,10.471272286765604,parabolic,box sum,17ArgH,17ArgN,None,16,16
1.0,7.714143519965459,109.90599717706009,41.52522293869202,76.85300064457478,18.568978495229864,24.442839370870345,parabolic,box sum,18GlyH,18GlyN,None,17,17
1.0,9.605752913402519,125.38725240306842,77.23891086974757,23.202438050079373,37.020936950697745,32.27820550798704,parabolic,box sum,19GluH,19GluN,None,18,18
1.0,7.258656992500876,129.8076282947126,14.931215041913585,50.83829532910238,10.020909513925721,20.92524612230116,parabolic,box sum,20LysH,20LysN,None,19,19
1.0,7.2369794671105545,127.43265784051654,82.35165879728818,88.14457476167433,23.52849040539189,34.26932337859438,parabolic,box sum,21ValH,21ValN,None,20,20
1.0,6.934954440195225,119.1668066866575,10.931327054980274,76.58641680627136,12.336830739662396,42.755482512667534,parabolic,box sum,22ValH,22ValN,None,21,21
1.0,6.607066482890802,113.37604047138525,37.98290498367149,7.602742116191186,35.57952099813338,25.4437085683098,parabolic,box sum,23AsnH2a,23AsnN2a,None,22,22
1.0,6.554103481907618,111.29516072367947,17.655287495948357,96.24498770230085,44.08480275061181,28.364631447447977,parabolic,box sum,23AsnH,23AsnN,None,22,22
1.0,6.703523666549602,113.37060464494601,41.92460809139633,61.583567875178204,40.78554363699919,9.925637682445078,parabolic,box sum,23AsnH2b,23AsnN2b,None,22,22
1.0,7.32725115318824,126.50894194296534,29.843999866146305,25.54337232766315,23.44606097727142,9.497488640784054,parabolic,box sum,24GluH,24GluN,None,23,23
1.0,6.923570609691829,116.75964128251194,79.44007582675313,16.339750247005234,24.599974835389002,46.71023235473626,parabolic,box sum,25SerH,25SerN,None,24,24
1.0,9.74130186710235,132.23762088517688,51.175167775309454,12.720263841348423,7.413969595109033,28.758125470134953,parabolic,box sum,26TrpH1a,26TrpN1a,None,25,25
1.0,7.399411556771973,109.84260400101681,92.55492377125326,52.49015958485983,13.292924990986958,12.377574900230295,parabolic,box sum,26TrpH,26TrpN,None,25,25
1.0,7.413144584014267,124.87310106743244,4.314509957371072,95.5216168933993,5.966380511185018,33.52493213545371,parabolic,box sum,27PheH,27PheN,None,26,26
1.0,9.889875289270064,126.63354193441202,66.27541222173745,86.69371569746848,49.85571835906146,43.537614228998635,parabolic,box sum,28LysH,28LysN,None,27,27
1.0,8.244678534328703,108.92165051094624,29.128726784373757,68.30218764733698,46.925116420353916,18.097506648504186,parabolic,box sum,29SerH,29SerN,None,28,28
1.0,7.275314309271154,114.31610989732101,48.58018557261304,84.65304754972301,48.29744253393139,7.850965984874596,parabolic,box sum,31MetH,31MetN,None,30,30
1.0,6.163031705913003,134.65290279590945,74.51776562431161,7.88561510206883,33.39243069429907,37.38681710826757,parabolic,box sum,32AspH,32AspN,None,31,31
1.0,6.177644876902692,112.18485566298747,89.55913984551444,75.70856180818828,36.6543967152121,13.421102710134798,parabolic,box sum,33MetH,33MetN,None,32,32
1.0,7.983794272475955,109.1341876703333,51.46069254867454,48.91785167735555,22.784521277980645,43.98690351215121,parabolic,box sum,34ArgH,34ArgN,None,33,33
1.0,6.940784126675467,117.70464247627055,52.57156478375381,0.1435867891733147,26.21473455597626,6.9922605901911865,parabolic,box sum,35CysH,35CysN,None,34,34
1.0,9.097851481451599,117.11637549595228,42.903233348579015,46.160412364960145,32.47487527043513,17.37808670344577,parabolic,box sum,36ArgH,36ArgN,None,35,35
1.0,8.71414015545292,117.74928394973107,21.403049615306195,20.082000260831638,19.764740001821107,29.48788376327019,parabolic,box sum,37SerH,37SerN,None,36,36
1.0,7.168055208588119,109.18392559865589,78.9952948697003,-0.8186757931799711,32.46509157229831,22.152262214510106,parabolic,box sum,38HisH,38HisN,None,37,37
1.0,6.229323196224663,107.3300708760369,14.245364022962713,23.53941875127369,48.446441004140695,48.5292792190166,parabolic,box sum,39AsnH2a,39AsnN2a,None,38,38
1.0,9.558098842498975,132.41223476262937,2.4992886923017594,16.45661123443364,17.793787881690672,47.85668786783478,parabolic,box sum,39AsnH,39AsnN,None,38,38
1.0,7.891535021474589,107.33520371754103,43.867574226929776,74.78877218623832,41.89489401472317,17.19900627240616,parabolic,box sum,39AsnH2b,39AsnN2b,None,38,38
1.0,6.564094172547054,107.44536080878409,85.08595350414066,83.46116062022512,16.028867240497622,29.941062718778493,parabolic,box sum,40AsnH2a,40AsnN2a,None,39,39
1.0,6.95628981993131,107.4464676958977,76.42003313394281,35.36518885287347,42.17733349120169,20.163319819833816,parabolic,box sum,40AsnH2b,40AsnN2b,None,39,39
1.0,9.725070475240964,115.56541404767056,75.20759335502002,28.684042682667208,24.822103610031863,26.709299685328105,parabolic,box sum,40AsnH,40AsnN,None,39,39
1.0,9.26937577825014,106.22080888962152,19.692166354875187,88.6384742310635,29.995231790541087,15.324832893800554,parabolic,box sum,41ValH,41ValN,None,40,40
1.0,8.693989776028364,128.09333551639597,83.58446628875444,10.675024367906222,25.669914468062164,37.80688607883969,parabolic,box sum,42AsnH,42AsnN,None,41,41
1.0,6.228398297085067,113.09767309843494,34.51378960303375,75.70240117704208,13.654290236817383,26.105212935449657,parabolic,box sum,42AsnH2a,42AsnN2a,None,41,41
1.0,7.2427240669473205,113.11057740587354,50.99458976729388,45.80576850895356,28.2677120663995,38.27180719962286,parabolic,box sum,42AsnH2b,42AsnN2b,None,41,41
1.0,7.34865328846928,130.2627729757407,19.32314462151605,52.70448165022165,9.932245298516095,21.810833604057603,parabolic,box sum,43GlyH,43GlyN,None,42,42
1.0,8.155766921833928,107.98929810515611,51.204151394242416,98.72251098953484,18.68047393977608,16.83695982650364,parabolic,box sum,44PheH,44PheN,None,43,43
1.0,7.7825665960115495,117.97487693193304,71.66319793027829,94.33296996677049,36.82663609849166,22.01465812475328,parabolic,box sum,45GlyH,45GlyN,None,44,44
1.0,7.454582197439797,105.6625371616295,96.13245237726937,33.98664157109874,13.790692749265276,43.463388621298705,parabolic,box sum,46ValH,46ValN,None,45,45
1.0,6.44116423832992,114.40058162728057,62.44698213984058,88.73191346400151,38.6973258979687,28.013855425278702,parabolic,box sum,48GlnH2a,48GlnN2a,None,47,47
1.0,7.96375100381747,111.07187943858345,14.349533917596371,24.927667498454696,30.440675509520027,32.2084374765881,parabolic,box sum,48GlnH,48GlnN,None,47,47
1.0,7.705807456088767,114.39694041569861,98.2800966592865,74.47955826723212,48.9551506598794,34.18121312191168,parabolic,box sum,48GlnH2b,48GlnN2b,None,47,47
1.0,6.476505381571251,113.78003905287692,79.73931928528208,73.37994643092647,12.613845278314649,35.03739709620535,parabolic,box sum,49SerH,49SerN,None,48,48
1.0,8.366978138500789,134.41889805677047,36.93986496523457,31.548227766029164,17.532429576625063,12.94286567110196,parabolic,box sum,50ValH,50ValN,None,49,49
1.0,9.183141656391049,113.20780285576403,6.919183421167444,54.15774017200739,40.127530691803685,5.493964138736431,parabolic,box sum,51SerH,51SerN,None,50,50
1.0,6.2041438291877835,113.86139646820939,48.366552053426524,39.2858757114028,24.01134217226606,37.8330874350331,parabolic,box sum,52GlnH2b,52GlnN2b,None,51,51
1.0,9.049081371616225,106.52593865305542,74.90072950350448,72.62996305972854,18.473260271223317,37.560245944340835,parabolic,box sum,52GlnH,52GlnN,None,51,51
1.0,7.856628004236425,113.85866965569076,48.11433258788058,50.253574204594315,46.132608095189845,32.09831631984139,parabolic,box sum,52GlnH2a,52GlnN2a,None,51,51
1.0,9.33682982888257,125.96176350724453,78.72408094999672,26.0666821875828,16.993417437666743,41.48888344850105,parabolic,box sum,53LeuH,53LeuN,None,52,52
1.0,7.740539769946199,118.34156389060718,48.297171496303896,30.538637973807948,11.070451007563138,19.18782817639662,parabolic,box sum,54SerH,54SerN,None,53,53
1.0,9.319765002902637,132.20291954972546,87.1835386247538,39.76130472058764,12.685565869017575,9.096091022021298,parabolic,box sum,55AlaH,55AlaN,None,54,54
1.0,9.29076781820309,119.7957319802766,87.42035241600175,51.60715581077972,46.250594451982856,10.06307697862371,parabolic,box sum,56TyrH,56TyrN,None,55,55
1.0,7.532407927303328,117.96691792317891,63.682173923994924,99.45974264559112,11.269583618587168,28.27495258937938,parabolic,box sum,57MetH,57MetN,None,56,56
1.0,6.648262249378777,121.40828053280893,29.15665562443099,66.11494375348849,42.98539277927573,20.741636938188535,parabolic,box sum,58SerH,58SerN,None,57,57
1.0,9.894056093453063,127.44060195412055,18.544450808501235,28.61379298440777,16.441889376226136,37.28690615605629,parabolic,box sum,59SerH,59SerN,None,58,58
1.0,6.564048483040249,115.4612968831205,94.62085624436027,47.97861060173884,9.440067180284677,39.23313218384705,parabolic,box sum,60AlaH,60AlaN,None,59,59
1.0,9.12429479995951,129.19538662317103,59.59446844567637,17.342443326377364,21.444290632108867,20.040114271138197,parabolic,box sum,61ArgH,61ArgN,None,60,60
1.0,6.536023304290356,125.86679392001945,77.06437229593452,64.68466242568874,48.8726964904129,16.067045163809276,parabolic,box sum,62TyrH,62TyrN,None,61,61
1.0,8.685348678123937,119.17393472397002,84.90229385604717,39.4090924235883,26.734184008393125,42.56957188233702,parabolic,box sum,63LysH,63LysN,None,62,62
1.0,9.900251417957502,111.85741345475006,99.20715152104317,42.38361766171713,19.464343104798516,19.329884921441163,parabolic,box sum,64TyrH,64TyrN,None,63,63
1.0,7.807901564830138,117.62687673097736,47.63998118362749,65.94724314742845,46.27001392192661,20.411010504970033,parabolic,box sum,65TyrH,65TyrN,None,64,64
1.0,9.788033124624999,123.73050978929162,99.44712765715975,80.32237809328683,13.865291005065286,18.180524300671276,parabolic,box sum,66MetH,66MetN,None,65,65
1.0,7.037698142759464,132.79990184184902,53.7219821785573,85.78088805770827,36.79444989207593,8.402388390175458,parabolic,box sum,67TyrH,67TyrN,None,66,66
1.0,8.366712969794849,130.43685415224758,57.44028171618311,15.070187112231737,36.09287916710318,44.03251868098114,parabolic,box sum,68ThrH,68ThrN,None,67,67
1.0,8.181306545986,128.7844322164392,67.78964877699205,56.36031353902044,16.210210071164166,40.48020425536246,parabolic,box sum,69HisH,69HisN,None,68,68
1.0,8.522220112431569,113.3320607712011,13.445823749703463,98.26818771120986,43.09425025771629,15.55114505329197,parabolic,box sum,70MetH,70MetN,None,69,69
1.0,6.194263247179141,108.5811137906857,5.8104529596685435,89.47157069500378,30.315017319291794,23.1626612537757,parabolic,box sum,71LeuH,71LeuN,None,70,70
1.0,7.524287149619666,107.13374971495278,20.39451553314027,84.65027089864435,35.36902025611663,35.03113368654305,parabolic,box sum,72SerH,72SerN,None,71,71
1.0,8.050531450494507,129.9398100964549,78.15512120908004,61.785982685650964,20.47922719561657,6.109383535590798,parabolic,box sum,73GlyH,73GlyN,None,72,72
1.0,8.256595232493035,107.71323152757657,18.79020242133458,17.37605372847709,37.807682250256114,49.13142497661436,parabolic,box sum,74HisH,74HisN,None,73,73
1.0,6.7138136911441295,121.36672900317076,10.50657972640055,79.9225497779607,20.538707871574555,18.540789919611868,parabolic,box sum,75MetH,75MetN,None,74,74
1.0,6.985484410107861,127.37052113692053,84.22874946689922,36.52925419349729,23.377052528013625,12.567005114439525,parabolic,box sum,77PheH,77PheN,None,76,76
1.0,7.1099152203584906,124.7613283176336,69.1269208893609,69.50561939578782,26.220901129547133,28.620452772957293,parabolic,box sum,78GlyH,78GlyN,None,77,77
1.0,6.812119620048486,128.7337157204252,51.55945295265373,37.367823556234974,36.96459449004756,31.668345750828372,parabolic,box sum,79LysH,79LysN,None,78,78
1.0,6.615058303428898,134.41051702921777,63.85269502917959,15.02807896122443,18.211014248724542,35.78057943886883,parabolic,box sum,80AspH,80AspN,None,79,79
1.0,9.45669551066339,131.6054529046523,88.33830518658446,65.45799889806976,12.24391121739093,24.628964921419104,parabolic,box sum,81TrpH1a,81TrpN1a,None,80,80
1.0,6.470203568609172,127.20461556400805,53.00361939041282,2.8886203920316165,43.11717036443076,23.253878551477108,parabolic,box sum,81TrpH,81TrpN,None,80,80
1.0,8.341213539970799,128.87977838359296,99.42106841397715,40.86638209407017,28.532025933703743,47.16459742947745,parabolic,box sum,82LysH,82LysN,None,81,81
1.0,7.464387956756875,114.33604414711832,61.99402750925143,49.4358454182168,10.321280194338266,5.949414399799086,parabolic,box sum,83GlyH,83GlyN,None,82,82
1.0,8.472410088855122,122.3538677033383,69.60823364953139,40.80554469879012,39.53202399811641,31.141844786533976,parabolic,box sum,84PheH,84PheN,None,83,83
1.0,8.041606755695822,114.69702592631944,62.674960191158846,68.73689243653513,41.56034415008727,6.838350228379518,parabolic,box sum,85ValH,85ValN,None,84,84
1.0,9.431062657945706,116.71449114762144,12.37710937153997,40.4669659913517,15.033621281295702,32.16161922501244,parabolic,box sum,86LysH,86LysN,None,85,85
1.0,6.738960145382829,126.84340450975556,54.10099852370319,24.565634842378092,36.61965138314736,42.35036968255865,parabolic,box sum,87LysH,87LysN,None,86,86
1.0,6.705079532421585,129.86396161766956,75.38323032312564,12.007654019235723,40.2747750209524,48.283300087363465,parabolic,box sum,88ArgH,88ArgN,None,87,87
1.0,7.774900245736289,126.9098288328959,99.47949018293478,32.78981302629559,34.543423998526784,27.04995427874813,parabolic,box sum,89HisH,89HisN,None,88,88
1.0,9.440328324967668,125.88611088335993,50.268483367618586,95.40074253402065,49.17781531524641,46.61773172358306,parabolic,box sum,90GlyH,90GlyN,None,89,89
1.0,9.39838867082312,133.89966040169907,7.702399828225595,15.806002505496563,26.614124260014986,42.113804389414476,parabolic,box sum,91TrpH1a,91TrpN1a,None,90,90
1.0,9.24825089755507,115.13443457846705,49.17378232514286,67.92499812600025,7.900085710109396,36.48568716111579,parabolic,box sum,91TrpH,91TrpN,None,90,90
1.0,7.084259158533662,111.44663346061134,56.33409018844696,50.13567651065557,9.370622480905999,42.77188967360451,parabolic,box sum,93LysH,93LysN,None,92,92
1.0,7.607404497910415,127.05862249483705,59.18529160445743,6.306047692541883,42.76936014072351,25.48447901554332,parabolic,box sum,94TyrH,94TyrN,None,93,93
1.0,9.565639509468632,116.51550621331975,38.28497930581437,86.11979250035854,39.73411323557829,38.88509946471107,parabolic,box sum,95ValH,95ValN,None,94,94
1.0,8.370506991364058,122.21199264600469,46.07120757391055,58.5206879930671,37.38674629251085,13.876334077784302,parabolic,box sum,96HisH,96HisN,None,95,95
1.0,9.678799358627396,128.52209112600343,98.57164464403286,90.39102871845655,13.431981085497478,29.4862616931765,parabolic,box sum,99ArgH,99ArgN,None,98,98
1.0,6.823302837072305,110.30583410528541,75.36631324391702,47.273895697642416,19.48349933607197,41.07062708198112,parabolic,box sum,100AsnH2b,100AsnN2b,None,99,99
1.0,7.972925532278522,110.30053848541922,34.89477701948745,88.57623943753855,13.171497630486767,40.79883514162871,parabolic,box sum,100AsnH2a,100AsnN2a,None,99,99
1.0,8.766844615417263,119.79408928138892,61.36739126249253,84.34108115890123,40.74370187200838,21.53265406499754,parabolic,box sum,100AsnH,100AsnN,None,99,99
