Res#	1-letter	3-letter	Peak Status	Merit	Position F1	Position F2	Height	Volume	Line Width F1 (Hz)	Line Width F2 (Hz)	Fit Method	Vol. Method	Assign F1	Assign F2	Details	Number	#	index	H1_delta	N15_delta	Height_ratio	Vol_ratio	CSP
1	M	Met	unassigned	0.0	NaN	NaN	NaN	NaN	NaN	NaN	NaN	NaN	1Met	NaN	None	NaN	NaN	NaN	NaN	NaN	NaN	NaN	NaN
2	A	Ala	measured	1.0	8.34116	124.09921000000001	37181400.0	8313340000.0	16.32637	12.08637	gaussian	peak fit	2Ala	 2AlaN	Max1	1.0	19.0	0.0	0.0	0.0	1.0	1.0	0.0
3	L	Leu	measured	1.0	8.09515	117.29012	53870100.0	14455400000.0	16.855320000000003	14.050120000000001	gaussian	peak fit	3Leu	 3LeuN	Max1	2.0	85.0	1.0	0.0	0.0	1.0	1.0	0.0
4	K	Lys	measured	1.0	7.91425	117.48692	56966600.0	12418600000.0	15.80021	12.176630000000001	gaussian	peak fit	4Lys	 4LysN	Max1	3.0	78.0	2.0	0.0	0.0	1.0	1.0	0.0
5	R	Arg	measured	1.0	7.744389999999999	121.2903	33586500.0	8406720000.0	18.49684	11.94263	gaussian	peak fit	5Arg	 5ArgN	Max1	4.0	47.0	3.0	0.0	0.0	1.0	1.0	0.0
6	I	Ile	measured	1.0	8.71843	122.45047	26135700.0	6620510000.0	17.790129999999998	12.56649	gaussian	peak fit	6Ile	 6IleN	Max1	5.0	30.0	4.0	0.0	0.0	1.0	1.0	0.0
7	Q	Gln	measured	1.0	8.53097	117.4187	46910700.0	11108600000.0	17.208679999999998	12.1444	gaussian	peak fit	7Gln	 7GlnN	Max1	6.0	84.0	5.0	0.0	0.0	1.0	1.0	0.0
8	K	Lys	unassigned	0.0	NaN	NaN	NaN	NaN	NaN	NaN	NaN	NaN	8Lys	NaN	None	NaN	NaN	NaN	NaN	NaN	NaN	NaN	NaN
9	E	Glu	measured	1.0	8.621310000000001	119.37093999999999	39299100.0	10484300000.0	18.84272	12.495339999999999	gaussian	peak fit	9Glu	 9GluN	Max1	8.0	66.0	7.0	0.0	0.0	1.0	1.0	0.0
10	L	Leu	measured	1.0	8.79385	120.37898	44238300.0	10493600000.0	17.50352	11.96017	gaussian	peak fit	10Leu	 10LeuN	Max1	9.0	55.0	8.0	0.0	0.0	1.0	1.0	0.0
11	S	Ser	measured	1.0	8.2182	114.66077	19051700.0	7186210000.0	26.44395	12.588519999999999	gaussian	peak fit	11Ser	 11SerN	Max1	10.0	98.0	9.0	0.0	0.0	1.0	1.0	0.0
12	D	Asp	measured	1.0	8.52	122.29652	52130400.0	13502400000.0	18.79909	12.15961	gaussian	peak fit	12Asp	 12AspN	Max1	11.0	31.0	10.0	0.0	0.0	1.0	1.0	0.0
13	L	Leu	measured	1.0	8.206380000000001	122.21291000000001	29551400.0	9396930000.0	21.48865	13.05972	gaussian	peak fit	13Leu	 13LeuN	Max1	12.0	34.0	11.0	0.0	0.0	1.0	1.0	0.0
14	Q	Gln	measured	1.0	8.03848	115.05981000000001	45913100.0	11734300000.0	18.37637	12.27433	gaussian	peak fit	14Gln	 14GlnN	Max1	13.0	96.0	12.0	0.0	0.0	1.0	1.0	0.0
15	R	Arg	measured	1.0	7.6778699999999995	118.06761999999999	48256500.0	20459800000.0	21.77465	17.1842	gaussian	peak fit	15Arg	 15ArgN	Max1	14.0	77.0	13.0	0.0	0.0	1.0	1.0	0.0
16	D	Asp	measured	1.0	7.702089999999999	116.91591000000001	38075900.0	11699700000.0	25.13431	10.7893	gaussian	peak fit	16Asp	 16AspN	Joao10	15.0	123.0	14.0	0.0	0.0	1.0	1.0	0.0
17	P	Pro	unassigned	0.0	NaN	NaN	NaN	NaN	NaN	NaN	NaN	NaN	17Pro	NaN	None	NaN	NaN	NaN	NaN	NaN	NaN	NaN	NaN
18	P	Pro	unassigned	0.0	NaN	NaN	NaN	NaN	NaN	NaN	NaN	NaN	18Pro	NaN	None	NaN	NaN	NaN	NaN	NaN	NaN	NaN	NaN
19	A	Ala	unassigned	0.0	NaN	NaN	NaN	NaN	NaN	NaN	NaN	NaN	19Ala	NaN	None	NaN	NaN	NaN	NaN	NaN	NaN	NaN	NaN
20	H	His	measured	1.0	7.95144	121.69041000000001	19021400.0	25845500000.0	24.954539999999998	48.05377	gaussian	peak fit	20His	 20HisN	Max3	16.0	111.0	15.0	0.0	0.0	1.0	1.0	0.0
21	C	Cys	measured	1.0	8.40761	114.70623	19678500.0	10682800000.0	38.95712	12.298160000000001	gaussian	peak fit	21Cys	 21CysN	Max1	17.0	125.0	16.0	0.0	0.0	1.0	1.0	0.0
22	S	Ser	measured	1.0	8.19501	111.50692	15839100.0	5580870000.0	25.61743	12.13868	gaussian	peak fit	22Ser	 22SerN	Max1	18.0	106.0	17.0	0.0	0.0	1.0	1.0	0.0
23	A	Ala	measured	1.0	8.27325	121.75214	43322900.0	11169900000.0	17.24908	13.19169	gaussian	peak fit	23Ala	 23AlaN	Max1	19.0	40.0	18.0	0.0	0.0	1.0	1.0	0.0
24	G	Gly	measured	1.0	8.048	103.9501	34628200.0	8909980000.0	18.76793	12.09946	gaussian	peak fit	24Gly	 24GlyN	Max1	20.0	116.0	19.0	0.0	0.0	1.0	1.0	0.0
25	P	Pro	unassigned	0.0	NaN	NaN	NaN	NaN	NaN	NaN	NaN	NaN	25Pro	NaN	None	NaN	NaN	NaN	NaN	NaN	NaN	NaN	NaN
26	V	Val	measured	1.0	8.52951	123.04473999999999	25141600.0	9434570000.0	25.16159	13.162139999999999	gaussian	peak fit	26Val	 26ValN	Max1	21.0	32.0	20.0	0.0	0.0	1.0	1.0	0.0
27	G	Gly	measured	1.0	8.76723	115.31033000000001	11403300.0	1093740000.0	23.89305	15.32233	parabolic	peak fit	27Gly	 27GlyN	Max1	22.0	95.0	21.0	0.0	0.0	1.0	1.0	0.0
28	D	Asp	measured	1.0	8.57306	123.06822	25154500.0	32945700000.0	72.95684	15.84355	gaussian	peak fit	28Asp	 28AspN	Max1	23.0	27.0	22.0	0.0	0.0	1.0	1.0	0.0
29	D	Asp	measured	0.7	7.97763	119.73138	25859200.0	8758660000.0	22.17945	13.47744	gaussian	peak fit	29Asp	 29AspN	Joao7	24.0	63.0	23.0	0.0	0.0	1.0	1.0	0.0
30	L	Leu	measured	1.0	8.69533	125.76951000000001	20992400.0	6266980000.0	18.85538	13.97323	gaussian	peak fit	30Leu	 30LeuN	Joao10	25.0	11.0	24.0	0.0	0.0	1.0	1.0	0.0
31	F	Phe	measured	1.0	8.422039999999999	112.13942	18908900.0	6143180000.0	23.2135	12.351560000000001	gaussian	peak fit	31Phe	 31PheN	Joao10	26.0	109.0	25.0	0.0	0.0	1.0	1.0	0.0
32	H	His	measured	0.7	8.02588	119.73943	7386550.0	128458000000.0	92.12592	166.59887	gaussian	peak fit	32His	 32HisN	Joao7	27.0	118.0	26.0	0.0	0.0	1.0	1.0	0.0
33	W	Trp	measured	1.0	9.7239	123.89928	15381100.0	6610730000.0	28.696579999999997	13.21804	gaussian	peak fit	33Trp	 33TrpN	Max1	28.0	21.0	27.0	0.0	0.0	1.0	1.0	0.0
34	Q	Gln	measured	1.0	8.719489999999999	119.43328000000001	19678500.0	9071780000.0	30.181459999999998	13.4802	gaussian	peak fit	34Gln	 34GlnN	Max1	29.0	61.0	28.0	0.0	0.0	1.0	1.0	0.0
35	A	Ala	measured	1.0	8.94388	126.18961999999999	23526400.0	9002390000.0	24.21281	13.947389999999999	gaussian	peak fit	35Ala	 35AlaN	Max1	30.0	20.0	29.0	0.0	0.0	1.0	1.0	0.0
36	T	Thr	measured	1.0	8.90105	113.79823999999999	26265800.0	10914100000.0	28.72615	12.76602	gaussian	peak fit	36Thr	 36ThrN	Max1	31.0	105.0	30.0	0.0	0.0	1.0	1.0	0.0
37	I	Ile	unassigned	0.0	NaN	NaN	NaN	NaN	NaN	NaN	NaN	NaN	37Ile	NaN	None	NaN	NaN	NaN	NaN	NaN	NaN	NaN	NaN
38	M	Met	unassigned	0.0	NaN	NaN	NaN	NaN	NaN	NaN	NaN	NaN	38Met	NaN	None	NaN	NaN	NaN	NaN	NaN	NaN	NaN	NaN
39	G	Gly	measured	1.0	8.98307	108.98463000000001	22140200.0	7118600000.0	22.651629999999997	12.52706	gaussian	peak fit	39Gly	 39GlyN	Joao10	32.0	114.0	31.0	0.0	0.0	1.0	1.0	0.0
40	P	Pro	unassigned	0.0	NaN	NaN	NaN	NaN	NaN	NaN	NaN	NaN	40Pro	NaN	None	NaN	NaN	NaN	NaN	NaN	NaN	NaN	NaN
41	P	Pro	unassigned	0.0	NaN	NaN	NaN	NaN	NaN	NaN	NaN	NaN	41Pro	NaN	None	NaN	NaN	NaN	NaN	NaN	NaN	NaN	NaN
42	D	Asp	measured	1.0	8.70462	116.07064	27024300.0	7784470000.0	21.41747	11.86975	gaussian	peak fit	42Asp	 42AspN	Max1	33.0	89.0	32.0	0.0	0.0	1.0	1.0	0.0
43	S	Ser	measured	1.0	7.91794	114.3265	38274400.0	12282100000.0	23.74713	11.92585	gaussian	peak fit	43Ser	 43SerN	Max1	34.0	101.0	33.0	0.0	0.0	1.0	1.0	0.0
44	A	Ala	measured	1.0	9.22028	123.61003000000001	7139590.0	619358000.0	25.95757	15.133560000000001	parabolic	peak fit	44Ala	 44AlaN	Max1	35.0	22.0	34.0	0.0	0.0	1.0	1.0	0.0
45	Y	Tyr	measured	1.0	7.46333	114.60433	20409900.0	7246250000.0	25.01579	12.52545	gaussian	peak fit	45Tyr	 45TyrN	Max1	36.0	99.0	35.0	0.0	0.0	1.0	1.0	0.0
46	Q	Gln	measured	1.0	7.181889999999999	121.24363000000001	39294400.0	8697790000.0	16.57966	11.78251	gaussian	peak fit	46Gln	 46GlnN	Max1	37.0	48.0	36.0	0.0	0.0	1.0	1.0	0.0
47	G	Gly	measured	1.0	9.20026	115.84459	22179500.0	6248720000.0	20.60099	12.0694	gaussian	peak fit	47Gly	 47GlyN	Max1	38.0	91.0	37.0	0.0	0.0	1.0	1.0	0.0
48	G	Gly	measured	1.0	8.3786	106.54518999999999	35162600.0	8619100000.0	18.91301	11.43817	gaussian	peak fit	48Gly	 48GlyN	Max1	39.0	115.0	38.0	0.0	0.0	1.0	1.0	0.0
49	V	Val	measured	1.0	8.79555	125.50435	29958300.0	10350200000.0	26.14827	11.660680000000001	gaussian	peak fit	49Val	 49ValN	Max1	40.0	12.0	39.0	0.0	0.0	1.0	1.0	0.0
50	F	Phe	measured	1.0	8.77576	124.09714	29669300.0	9470350000.0	23.47889	11.99821	gaussian	peak fit	50Phe	 50PheN	Max1	41.0	16.0	40.0	0.0	0.0	1.0	1.0	0.0
51	F	Phe	measured	1.0	9.26746	121.13443999999998	17356900.0	7304710000.0	28.724079999999997	12.93061	gaussian	peak fit	51Phe	 51PheN	Max1	42.0	49.0	41.0	0.0	0.0	1.0	1.0	0.0
52	L	Leu	measured	1.0	9.20422	120.79789	25585600.0	9509340000.0	27.04788	12.127089999999999	gaussian	peak fit	52Leu	 52LeuN	Max1	43.0	51.0	42.0	0.0	0.0	1.0	1.0	0.0
53	T	Thr	measured	1.0	9.15885	113.96031	23756400.0	8767460000.0	25.04431	13.005289999999999	gaussian	peak fit	53Thr	 53ThrN	Max1	44.0	103.0	43.0	0.0	0.0	1.0	1.0	0.0
54	V	Val	measured	1.0	8.27034	122.19288999999999	23149400.0	29941300000.0	34.41854	15.22995	lorentzian	peak fit	54Val	 54ValN	Max1	45.0	35.0	44.0	0.0	0.0	1.0	1.0	0.0
55	H	His	measured	0.7	8.91457	125.93643999999999	22637500.0	2309320000.0	27.15232	14.8614	parabolic	peak fit	55His	 55HisN	Joao7	46.0	9.0	45.0	0.0	0.0	1.0	1.0	0.0
56	F	Phe	measured	0.9	8.991710000000001	126.40262	13416300.0	1381170000.0	32.659009999999995	16.329829999999998	parabolic	peak fit	56Phe	 56PheN	Joao9	47.0	8.0	46.0	0.0	0.0	1.0	1.0	0.0
57	P	Pro	unassigned	0.0	NaN	NaN	NaN	NaN	NaN	NaN	NaN	NaN	57Pro	NaN	None	NaN	NaN	NaN	NaN	NaN	NaN	NaN	NaN
58	T	Thr	measured	1.0	8.47231	110.70562	18989900.0	5244590000.0	18.74473	13.003060000000001	gaussian	peak fit	58Thr	 58ThrN	Max1	48.0	112.0	47.0	0.0	0.0	1.0	1.0	0.0
59	D	Asp	measured	1.0	8.40761	114.70623	19678500.0	10682800000.0	38.95712	12.298160000000001	gaussian	peak fit	59Asp	 59AspN	Max1	49.0	97.0	48.0	0.0	0.0	1.0	1.0	0.0
60	Y	Tyr	measured	1.0	7.5693399999999995	123.40873	39811800.0	9656230000.0	18.18189	11.77315	gaussian	peak fit	60Tyr	 60TyrN	Max1	50.0	24.0	49.0	0.0	0.0	1.0	1.0	0.0
61	P	Pro	unassigned	0.0	NaN	NaN	NaN	NaN	NaN	NaN	NaN	NaN	61Pro	NaN	None	NaN	NaN	NaN	NaN	NaN	NaN	NaN	NaN
62	F	Phe	measured	0.7	9.01047	124.67053999999999	28147500.0	34772900000.0	29.945520000000002	16.71976	lorentzian	peak fit	62Phe	 62PheN	Joao7	51.0	119.0	50.0	0.0	0.0	1.0	1.0	0.0
63	K	Lys	measured	1.0	7.04942	118.73834	44134000.0	12194600000.0	21.54413	11.31882	gaussian	peak fit	63Lys	 63LysN	Joao10	52.0	73.0	51.0	0.0	0.0	1.0	1.0	0.0
64	P	Pro	unassigned	0.0	NaN	NaN	NaN	NaN	NaN	NaN	NaN	NaN	64Pro	NaN	None	NaN	NaN	NaN	NaN	NaN	NaN	NaN	NaN
65	P	Pro	unassigned	0.0	NaN	NaN	NaN	NaN	NaN	NaN	NaN	NaN	65Pro	NaN	None	NaN	NaN	NaN	NaN	NaN	NaN	NaN	NaN
66	K	Lys	measured	1.0	8.32125	120.79122	25943800.0	9925930000.0	25.56176	13.209370000000002	gaussian	peak fit	66Lys	 66LysN	Max1	53.0	52.0	52.0	0.0	0.0	1.0	1.0	0.0
67	I	Ile	measured	1.0	8.71652	128.13183	24026400.0	10939100000.0	32.13751	12.50301	gaussian	peak fit	67Ile	 67IleN	Max1	54.0	4.0	53.0	0.0	0.0	1.0	1.0	0.0
68	A	Ala	measured	1.0	8.239239999999999	127.70388999999999	39019100.0	34843900000.0	25.84543	14.00314	lorentzian	peak fit	68Ala	 68AlaN	Max1	55.0	6.0	54.0	0.0	0.0	1.0	1.0	0.0
69	F	Phe	measured	1.0	9.77287	122.28383999999998	20727900.0	6594940000.0	21.232770000000002	13.224670000000001	gaussian	peak fit	69Phe	 69PheN	Max1	56.0	33.0	55.0	0.0	0.0	1.0	1.0	0.0
70	T	Thr	measured	1.0	9.59199	116.97832	16873100.0	2578880000.0	25.81062	13.542179999999998	parabolic	peak fit	70Thr	 70ThrN	Max1	57.0	86.0	56.0	0.0	0.0	1.0	1.0	0.0
71	T	Thr	measured	1.0	7.56133	121.90786999999999	42041300.0	10477500000.0	18.219089999999998	12.07237	gaussian	peak fit	71Thr	 71ThrN	Max1	58.0	38.0	57.0	0.0	0.0	1.0	1.0	0.0
72	K	Lys	measured	1.0	8.541960000000001	128.28361999999998	44086100.0	10147900000.0	17.27109	11.76224	gaussian	peak fit	72Lys	 72LysN	Max1	59.0	3.0	58.0	0.0	0.0	1.0	1.0	0.0
73	I	Ile	measured	1.0	8.31517	119.86582	40567800.0	34122100000.0	23.9493	14.23383	lorentzian	peak fit	73Ile	 73IleN	Max1	60.0	59.0	59.0	0.0	0.0	1.0	1.0	0.0
74	Y	Tyr	measured	1.0	8.67057	131.95426	11736200.0	3529810000.0	20.912589999999998	12.6926	gaussian	peak fit	74Tyr	 74TyrN	Max1	61.0	2.0	60.0	0.0	0.0	1.0	1.0	0.0
75	H	His	measured	1.0	8.570730000000001	129.95341000000002	26228300.0	7218140000.0	20.92257	11.60848	gaussian	peak fit	75His	 75HisN	Max1	62.0	1.0	61.0	0.0	0.0	1.0	1.0	0.0
76	P	Pro	unassigned	0.0	NaN	NaN	NaN	NaN	NaN	NaN	NaN	NaN	76Pro	NaN	None	NaN	NaN	NaN	NaN	NaN	NaN	NaN	NaN
77	N	Asn	unassigned	0.0	NaN	NaN	NaN	NaN	NaN	NaN	NaN	NaN	77Asn	NaN	None	NaN	NaN	NaN	NaN	NaN	NaN	NaN	NaN
78	I	Ile	measured	1.0	7.099260000000001	120.09811	30755900.0	10217000000.0	24.16094	12.13433	gaussian	peak fit	78Ile	 78IleN	Max1	63.0	57.0	62.0	0.0	0.0	1.0	1.0	0.0
79	N	Asn	measured	1.0	7.9496199999999995	121.37801999999999	31571600.0	13840200000.0	29.45719	13.13384	gaussian	peak fit	79Asn	 79AsnN	Max1	64.0	44.0	63.0	0.0	0.0	1.0	1.0	0.0
80	S	Ser	measured	0.7	8.48718	113.49061	14182500.0	4581520000.0	21.992729999999998	12.963189999999999	gaussian	peak fit	80Ser	 80SerN	Joao7	65.0	127.0	64.0	0.0	0.0	1.0	1.0	0.0
81	N	Asn	measured	1.0	7.58827	118.24439	15774300.0	6254280000.0	25.21194	13.878910000000001	gaussian	peak fit	81Asn	 81AsnN	Max1	66.0	126.0	65.0	0.0	0.0	1.0	1.0	0.0
82	G	Gly	measured	1.0	8.44476	110.09366999999999	30009300.0	8451640000.0	20.44698	12.15602	gaussian	peak fit	82Gly	 82GlyN	Max1	67.0	113.0	66.0	0.0	0.0	1.0	1.0	0.0
83	S	Ser	measured	1.0	7.74777	115.41966000000001	39426400.0	9864110000.0	18.48559	11.94463	gaussian	peak fit	83Ser	 83SerN	Max1	68.0	94.0	67.0	0.0	0.0	1.0	1.0	0.0
84	I	Ile	measured	1.0	8.523810000000001	120.14797	28774700.0	11561300000.0	27.80555	12.75267	gaussian	peak fit	84Ile	 84IleN	Max1	69.0	56.0	68.0	0.0	0.0	1.0	1.0	0.0
85	C	Cys	measured	1.0	8.622110000000001	127.75748	25355700.0	8535330000.0	24.00169	12.37764	gaussian	peak fit	85Cys	 85CysN	Max2	70.0	5.0	69.0	0.0	0.0	1.0	1.0	0.0
86	L	Leu	measured	1.0	7.31468	126.70233	22182500.0	6739740000.0	21.645429999999998	12.388010000000001	gaussian	peak fit	86Leu	 86LeuN	Max2	71.0	7.0	70.0	0.0	0.0	1.0	1.0	0.0
87	D	Asp	unassigned	0.0	NaN	NaN	NaN	NaN	NaN	NaN	NaN	NaN	87Asp	NaN	None	NaN	NaN	NaN	NaN	NaN	NaN	NaN	NaN
88	I	Ile	measured	1.0	8.362630000000001	116.37461	8626430.0	3662090000.0	25.37685	14.7637	gaussian	peak fit	88Ile	 88IleN	Max1	72.0	88.0	71.0	0.0	0.0	1.0	1.0	0.0
89	L	Leu	measured	1.0	7.14456	113.85615	26621800.0	9811870000.0	25.77115	12.62167	gaussian	peak fit	89Leu	 89LeuN	Max1	73.0	104.0	72.0	0.0	0.0	1.0	1.0	0.0
90	R	Arg	measured	1.0	7.9047	121.3417	42962000.0	4140300000.0	45.80764	12.13354	parabolic	peak fit	90Arg	 90ArgN	Max1	74.0	45.0	73.0	0.0	0.0	1.0	1.0	0.0
91	S	Ser	measured	1.0	8.243039999999999	117.68433	53433900.0	11294900000.0	15.79951	11.80753	gaussian	peak fit	91Ser	 91SerN	Max1	75.0	79.0	74.0	0.0	0.0	1.0	1.0	0.0
92	Q	Gln	measured	1.0	7.8215	117.62503999999998	26297800.0	3112860000.0	23.47105	12.7819	parabolic	peak fit	92Gln	 92GlnN	Max1	76.0	87.0	75.0	0.0	0.0	1.0	1.0	0.0
93	W	Trp	measured	1.0	7.42885	121.30311	36442000.0	2080020000.0	18.84531	11.29711	parabolic	peak fit	93Trp	 93TrpN	Max1	77.0	46.0	76.0	0.0	0.0	1.0	1.0	0.0
94	S	Ser	measured	1.0	5.55661	120.90073999999998	42595200.0	10339600000.0	18.72843	11.43872	gaussian	peak fit	94Ser	 94SerN	Max1	78.0	50.0	77.0	0.0	0.0	1.0	1.0	0.0
95	P	Pro	unassigned	0.0	NaN	NaN	NaN	NaN	NaN	NaN	NaN	NaN	95Pro	NaN	None	NaN	NaN	NaN	NaN	NaN	NaN	NaN	NaN
96	A	Ala	unassigned	0.0	NaN	NaN	NaN	NaN	NaN	NaN	NaN	NaN	96Ala	NaN	None	NaN	NaN	NaN	NaN	NaN	NaN	NaN	NaN
97	L	Leu	measured	1.0	7.321860000000001	119.57297	45948100.0	11751600000.0	19.34831	11.66602	gaussian	peak fit	97Leu	 97LeuN	Max1	80.0	62.0	79.0	0.0	0.0	1.0	1.0	0.0
98	T	Thr	measured	1.0	6.11235	101.72135	23741700.0	8373780000.0	23.52855	13.229679999999998	gaussian	peak fit	98Thr	 98ThrN	Max1	81.0	117.0	80.0	0.0	0.0	1.0	1.0	0.0
99	V	Val	measured	1.0	10.249189999999999	123.54876999999999	21000800.0	6045840000.0	20.526429999999998	12.37778	gaussian	peak fit	99Val	 99ValN	Max1	82.0	23.0	81.0	0.0	0.0	1.0	1.0	0.0
100	S	Ser	unassigned	0.0	NaN	NaN	NaN	NaN	NaN	NaN	NaN	NaN	100Ser	NaN	None	NaN	NaN	NaN	NaN	NaN	NaN	NaN	NaN
101	K	Lys	measured	1.0	7.68617	119.9203	20742900.0	6944100000.0	22.26786	13.26794	gaussian	peak fit	101Lys	 101LysN	Joao10	83.0	58.0	82.0	0.0	0.0	1.0	1.0	0.0
102	V	Val	measured	1.0	8.49003	121.83405	23816700.0	26441000000.0	23.857329999999997	41.06862	gaussian	peak fit	102Val	 102ValN	Joao10	84.0	39.0	83.0	0.0	0.0	1.0	1.0	0.0
103	L	Leu	measured	1.0	8.91099	119.70031999999999	26531100.0	8109200000.0	21.064729999999997	12.805660000000001	gaussian	peak fit	103Leu	 103LeuN	Joao10	85.0	65.0	84.0	0.0	0.0	1.0	1.0	0.0
104	L	Leu	measured	1.0	8.17278	120.51178999999999	33309300.0	9545450000.0	17.15399	14.74351	gaussian	peak fit	104Leu	 104LeuN	Joao10	86.0	54.0	85.0	0.0	0.0	1.0	1.0	0.0
105	S	Ser	measured	1.0	8.08038	117.44755	45507900.0	14320600000.0	18.966479999999997	14.6428	gaussian	peak fit	105Ser	 105SerN	Max2	87.0	83.0	86.0	0.0	0.0	1.0	1.0	0.0
106	I	Ile	measured	1.0	8.51172	124.44765	30241600.0	5775550000.0	22.74956	27.26995	parabolic	peak fit	106Ile	 106IleN	Max2	88.0	121.0	87.0	0.0	0.0	1.0	1.0	0.0
107	C	Cys	measured	1.0	8.300139999999999	119.18361999999999	29891100.0	7583020000.0	17.68231	12.66186	gaussian	peak fit	107Cys	 107CysN	Max2	89.0	68.0	88.0	0.0	0.0	1.0	1.0	0.0
108	S	Ser	measured	1.0	8.158339999999999	114.52045	44687900.0	10581300000.0	17.21971	12.13555	gaussian	peak fit	108Ser	 108SerN	Max2	90.0	100.0	89.0	0.0	0.0	1.0	1.0	0.0
109	L	Leu	measured	1.0	7.85795	124.22128000000001	41941700.0	10447500000.0	17.858729999999998	12.30985	gaussian	peak fit	109Leu	 109LeuN	Max2	91.0	18.0	90.0	0.0	0.0	1.0	1.0	0.0
110	L	Leu	measured	0.8	8.019260000000001	119.46895	33297900.0	10714500000.0	19.89012	14.277560000000001	gaussian	peak fit	110Leu	 110LeuN	Joao8	92.0	82.0	91.0	0.0	0.0	1.0	1.0	0.0
111	C	Cys	measured	1.0	7.23906	114.2138	32672300.0	9031910000.0	19.84684	12.29261	gaussian	peak fit	111Cys	 111CysN	Joao10	93.0	102.0	92.0	0.0	0.0	1.0	1.0	0.0
112	D	Asp	measured	1.0	8.16845	118.91193999999999	38330500.0	3984300000.0	23.41098	11.972610000000001	parabolic	peak fit	112Asp	 112AspN	Joao10	94.0	69.0	93.0	0.0	0.0	1.0	1.0	0.0
113	P	Pro	unassigned	0.0	NaN	NaN	NaN	NaN	NaN	NaN	NaN	NaN	113Pro	NaN	None	NaN	NaN	NaN	NaN	NaN	NaN	NaN	NaN
114	N	Asn	measured	1.0	8.611880000000001	115.47418	27691500.0	9401190000.0	25.541539999999998	11.730739999999999	gaussian	peak fit	114Asn	 114AsnN	Joao10	95.0	93.0	94.0	0.0	0.0	1.0	1.0	0.0
115	P	Pro	unassigned	0.0	NaN	NaN	NaN	NaN	NaN	NaN	NaN	NaN	115Pro	NaN	None	NaN	NaN	NaN	NaN	NaN	NaN	NaN	NaN
116	D	Asp	measured	0.9	7.67773	118.06855	48335800.0	19745900000.0	21.63229	16.66638	gaussian	peak fit	116Asp	 116AspN	Joao9	96.0	120.0	95.0	0.0	0.0	1.0	1.0	0.0
117	D	Asp	measured	1.0	6.70845	118.38192	35535500.0	2996690000.0	23.220879999999998	11.05064	parabolic	peak fit	117Asp	 117AspN	Joao10	97.0	76.0	96.0	0.0	0.0	1.0	1.0	0.0
118	P	Pro	unassigned	0.0	NaN	NaN	NaN	NaN	NaN	NaN	NaN	NaN	118Pro	NaN	None	NaN	NaN	NaN	NaN	NaN	NaN	NaN	NaN
119	L	Leu	measured	1.0	8.60144	118.87075	18193400.0	2800530000.0	27.978790000000004	13.62974	parabolic	peak fit	119Leu	 119LeuN	Joao10	98.0	71.0	97.0	0.0	0.0	1.0	1.0	0.0
120	V	Val	measured	0.9	7.56521	118.58635	27075800.0	10637300000.0	29.954909999999998	11.5749	gaussian	peak fit	120Val	 120ValN	Joao9	99.0	74.0	98.0	0.0	0.0	1.0	1.0	0.0
121	P	Pro	unassigned	0.0	NaN	NaN	NaN	NaN	NaN	NaN	NaN	NaN	121Pro	NaN	None	NaN	NaN	NaN	NaN	NaN	NaN	NaN	NaN
122	D	Asp	unassigned	0.0	NaN	NaN	NaN	NaN	NaN	NaN	NaN	NaN	122Asp	NaN	None	NaN	NaN	NaN	NaN	NaN	NaN	NaN	NaN
123	I	Ile	measured	1.0	6.90613	118.91953000000001	29251500.0	2341070000.0	21.83292	12.97175	parabolic	peak fit	123Ile	 123IleN	Max1	100.0	70.0	99.0	0.0	0.0	1.0	1.0	0.0
124	A	Ala	measured	1.0	7.75409	121.97418	41376100.0	9093500000.0	16.24145	11.94242	gaussian	peak fit	124Ala	 124AlaN	Max1	101.0	37.0	100.0	0.0	0.0	1.0	1.0	0.0
125	Q	Gln	measured	1.0	8.0004	115.52192	56398600.0	11713200000.0	15.8152	11.58961	gaussian	peak fit	125Gln	 125GlnN	Max1	102.0	92.0	101.0	0.0	0.0	1.0	1.0	0.0
126	I	Ile	measured	1.0	7.55623	122.18401999999999	42603700.0	2919390000.0	19.21369	13.409970000000001	parabolic	peak fit	126Ile	 126IleN	Max1	103.0	36.0	102.0	0.0	0.0	1.0	1.0	0.0
127	Y	Tyr	measured	1.0	8.503169999999999	119.17818	33809700.0	8364750000.0	17.7877	12.27515	gaussian	peak fit	127Tyr	 127TyrN	Max1	104.0	67.0	103.0	0.0	0.0	1.0	1.0	0.0
128	K	Lys	measured	1.0	7.65995	112.04846	39378300.0	10162400000.0	18.19114	12.52028	gaussian	peak fit	128Lys	 128LysN	Max1	105.0	110.0	104.0	0.0	0.0	1.0	1.0	0.0
129	S	Ser	measured	1.0	7.88325	112.69089	40162100.0	34513500000.0	25.394370000000002	13.715	lorentzian	peak fit	129Ser	 129SerN	Max1	106.0	107.0	105.0	0.0	0.0	1.0	1.0	0.0
130	D	Asp	measured	1.0	9.04152	124.78097	42411900.0	12328500000.0	21.35174	12.015039999999999	gaussian	peak fit	130Asp	 130AspN	Max1	107.0	14.0	106.0	0.0	0.0	1.0	1.0	0.0
131	K	Lys	measured	1.0	8.66312	125.2392	40323100.0	24945900000.0	17.76018	14.1175	lorentzian	peak fit	131Lys	 131LysN	Max1	108.0	13.0	107.0	0.0	0.0	1.0	1.0	0.0
132	E	Glu	measured	1.0	8.243039999999999	117.68433	53433900.0	11294900000.0	15.79951	11.80753	gaussian	peak fit	132Glu	 132GluN	Max1	109.0	122.0	108.0	0.0	0.0	1.0	1.0	0.0
133	K	Lys	measured	1.0	7.605989999999999	123.22939	52426300.0	11859400000.0	16.727220000000003	11.93505	gaussian	peak fit	133Lys	 133LysN	Max1	110.0	25.0	109.0	0.0	0.0	1.0	1.0	0.0
134	Y	Tyr	measured	1.0	8.23578	118.76836999999999	34844800.0	8240280000.0	16.61191	12.56377	gaussian	peak fit	134Tyr	 134TyrN	Max1	111.0	72.0	110.0	0.0	0.0	1.0	1.0	0.0
135	N	Asn	measured	1.0	8.653880000000001	117.48947	38617200.0	8465320000.0	16.00962	12.08418	gaussian	peak fit	135Asn	 135AsnN	Max1	112.0	81.0	111.0	0.0	0.0	1.0	1.0	0.0
136	R	Arg	measured	1.0	7.8872	120.59687	51188700.0	11065800000.0	16.16602	11.801639999999999	gaussian	peak fit	136Arg	 136ArgN	Max1	113.0	53.0	112.0	0.0	0.0	1.0	1.0	0.0
137	H	His	measured	1.0	7.97558	119.55308000000001	47563100.0	13170800000.0	19.0562	12.824530000000001	gaussian	peak fit	137His	 137HisN	Max1	114.0	80.0	113.0	0.0	0.0	1.0	1.0	0.0
138	A	Ala	measured	1.0	8.53842	121.44918999999999	42306600.0	10871200000.0	17.689420000000002	12.820110000000001	gaussian	peak fit	138Ala	 138AlaN	Max1	115.0	43.0	114.0	0.0	0.0	1.0	1.0	0.0
139	R	Arg	measured	1.0	8.5035	121.54993999999999	47496700.0	12574600000.0	18.41261	12.689680000000001	gaussian	peak fit	139Arg	 139ArgN	Max1	116.0	42.0	115.0	0.0	0.0	1.0	1.0	0.0
140	E	Glu	measured	1.0	8.44928	122.3703	52024400.0	10973900000.0	15.55432	11.96845	gaussian	peak fit	140Glu	 140GluN	Max1	117.0	124.0	116.0	0.0	0.0	1.0	1.0	0.0
141	W	Trp	measured	1.0	9.28812	119.69568000000001	27283200.0	6517520000.0	17.459239999999998	12.075280000000001	gaussian	peak fit	141Trp	 141TrpN	Max1	118.0	60.0	117.0	0.0	0.0	1.0	1.0	0.0
142	T	Thr	measured	1.0	8.50827	124.68288000000001	29931700.0	2086120000.0	19.378320000000002	27.68122	parabolic	peak fit	142Thr	 142ThrN	Max1	119.0	15.0	118.0	0.0	0.0	1.0	1.0	0.0
143	Q	Gln	measured	1.0	8.09269	119.53851999999999	45968900.0	10895300000.0	17.36712	12.0443	gaussian	peak fit	143Gln	 143GlnN	Max1	120.0	64.0	119.0	0.0	0.0	1.0	1.0	0.0
144	K	Lys	measured	1.0	7.9069899999999995	116.00653	53964100.0	11514100000.0	16.40475	11.47862	gaussian	peak fit	144Lys	 144LysN	Max1	121.0	90.0	120.0	0.0	0.0	1.0	1.0	0.0
145	Y	Tyr	measured	1.0	7.983639999999999	112.46523	30731100.0	3201100000.0	23.80751	12.59218	parabolic	peak fit	145Tyr	 145TyrN	Max1	122.0	108.0	121.0	0.0	0.0	1.0	1.0	0.0
146	A	Ala	measured	1.0	8.216330000000001	123.12846	32111700.0	3723190000.0	23.7555	12.77271	parabolic	peak fit	146Ala	 146AlaN	Max1	123.0	26.0	122.0	0.0	0.0	1.0	1.0	0.0
147	M	Met	measured	1.0	7.24655	122.60493000000001	61260100.0	6273520000.0	20.527279999999998	11.22685	parabolic	peak fit	147Met	 147MetN	Max1	124.0	28.0	123.0	0.0	0.0	1.0	1.0	0.0
