Res#	1-letter	3-letter	Peak Status	Merit	Position F1	Position F2	Height	Volume	Line Width F1 (Hz)	Line Width F2 (Hz)	Fit Method	Vol. Method	Assign F1	Assign F2	Details	Number	#	index
1	M	Met	unassigned	0.0000	NaN	NaN	NaN	NaN	NaN	NaN	NaN	NaN	1Met	NaN	None	NaN	NaN	NaN
2	A	Ala	measured	0.8000	8.3380	124.0753	15809400.0000	9870440000.0000	17.7657	14.2429	lorentzian	peak fit	2Ala	 2AlaN	None	1.0000	19.0000	0.0000
3	L	Leu	unassigned	0.0000	NaN	NaN	NaN	NaN	NaN	NaN	NaN	NaN	3Leu	NaN	None	NaN	NaN	NaN
4	K	Lys	measured	0.8000	7.6771	118.0793	22549200.0000	25040000000.0000	23.5098	19.1432	lorentzian	peak fit	4Lys	 4LysN	None	2.0000	78.0000	1.0000
5	R	Arg	measured	1.0000	7.7456	121.2878	14231700.0000	12215200000.0000	22.4490	15.0181	lorentzian	peak fit	5Arg	 5ArgN	None	3.0000	47.0000	2.0000
6	I	Ile	measured	0.9000	8.7186	122.4411	10954100.0000	9609120000.0000	25.4377	14.9305	lorentzian	peak fit	6Ile	 6IleN	None	4.0000	30.0000	3.0000
7	Q	Gln	measured	0.9000	8.5285	117.4189	18602300.0000	15374900000.0000	21.1419	15.8440	lorentzian	peak fit	7Gln	 7GlnN	None	5.0000	84.0000	4.0000
8	K	Lys	measured	0.9000	7.8691	122.4602	18404600.0000	15056800000.0000	22.4833	14.7470	lorentzian	peak fit	8Lys	 8LysN	None	6.0000	29.0000	5.0000
9	E	Glu	measured	0.8000	8.6203	119.3660	16657500.0000	12607300000.0000	19.9578	15.3696	lorentzian	peak fit	9Glu	 9GluN	None	7.0000	66.0000	6.0000
10	L	Leu	measured	0.8000	8.7925	120.3727	17016800.0000	15602400000.0000	24.6390	15.0817	lorentzian	peak fit	10Leu	 10LeuN	None	8.0000	55.0000	7.0000
11	S	Ser	measured	0.9000	8.2187	114.6573	8296520.0000	10884900000.0000	35.3407	15.0666	lorentzian	peak fit	11Ser	 11SerN	None	9.0000	98.0000	8.0000
12	D	Asp	measured	0.7000	8.4474	122.3651	22743000.0000	14294900000.0000	17.8721	14.2533	lorentzian	peak fit	12Asp	 12AspN	None	10.0000	31.0000	9.0000
13	L	Leu	measured	0.8000	8.2065	122.2156	12936900.0000	12846200000.0000	24.9756	16.1134	lorentzian	peak fit	13Leu	 13LeuN	None	11.0000	34.0000	10.0000
14	Q	Gln	measured	1.0000	8.0365	115.0618	19043900.0000	16559800000.0000	23.1262	15.2389	lorentzian	peak fit	14Gln	 14GlnN	None	12.0000	96.0000	11.0000
15	R	Arg	measured	0.8000	7.5887	118.2420	7245330.0000	10016900000.0000	30.5710	18.3285	lorentzian	peak fit	15Arg	 15ArgN	None	13.0000	77.0000	12.0000
16	D	Asp	measured	0.8000	7.7005	116.9187	17334000.0000	17411700000.0000	31.0155	13.1257	lorentzian	peak fit	16Asp	 16AspN	None	14.0000	123.0000	13.0000
17	P	Pro	unassigned	0.0000	NaN	NaN	NaN	NaN	NaN	NaN	NaN	NaN	17Pro	NaN	None	NaN	NaN	NaN
18	P	Pro	unassigned	0.0000	NaN	NaN	NaN	NaN	NaN	NaN	NaN	NaN	18Pro	NaN	None	NaN	NaN	NaN
19	A	Ala	unassigned	0.0000	NaN	NaN	NaN	NaN	NaN	NaN	NaN	NaN	19Ala	NaN	None	NaN	NaN	NaN
20	H	His	measured	1.0000	8.1961	111.5013	7343780.0000	7439400000.0000	24.6879	16.6301	lorentzian	peak fit	20His	 20HisN	None	15.0000	111.0000	14.0000
21	C	Cys	unassigned	0.0000	NaN	NaN	NaN	NaN	NaN	NaN	NaN	NaN	21Cys	NaN	None	NaN	NaN	NaN
22	S	Ser	measured	1.0000	8.4916	113.4775	6451920.0000	7725380000.0000	18.8440	15.9790	lorentzian	peak fit	22Ser	 22SerN	None	16.0000	106.0000	15.0000
23	A	Ala	measured	0.8000	8.2721	121.7447	18437200.0000	16176800000.0000	21.6297	16.9627	lorentzian	peak fit	23Ala	 23AlaN	None	17.0000	40.0000	16.0000
24	G	Gly	measured	1.0000	8.0478	103.9536	14200800.0000	11693600000.0000	21.2538	15.7022	lorentzian	peak fit	24Gly	 24GlyN	None	18.0000	116.0000	17.0000
25	P	Pro	unassigned	0.0000	NaN	NaN	NaN	NaN	NaN	NaN	NaN	NaN	25Pro	NaN	None	NaN	NaN	NaN
26	V	Val	measured	0.7000	8.5174	122.2985	22745300.0000	19084700000.0000	22.6777	15.1159	lorentzian	peak fit	26Val	 26ValN	None	19.0000	32.0000	18.0000
27	G	Gly	measured	0.9000	8.7667	115.3215	4899960.0000	4964860000.0000	21.6412	18.9755	lorentzian	peak fit	27Gly	 27GlyN	None	20.0000	95.0000	19.0000
28	D	Asp	measured	0.9000	8.5266	123.0427	10359500.0000	13957500000.0000	31.0485	17.5867	lorentzian	peak fit	28Asp	 28AspN	None	21.0000	27.0000	20.0000
29	D	Asp	measured	0.7000	7.9774	119.7130	11497100.0000	16754100000.0000	25.0082	23.6681	lorentzian	peak fit	29Asp	 29AspN	None	22.0000	63.0000	21.0000
30	L	Leu	measured	0.9000	8.6980	125.7770	7110750.0000	10566100000.0000	21.0666	18.0562	lorentzian	peak fit	30Leu	 30LeuN	None	23.0000	11.0000	22.0000
31	F	Phe	measured	1.0000	8.4194	112.1479	6270390.0000	7771110000.0000	26.7925	18.2066	lorentzian	peak fit	31Phe	 31PheN	None	24.0000	109.0000	23.0000
32	H	His	measured	0.7000	8.0136	119.7649	2750160.0000	155834000000.0000	346.6974	366.3168	lorentzian	peak fit	32His	 32HisN	None	25.0000	118.0000	24.0000
33	W	Trp	measured	1.0000	9.7264	123.8987	5098260.0000	4841800000.0000	21.3015	18.0695	lorentzian	peak fit	33Trp	 33TrpN	None	26.0000	21.0000	25.0000
34	Q	Gln	measured	0.8000	8.7229	119.4382	7136930.0000	8685920000.0000	27.7981	17.7439	lorentzian	peak fit	34Gln	 34GlnN	None	27.0000	61.0000	26.0000
35	A	Ala	measured	1.0000	8.7762	124.0953	12118600.0000	12400000000.0000	27.6745	14.9847	lorentzian	peak fit	35Ala	 35AlaN	None	28.0000	20.0000	27.0000
36	T	Thr	measured	1.0000	8.8985	113.7877	10558400.0000	12546900000.0000	31.6137	15.2342	lorentzian	peak fit	36Thr	 36ThrN	None	29.0000	105.0000	28.0000
37	I	Ile	measured	0.4000	9.0760	121.5710	1099130.0000	6464000000.0000	9.6973	13.3497	lorentzian	peak fit	37Ile	 37IleN	None	30.0000	10.0000	29.0000
38	M	Met	unassigned	0.0000	NaN	NaN	NaN	NaN	NaN	NaN	NaN	NaN	38Met	NaN	None	NaN	NaN	NaN
39	G	Gly	measured	1.0000	8.9850	108.9826	8605530.0000	7544070000.0000	23.8088	15.4260	lorentzian	peak fit	39Gly	 39GlyN	None	31.0000	114.0000	30.0000
40	P	Pro	unassigned	0.0000	NaN	NaN	NaN	NaN	NaN	NaN	NaN	NaN	40Pro	NaN	None	NaN	NaN	NaN
41	P	Pro	unassigned	0.0000	NaN	NaN	NaN	NaN	NaN	NaN	NaN	NaN	41Pro	NaN	None	NaN	NaN	NaN
42	D	Asp	measured	0.9000	8.7032	116.0663	12357700.0000	10123700000.0000	22.2108	14.9485	lorentzian	peak fit	42Asp	 42AspN	None	32.0000	89.0000	31.0000
43	S	Ser	measured	1.0000	7.9148	114.3251	17802600.0000	19084200000.0000	25.7877	15.1035	lorentzian	peak fit	43Ser	 43SerN	None	33.0000	101.0000	32.0000
44	A	Ala	measured	1.0000	9.2264	123.6151	3565180.0000	18227600000.0000	21.0797	16.5237	lorentzian	peak fit	44Ala	 44AlaN	None	34.0000	22.0000	33.0000
45	Y	Tyr	measured	1.0000	7.4624	114.6100	9332830.0000	9611770000.0000	24.6714	16.0757	lorentzian	peak fit	45Tyr	 45TyrN	None	35.0000	99.0000	34.0000
46	Q	Gln	measured	1.0000	7.1819	121.2439	17335000.0000	10356200000.0000	16.8812	14.3428	lorentzian	peak fit	46Gln	 46GlnN	None	36.0000	48.0000	35.0000
47	G	Gly	measured	1.0000	9.1975	115.8496	9488340.0000	17632200000.0000	46.4028	16.2295	lorentzian	peak fit	47Gly	 47GlyN	None	37.0000	91.0000	36.0000
48	G	Gly	measured	1.0000	8.3779	106.5443	15993600.0000	12350600000.0000	22.0143	14.2166	lorentzian	peak fit	48Gly	 48GlyN	None	38.0000	115.0000	37.0000
49	V	Val	measured	0.9000	8.7946	125.5083	13367100.0000	11716000000.0000	23.8538	14.6709	lorentzian	peak fit	49Val	 49ValN	None	39.0000	12.0000	38.0000
50	F	Phe	measured	0.9000	9.0095	124.6691	12637900.0000	19299100000.0000	30.6548	17.4693	lorentzian	peak fit	50Phe	 50PheN	None	40.0000	16.0000	39.0000
51	F	Phe	measured	0.9000	9.2662	121.1397	6770670.0000	6908800000.0000	28.8473	14.3359	lorentzian	peak fit	51Phe	 51PheN	None	41.0000	49.0000	40.0000
52	L	Leu	measured	0.9000	9.2056	120.7912	10538300.0000	12682900000.0000	26.2998	14.0867	parabolic	peak fit	52Leu	 52LeuN	None	42.0000	51.0000	41.0000
53	T	Thr	measured	1.0000	9.1582	113.9611	9161810.0000	12200000000.0000	32.1131	16.8057	lorentzian	peak fit	53Thr	 53ThrN	None	43.0000	103.0000	42.0000
54	V	Val	measured	0.8000	8.2625	122.1932	9125250.0000	26643800000.0000	46.9422	17.5512	lorentzian	peak fit	54Val	 54ValN	None	44.0000	35.0000	43.0000
55	H	His	measured	0.8000	8.9441	126.1976	8023930.0000	11020400000.0000	27.1272	19.4333	lorentzian	peak fit	55His	 55HisN	None	45.0000	9.0000	44.0000
56	F	Phe	measured	0.9000	8.9931	126.3904	4172440.0000	43953700000.0000	164.9524	16.5792	lorentzian	peak fit	56Phe	 56PheN	None	46.0000	8.0000	45.0000
57	P	Pro	unassigned	0.0000	NaN	NaN	NaN	NaN	NaN	NaN	NaN	NaN	57Pro	NaN	None	NaN	NaN	NaN
58	T	Thr	measured	1.0000	8.4724	110.7138	8400820.0000	7122970000.0000	20.7893	15.4621	lorentzian	peak fit	58Thr	 58ThrN	None	47.0000	112.0000	46.0000
59	D	Asp	measured	0.8000	8.4046	114.6928	12361300.0000	15681000000.0000	37.5539	13.6903	lorentzian	peak fit	59Asp	 59AspN	None	48.0000	97.0000	47.0000
60	Y	Tyr	measured	0.9000	7.5701	123.4029	16172200.0000	12423300000.0000	22.5259	15.1680	lorentzian	peak fit	60Tyr	 60TyrN	None	49.0000	24.0000	48.0000
61	P	Pro	unassigned	0.0000	NaN	NaN	NaN	NaN	NaN	NaN	NaN	NaN	61Pro	NaN	None	NaN	NaN	NaN
62	F	Phe	measured	0.5000	8.9155	125.9418	7642430.0000	66056300.0000	30.6471	22.1238	parabolic	box sum	62Phe	 62PheN	None	50.0000	119.0000	49.0000
63	K	Lys	measured	0.9000	7.0478	118.7430	19755500.0000	16486600000.0000	24.4325	13.6579	lorentzian	peak fit	63Lys	 63LysN	None	51.0000	73.0000	50.0000
64	P	Pro	unassigned	0.0000	NaN	NaN	NaN	NaN	NaN	NaN	NaN	NaN	64Pro	NaN	None	NaN	NaN	NaN
65	P	Pro	unassigned	0.0000	NaN	NaN	NaN	NaN	NaN	NaN	NaN	NaN	65Pro	NaN	None	NaN	NaN	NaN
66	K	Lys	measured	0.7000	8.3211	120.7843	9470420.0000	9927800000.0000	27.0402	15.7121	lorentzian	peak fit	66Lys	 66LysN	None	52.0000	52.0000	51.0000
67	I	Ile	measured	1.0000	8.7150	128.1235	9306000.0000	17061200000.0000	42.7440	17.3829	lorentzian	peak fit	67Ile	 67IleN	None	53.0000	4.0000	52.0000
68	A	Ala	measured	1.0000	8.2377	127.7022	16257500.0000	16633400000.0000	27.3197	14.1798	lorentzian	peak fit	68Ala	 68AlaN	None	54.0000	6.0000	53.0000
69	F	Phe	measured	1.0000	9.7724	122.2882	7915620.0000	10610000000.0000	30.9808	17.5347	lorentzian	peak fit	69Phe	 69PheN	None	55.0000	33.0000	54.0000
70	T	Thr	measured	1.0000	9.5952	116.9970	6426990.0000	20267400000.0000	36.6296	15.2676	lorentzian	peak fit	70Thr	 70ThrN	None	56.0000	86.0000	55.0000
71	T	Thr	measured	0.9000	7.5615	121.9030	17799300.0000	14250200000.0000	21.1834	15.3172	lorentzian	peak fit	71Thr	 71ThrN	None	57.0000	38.0000	56.0000
72	K	Lys	measured	1.0000	8.5409	128.2773	18676000.0000	13219100000.0000	20.3329	14.1085	lorentzian	peak fit	72Lys	 72LysN	None	58.0000	3.0000	57.0000
73	I	Ile	measured	0.9000	8.3147	119.8605	17071400.0000	16025200000.0000	25.3826	14.9885	lorentzian	peak fit	73Ile	 73IleN	None	59.0000	59.0000	58.0000
74	Y	Tyr	measured	1.0000	8.6671	131.9557	4755820.0000	9530340000.0000	46.4701	16.3282	lorentzian	peak fit	74Tyr	 74TyrN	None	60.0000	2.0000	59.0000
75	H	His	measured	1.0000	8.5692	129.9533	11770100.0000	9755440000.0000	24.1160	13.9291	lorentzian	peak fit	75His	 75HisN	None	61.0000	1.0000	60.0000
76	P	Pro	unassigned	0.0000	NaN	NaN	NaN	NaN	NaN	NaN	NaN	NaN	76Pro	NaN	None	NaN	NaN	NaN
77	N	Asn	unassigned	0.0000	NaN	NaN	NaN	NaN	NaN	NaN	NaN	NaN	77Asn	NaN	None	NaN	NaN	NaN
78	I	Ile	measured	1.0000	7.1000	120.0908	13219600.0000	16244500000.0000	25.6147	15.3061	lorentzian	peak fit	78Ile	 78IleN	None	62.0000	57.0000	61.0000
79	N	Asn	measured	0.9000	7.9496	121.3806	14268200.0000	17421400000.0000	29.2427	16.9202	lorentzian	peak fit	79Asn	 79AsnN	None	63.0000	44.0000	62.0000
80	S	Ser	unassigned	0.0000	NaN	NaN	NaN	NaN	NaN	NaN	NaN	NaN	80Ser	NaN	None	NaN	NaN	NaN
81	N	Asn	unassigned	0.0000	NaN	NaN	NaN	NaN	NaN	NaN	NaN	NaN	81Asn	NaN	None	NaN	NaN	NaN
82	G	Gly	measured	1.0000	8.4431	110.0923	14241500.0000	11335500000.0000	21.6431	14.8785	lorentzian	peak fit	82Gly	 82GlyN	None	64.0000	113.0000	63.0000
83	S	Ser	measured	0.9000	7.7474	115.4188	17415300.0000	14512300000.0000	22.9831	14.6946	lorentzian	peak fit	83Ser	 83SerN	None	65.0000	94.0000	64.0000
84	I	Ile	measured	0.9000	8.5224	120.1392	12406600.0000	17516600000.0000	33.2717	16.4454	lorentzian	peak fit	84Ile	 84IleN	None	66.0000	56.0000	65.0000
85	C	Cys	measured	1.0000	8.6196	127.7529	10701600.0000	13598500000.0000	23.2404	15.4233	lorentzian	peak fit	85Cys	 85CysN	None	67.0000	5.0000	66.0000
86	L	Leu	measured	1.0000	7.3133	126.6859	10453400.0000	14697400000.0000	38.7065	14.5834	lorentzian	peak fit	86Leu	 86LeuN	None	68.0000	7.0000	67.0000
87	D	Asp	unassigned	0.0000	NaN	NaN	NaN	NaN	NaN	NaN	NaN	NaN	87Asp	NaN	None	NaN	NaN	NaN
88	I	Ile	measured	0.9000	8.3656	116.3685	3719890.0000	22110200000.0000	435.5854	19.4065	lorentzian	peak fit	88Ile	 88IleN	None	69.0000	88.0000	68.0000
89	L	Leu	measured	1.0000	7.1419	113.8573	11786700.0000	11836500000.0000	26.2961	15.4775	lorentzian	peak fit	89Leu	 89LeuN	None	70.0000	104.0000	69.0000
90	R	Arg	measured	0.9000	7.9046	121.3406	19427800.0000	24543000000.0000	35.6685	14.3542	lorentzian	peak fit	90Arg	 90ArgN	None	71.0000	45.0000	70.0000
91	S	Ser	measured	0.5000	8.2423	117.6813	23019100.0000	16069900000.0000	19.4087	15.0665	lorentzian	peak fit	91Ser	 91SerN	None	72.0000	79.0000	71.0000
92	Q	Gln	measured	0.8000	7.8197	117.6287	11131100.0000	12205800000.0000	38.9916	15.4067	lorentzian	peak fit	92Gln	 92GlnN	None	73.0000	87.0000	72.0000
93	W	Trp	measured	0.9000	7.4299	121.3062	16220800.0000	11057500000.0000	19.6320	13.6579	lorentzian	peak fit	93Trp	 93TrpN	None	74.0000	46.0000	73.0000
94	S	Ser	measured	1.0000	5.5564	120.9005	18765300.0000	14693700000.0000	22.7510	13.9488	lorentzian	peak fit	94Ser	 94SerN	None	75.0000	50.0000	74.0000
95	P	Pro	unassigned	0.0000	NaN	NaN	NaN	NaN	NaN	NaN	NaN	NaN	95Pro	NaN	None	NaN	NaN	NaN
96	A	Ala	measured	1.0000	7.2342	118.5362	10907200.0000	9377730000.0000	23.2154	15.5938	lorentzian	peak fit	96Ala	 96AlaN	None	76.0000	75.0000	75.0000
97	L	Leu	measured	1.0000	7.3201	119.5697	19103700.0000	15097400000.0000	22.3156	14.3527	lorentzian	peak fit	97Leu	 97LeuN	None	77.0000	62.0000	76.0000
98	T	Thr	measured	1.0000	6.1137	101.7323	9680930.0000	9921320000.0000	20.4298	17.1476	lorentzian	peak fit	98Thr	 98ThrN	None	78.0000	117.0000	77.0000
99	V	Val	measured	1.0000	10.2479	123.5587	8854410.0000	8729010000.0000	24.7599	16.1368	lorentzian	peak fit	99Val	 99ValN	None	79.0000	23.0000	78.0000
100	S	Ser	unassigned	0.0000	NaN	NaN	NaN	NaN	NaN	NaN	NaN	NaN	100Ser	NaN	None	NaN	NaN	NaN
101	K	Lys	measured	1.0000	7.6829	119.9111	8993200.0000	8320450000.0000	26.6262	14.9864	lorentzian	peak fit	101Lys	 101LysN	None	80.0000	58.0000	79.0000
102	V	Val	measured	0.8000	8.4900	121.8345	10432900.0000	11937700000.0000	28.3499	16.5738	lorentzian	peak fit	102Val	 102ValN	None	81.0000	39.0000	80.0000
103	L	Leu	measured	0.8000	8.9128	119.7083	9640640.0000	10501800000.0000	27.2990	16.1724	lorentzian	peak fit	103Leu	 103LeuN	None	82.0000	65.0000	81.0000
104	L	Leu	measured	0.9000	8.1711	120.5105	13682000.0000	12730700000.0000	22.0507	17.1017	lorentzian	peak fit	104Leu	 104LeuN	None	83.0000	54.0000	82.0000
105	S	Ser	measured	0.9000	8.0783	117.4432	18648000.0000	23974300000.0000	26.1890	17.0544	lorentzian	peak fit	105Ser	 105SerN	None	84.0000	83.0000	83.0000
106	I	Ile	measured	0.4000	8.4626	123.6874	1882440.0000	1087980000.0000	19.2086	17.8843	lorentzian	peak fit	106Ile	 106IleN	None	85.0000	121.0000	84.0000
107	C	Cys	measured	0.8000	8.2980	119.1828	13056300.0000	10765700000.0000	21.2068	15.7583	lorentzian	peak fit	107Cys	 107CysN	None	86.0000	68.0000	85.0000
108	S	Ser	measured	0.9000	8.1564	114.5181	18007200.0000	13567700000.0000	20.3119	15.0338	lorentzian	peak fit	108Ser	 108SerN	None	87.0000	100.0000	86.0000
109	L	Leu	measured	1.0000	7.8563	124.2164	17700200.0000	12822100000.0000	19.4273	15.4724	lorentzian	peak fit	109Leu	 109LeuN	None	88.0000	18.0000	87.0000
110	L	Leu	measured	0.8000	8.0187	119.4735	14445600.0000	18155400000.0000	27.8194	18.3105	lorentzian	peak fit	110Leu	 110LeuN	None	89.0000	82.0000	88.0000
111	C	Cys	measured	1.0000	7.2382	114.2163	13764100.0000	11765900000.0000	22.8656	15.1515	lorentzian	peak fit	111Cys	 111CysN	None	90.0000	102.0000	89.0000
112	D	Asp	measured	0.9000	8.1683	118.9035	17338900.0000	17114500000.0000	27.7584	14.4114	lorentzian	peak fit	112Asp	 112AspN	None	91.0000	69.0000	90.0000
113	P	Pro	unassigned	0.0000	NaN	NaN	NaN	NaN	NaN	NaN	NaN	NaN	113Pro	NaN	None	NaN	NaN	NaN
114	N	Asn	measured	1.0000	8.6120	115.4693	12331400.0000	13396500000.0000	30.8323	14.2800	lorentzian	peak fit	114Asn	 114AsnN	None	92.0000	93.0000	91.0000
115	P	Pro	unassigned	0.0000	NaN	NaN	NaN	NaN	NaN	NaN	NaN	NaN	115Pro	NaN	None	NaN	NaN	NaN
116	D	Asp	measured	0.8000	7.6766	118.0671	22549200.0000	25040000000.0000	23.5098	19.1432	lorentzian	peak fit	116Asp	 116AspN	None	93.0000	120.0000	92.0000
117	D	Asp	measured	1.0000	6.7057	118.3835	16319900.0000	17584800000.0000	32.5303	13.1528	lorentzian	peak fit	117Asp	 117AspN	None	94.0000	76.0000	93.0000
118	P	Pro	unassigned	0.0000	NaN	NaN	NaN	NaN	NaN	NaN	NaN	NaN	118Pro	NaN	None	NaN	NaN	NaN
119	L	Leu	measured	0.8000	8.6006	118.8705	8354120.0000	14434300000.0000	41.7403	16.7764	lorentzian	peak fit	119Leu	 119LeuN	None	95.0000	71.0000	94.0000
120	V	Val	measured	0.8000	7.5648	118.5718	11467800.0000	15241500000.0000	35.6067	15.1277	lorentzian	peak fit	120Val	 120ValN	None	96.0000	74.0000	95.0000
121	P	Pro	unassigned	0.0000	NaN	NaN	NaN	NaN	NaN	NaN	NaN	NaN	121Pro	NaN	None	NaN	NaN	NaN
122	D	Asp	unassigned	0.0000	NaN	NaN	NaN	NaN	NaN	NaN	NaN	NaN	122Asp	NaN	None	NaN	NaN	NaN
123	I	Ile	measured	0.9000	6.9043	118.9231	12886700.0000	11779600000.0000	22.1876	15.6525	lorentzian	peak fit	123Ile	 123IleN	None	97.0000	70.0000	96.0000
124	A	Ala	measured	0.9000	7.7532	121.9736	18092600.0000	11790800000.0000	18.4865	14.2873	lorentzian	peak fit	124Ala	 124AlaN	None	98.0000	37.0000	97.0000
125	Q	Gln	measured	1.0000	7.9987	115.5222	24389700.0000	16071000000.0000	18.3598	14.5456	lorentzian	peak fit	125Gln	 125GlnN	None	99.0000	92.0000	98.0000
126	I	Ile	measured	0.9000	7.5544	122.1836	18871300.0000	14746000000.0000	22.0870	14.3382	lorentzian	peak fit	126Ile	 126IleN	None	100.0000	36.0000	99.0000
127	Y	Tyr	measured	0.9000	8.5017	119.1826	14945400.0000	11554700000.0000	18.4455	15.3639	lorentzian	peak fit	127Tyr	 127TyrN	None	101.0000	67.0000	100.0000
128	K	Lys	measured	1.0000	7.6593	112.0493	16510300.0000	13313900000.0000	20.7063	15.7836	lorentzian	peak fit	128Lys	 128LysN	None	102.0000	110.0000	101.0000
129	S	Ser	measured	1.0000	7.8831	112.6911	18085400.0000	16270300000.0000	25.5882	14.2491	lorentzian	peak fit	129Ser	 129SerN	None	103.0000	107.0000	102.0000
130	D	Asp	measured	0.9000	9.0399	124.7797	19669400.0000	19053100000.0000	26.4755	14.8284	lorentzian	peak fit	130Asp	 130AspN	None	104.0000	14.0000	103.0000
131	K	Lys	measured	0.9000	8.6623	125.2428	18679300.0000	13372300000.0000	19.0841	15.2032	lorentzian	peak fit	131Lys	 131LysN	None	105.0000	13.0000	104.0000
132	E	Glu	measured	0.5000	8.2423	117.6813	23019100.0000	16070000000.0000	19.4087	15.0665	lorentzian	peak fit	132Glu	 132GluN	None	106.0000	122.0000	105.0000
133	K	Lys	measured	0.9000	7.6050	123.2232	22779100.0000	15061700000.0000	18.5666	14.4333	lorentzian	peak fit	133Lys	 133LysN	None	107.0000	25.0000	106.0000
134	Y	Tyr	measured	0.8000	8.2358	118.7732	15159400.0000	10818900000.0000	18.6814	15.4830	lorentzian	peak fit	134Tyr	 134TyrN	None	108.0000	72.0000	107.0000
135	N	Asn	measured	1.0000	8.6525	117.4922	16177400.0000	12190800000.0000	20.4137	14.9610	lorentzian	peak fit	135Asn	 135AsnN	None	109.0000	81.0000	108.0000
136	R	Arg	measured	0.9000	7.8865	120.5936	21957500.0000	14230900000.0000	18.5298	14.1755	lorentzian	peak fit	136Arg	 136ArgN	None	110.0000	53.0000	109.0000
137	H	His	measured	0.8000	7.9755	119.5493	20757100.0000	17820100000.0000	20.4486	17.0152	lorentzian	peak fit	137His	 137HisN	None	111.0000	80.0000	110.0000
138	A	Ala	measured	1.0000	8.5381	121.4547	19198900.0000	14875400000.0000	19.6870	15.9505	lorentzian	peak fit	138Ala	 138AlaN	None	112.0000	43.0000	111.0000
139	R	Arg	measured	1.0000	8.5022	121.5454	21567100.0000	18770500000.0000	20.7361	15.3640	lorentzian	peak fit	139Arg	 139ArgN	None	113.0000	42.0000	112.0000
140	E	Glu	unassigned	0.0000	NaN	NaN	NaN	NaN	NaN	NaN	NaN	NaN	140Glu	NaN	None	NaN	NaN	NaN
141	W	Trp	measured	1.0000	9.2862	119.6925	11308500.0000	10132300000.0000	22.8023	15.9250	lorentzian	peak fit	141Trp	 141TrpN	None	114.0000	60.0000	113.0000
142	T	Thr	unassigned	0.0000	NaN	NaN	NaN	NaN	NaN	NaN	NaN	NaN	142Thr	NaN	None	NaN	NaN	NaN
143	Q	Gln	measured	0.9000	8.0915	119.5364	19619100.0000	16094000000.0000	22.3289	14.8894	lorentzian	peak fit	143Gln	 143GlnN	None	115.0000	64.0000	114.0000
144	K	Lys	measured	1.0000	7.9058	116.0038	23260500.0000	15786200000.0000	19.0535	14.4359	lorentzian	peak fit	144Lys	 144LysN	None	116.0000	90.0000	115.0000
145	Y	Tyr	measured	1.0000	7.9851	112.4634	14639700.0000	14737100000.0000	28.6913	14.2196	lorentzian	peak fit	145Tyr	 145TyrN	None	117.0000	108.0000	116.0000
146	A	Ala	measured	1.0000	8.2159	123.1263	15035100.0000	15815200000.0000	28.4800	14.9688	lorentzian	peak fit	146Ala	 146AlaN	None	118.0000	26.0000	117.0000
147	M	Met	measured	1.0000	7.2477	122.6039	28931300.0000	22401200000.0000	24.3577	12.8833	lorentzian	peak fit	147Met	 147MetN	None	119.0000	28.0000	118.0000
