Res#	1-letter	3-letter	Peak Status	Merit	Position F1	Position F2	Height	Volume	Line Width F1 (Hz)	Line Width F2 (Hz)	Fit Method	Vol. Method	Assign F1	Assign F2	Details	Number	#	index
1	M	Met	unassigned	0.0000	NaN	NaN	NaN	NaN	NaN	NaN	NaN	NaN	1Met	NaN	None	NaN	NaN	NaN
2	A	Ala	measured	1.0000	8.3363	124.0507	7022290.0000	55422300.0000	16.9021	12.2826	gaussian	box sum	2Ala	 2AlaN	Max1	1.0000	17.0000	0.0000
3	L	Leu	unassigned	0.0000	NaN	NaN	NaN	NaN	NaN	NaN	NaN	NaN	3Leu	NaN	None	NaN	NaN	NaN
4	K	Lys	measured	1.0000	7.9117	117.5107	10142700.0000	82687800.0000	18.9531	12.6846	gaussian	box sum	4Lys	 4LysN	Max1	3.0000	75.0000	2.0000
5	R	Arg	measured	1.0000	7.7480	121.2897	6121270.0000	50576200.0000	20.8337	12.2529	gaussian	box sum	5Arg	 5ArgN	Max1	4.0000	44.0000	3.0000
6	I	Ile	measured	1.0000	8.7186	122.4295	4670720.0000	38297700.0000	19.9021	13.1897	gaussian	box sum	6Ile	 6IleN	Max1	5.0000	28.0000	4.0000
7	Q	Gln	measured	1.0000	8.5283	117.4068	7784790.0000	61946100.0000	18.0354	13.1131	gaussian	box sum	7Gln	 7GlnN	Max1	6.0000	81.0000	5.0000
8	K	Lys	measured	1.0000	7.8698	122.4620	8332450.0000	68055900.0000	21.8383	14.0301	lorentzian	box sum	8Lys	 8LysN	Max1	7.0000	27.0000	6.0000
9	E	Glu	measured	1.0000	8.6196	119.3612	6912620.0000	57640700.0000	19.4532	13.4039	gaussian	box sum	9Glu	 9GluN	Max1	8.0000	63.0000	7.0000
10	L	Leu	measured	0.8000	8.7929	120.3730	7558480.0000	61329000.0000	18.3185	13.0378	gaussian	box sum	10Leu	 10LeuN	Max1	9.0000	52.0000	8.0000
11	S	Ser	measured	1.0000	8.2160	114.6539	3675230.0000	31290800.0000	31.0516	13.2588	gaussian	box sum	11Ser	 11SerN	Max1	10.0000	94.0000	9.0000
12	D	Asp	measured	1.0000	8.5172	122.3005	10470100.0000	80926000.0000	20.1309	12.5929	gaussian	box sum	12Asp	 12AspN	Max1	11.0000	29.0000	10.0000
13	L	Leu	measured	1.0000	8.2042	122.2086	5227420.0000	44417900.0000	30.1034	14.0864	gaussian	box sum	13Leu	 13LeuN	Max1	12.0000	32.0000	11.0000
14	Q	Gln	measured	1.0000	8.0357	115.0642	8307780.0000	68652000.0000	20.3316	12.7900	gaussian	box sum	14Gln	 14GlnN	Max1	13.0000	92.0000	12.0000
15	R	Arg	measured	1.0000	7.6770	118.0773	3237020.0000	27086000.0000	20.7282	13.5033	gaussian	box sum	15Arg	 15ArgN	Max1	14.0000	74.0000	13.0000
16	D	Asp	measured	1.0000	7.7024	116.9175	7477390.0000	62266200.0000	26.0397	11.3942	gaussian	box sum	16Asp	 16AspN	Joao10	15.0000	119.0000	14.0000
17	P	Pro	unassigned	0.0000	NaN	NaN	NaN	NaN	NaN	NaN	NaN	NaN	17Pro	NaN	None	NaN	NaN	NaN
18	P	Pro	unassigned	0.0000	NaN	NaN	NaN	NaN	NaN	NaN	NaN	NaN	18Pro	NaN	None	NaN	NaN	NaN
19	A	Ala	unassigned	0.0000	NaN	NaN	NaN	NaN	NaN	NaN	NaN	NaN	19Ala	NaN	None	NaN	NaN	NaN
20	H	His	measured	1.0000	7.9511	121.6942	3046410.0000	26674000.0000	30.7571	42.0739	parabolic	box sum	20His	 20HisN	Max3	16.0000	107.0000	15.0000
21	C	Cys	unassigned	0.0000	NaN	NaN	NaN	NaN	NaN	NaN	NaN	NaN	21Cys	NaN	None	NaN	NaN	NaN
22	S	Ser	measured	1.0000	8.1930	111.5098	3256660.0000	21318900.0000	22.4254	14.0824	gaussian	box sum	22Ser	 22SerN	Max1	18.0000	102.0000	17.0000
23	A	Ala	measured	1.0000	8.2719	121.7454	8206150.0000	68523000.0000	19.2933	14.7067	gaussian	box sum	23Ala	 23AlaN	Max1	19.0000	38.0000	18.0000
24	G	Gly	measured	1.0000	8.0480	103.9500	6236570.0000	52288700.0000	22.4641	13.4617	gaussian	box sum	24Gly	 24GlyN	Max1	20.0000	112.0000	19.0000
25	P	Pro	unassigned	0.0000	NaN	NaN	NaN	NaN	NaN	NaN	NaN	NaN	25Pro	NaN	None	NaN	NaN	NaN
26	V	Val	measured	1.0000	8.5293	123.0365	4708540.0000	86529400.0000	20.9537	14.7163	gaussian	box sum	26Val	 26ValN	Max1	21.0000	30.0000	20.0000
27	G	Gly	measured	1.0000	8.7693	115.3061	2219910.0000	18557100.0000	18.9525	15.9121	gaussian	box sum	27Gly	 27GlyN	Max1	22.0000	91.0000	21.0000
28	D	Asp	measured	1.0000	8.5726	123.0459	4714760.0000	38868800.0000	24.2209	17.4669	lorentzian	box sum	28Asp	 28AspN	Max1	23.0000	25.0000	22.0000
29	D	Asp	measured	0.5000	7.9776	119.7281	4745780.0000	40884000.0000	27.0326	31.0193	parabolic	box sum	29Asp	 29AspN	Joao7	24.0000	60.0000	23.0000
30	L	Leu	measured	1.0000	8.6970	125.7874	3640390.0000	30307800.0000	18.4980	13.8996	gaussian	box sum	30Leu	 30LeuN	Joao10	25.0000	11.0000	24.0000
31	F	Phe	measured	1.0000	8.4195	112.1418	3277060.0000	28322000.0000	25.6917	14.3141	parabolic	box sum	31Phe	 31PheN	Joao10	26.0000	105.0000	25.0000
32	H	His	measured	0.5000	8.0257	119.7309	1742760.0000	15771100.0000	82.3295	40.8037	parabolic	box sum	32His	 32HisN	Joao7	27.0000	114.0000	26.0000
33	W	Trp	measured	1.0000	9.7235	123.8957	2346370.0000	19563200.0000	25.1890	17.6383	gaussian	box sum	33Trp	 33TrpN	Max1	28.0000	19.0000	27.0000
34	Q	Gln	measured	1.0000	8.7195	119.4393	3321800.0000	27747800.0000	25.4129	13.9916	gaussian	box sum	34Gln	 34GlnN	Max1	29.0000	58.0000	28.0000
35	A	Ala	measured	1.0000	8.9416	126.1893	3959530.0000	45876300.0000	21.4293	15.6083	gaussian	box sum	35Ala	 35AlaN	Max1	30.0000	18.0000	29.0000
36	T	Thr	measured	1.0000	8.8993	113.7862	4875380.0000	41213000.0000	22.9041	12.6046	gaussian	box sum	36Thr	 36ThrN	Max1	31.0000	101.0000	30.0000
37	I	Ile	lost	0.0000	NaN	NaN	NaN	NaN	NaN	NaN	NaN	NaN	37Ile	NaN	None	NaN	NaN	NaN
38	M	Met	unassigned	0.0000	NaN	NaN	NaN	NaN	NaN	NaN	NaN	NaN	38Met	NaN	None	NaN	NaN	NaN
39	G	Gly	measured	1.0000	8.9826	108.9831	3861840.0000	32591600.0000	20.5625	14.7287	gaussian	box sum	39Gly	 39GlyN	Max1	32.0000	110.0000	31.0000
40	P	Pro	unassigned	0.0000	NaN	NaN	NaN	NaN	NaN	NaN	NaN	NaN	40Pro	NaN	None	NaN	NaN	NaN
41	P	Pro	unassigned	0.0000	NaN	NaN	NaN	NaN	NaN	NaN	NaN	NaN	41Pro	NaN	None	NaN	NaN	NaN
42	D	Asp	measured	1.0000	8.7038	116.0694	5124860.0000	42511600.0000	23.2280	12.7620	gaussian	box sum	42Asp	 42AspN	Max1	33.0000	85.0000	32.0000
43	S	Ser	measured	1.0000	7.9166	114.3277	8093550.0000	67682600.0000	22.3177	12.7200	gaussian	box sum	43Ser	 43SerN	Max1	34.0000	97.0000	33.0000
44	A	Ala	measured	1.0000	9.2274	123.6193	1325830.0000	11285600.0000	25.7887	14.2559	gaussian	box sum	44Ala	 44AlaN	Max1	35.0000	20.0000	34.0000
45	Y	Tyr	measured	1.0000	7.4662	114.6094	4179340.0000	35228000.0000	22.8340	12.7124	gaussian	box sum	45Tyr	 45TyrN	Max1	36.0000	95.0000	35.0000
46	Q	Gln	measured	1.0000	7.1821	121.2512	7428110.0000	60625800.0000	18.3160	12.1143	gaussian	box sum	46Gln	 46GlnN	Max1	37.0000	45.0000	36.0000
47	G	Gly	measured	1.0000	9.2026	115.8403	4315990.0000	32295400.0000	21.4031	12.7509	gaussian	box sum	47Gly	 47GlyN	Max1	38.0000	87.0000	37.0000
48	G	Gly	measured	1.0000	8.3766	106.5482	7443550.0000	60828300.0000	18.8349	11.7315	gaussian	box sum	48Gly	 48GlyN	Max1	39.0000	111.0000	38.0000
49	V	Val	measured	1.0000	8.7959	125.5049	6071040.0000	52407800.0000	22.9012	12.9685	parabolic	box sum	49Val	 49ValN	Max1	40.0000	12.0000	39.0000
50	F	Phe	measured	1.0000	8.7740	124.0932	5502750.0000	43185400.0000	24.8833	12.2331	gaussian	box sum	50Phe	 50PheN	Max1	41.0000	15.0000	40.0000
51	F	Phe	measured	1.0000	9.2691	121.1364	2779130.0000	23068800.0000	26.1011	13.0599	gaussian	box sum	51Phe	 51PheN	Max1	42.0000	46.0000	41.0000
52	L	Leu	measured	1.0000	9.2051	120.7958	5012170.0000	42556100.0000	23.3870	12.4475	gaussian	box sum	52Leu	 52LeuN	Max1	43.0000	48.0000	42.0000
53	T	Thr	measured	1.0000	9.1615	113.9633	4083650.0000	34701500.0000	23.0292	14.0841	gaussian	box sum	53Thr	 53ThrN	Max1	44.0000	99.0000	43.0000
54	V	Val	measured	1.0000	8.2682	122.1886	4069160.0000	33244300.0000	71.9033	17.6876	parabolic	box sum	54Val	 54ValN	Max1	45.0000	33.0000	44.0000
55	H	His	measured	0.9000	8.9189	125.9474	3787000.0000	33596500.0000	24.3525	14.5024	gaussian	box sum	55His	 55HisN	Joao9	46.0000	9.0000	45.0000
56	F	Phe	measured	0.9000	8.9920	126.3458	1988440.0000	16529300.0000	86.8069	16.8450	gaussian	box sum	56Phe	 56PheN	Joao9	47.0000	8.0000	46.0000
57	P	Pro	unassigned	0.0000	NaN	NaN	NaN	NaN	NaN	NaN	NaN	NaN	57Pro	NaN	None	NaN	NaN	NaN
58	T	Thr	measured	1.0000	8.4720	110.7060	3822840.0000	31914500.0000	18.8925	14.4867	gaussian	box sum	58Thr	 58ThrN	Max1	48.0000	108.0000	47.0000
59	D	Asp	measured	0.5000	8.4035	114.6915	6033020.0000	50927300.0000	22.5811	12.1599	parabolic	box sum	59Asp	 59AspN	Max1	49.0000	93.0000	48.0000
60	Y	Tyr	measured	1.0000	7.5684	123.4039	6962800.0000	58080000.0000	18.9659	12.8253	gaussian	box sum	60Tyr	 60TyrN	Max1	50.0000	22.0000	49.0000
61	P	Pro	unassigned	0.0000	NaN	NaN	NaN	NaN	NaN	NaN	NaN	NaN	61Pro	NaN	None	NaN	NaN	NaN
62	F	Phe	measured	0.9000	9.0060	124.6668	5056470.0000	31471700.0000	23.6762	14.3421	gaussian	box sum	62Phe	 62PheN	Joao9	51.0000	115.0000	50.0000
63	K	Lys	measured	1.0000	7.0483	118.7407	8223130.0000	69793000.0000	22.1231	12.2161	gaussian	box sum	63Lys	 63LysN	Joao10	52.0000	70.0000	51.0000
64	P	Pro	unassigned	0.0000	NaN	NaN	NaN	NaN	NaN	NaN	NaN	NaN	64Pro	NaN	None	NaN	NaN	NaN
65	P	Pro	unassigned	0.0000	NaN	NaN	NaN	NaN	NaN	NaN	NaN	NaN	65Pro	NaN	None	NaN	NaN	NaN
66	K	Lys	measured	1.0000	8.3227	120.7817	4280340.0000	36973500.0000	29.6863	16.2468	parabolic	box sum	66Lys	 66LysN	Max1	53.0000	49.0000	52.0000
67	I	Ile	measured	1.0000	8.7154	128.1299	4111370.0000	34356200.0000	20.4520	14.1592	gaussian	box sum	67Ile	 67IleN	Max1	54.0000	4.0000	53.0000
68	A	Ala	measured	1.0000	8.2392	127.7019	6467680.0000	55358000.0000	25.7190	12.7277	gaussian	box sum	68Ala	 68AlaN	Max1	55.0000	6.0000	54.0000
69	F	Phe	measured	1.0000	9.7730	122.2816	3442460.0000	29446800.0000	28.5727	15.0229	gaussian	box sum	69Phe	 69PheN	Max1	56.0000	31.0000	55.0000
70	T	Thr	measured	1.0000	9.5985	116.9950	3117910.0000	25790700.0000	19.8341	12.3157	gaussian	box sum	70Thr	 70ThrN	Max1	57.0000	82.0000	56.0000
71	T	Thr	measured	1.0000	7.5607	121.9008	8260080.0000	67936500.0000	18.8896	12.6545	gaussian	box sum	71Thr	 71ThrN	Max1	58.0000	36.0000	57.0000
72	K	Lys	measured	1.0000	8.5401	128.2765	8072130.0000	65430400.0000	18.6120	12.4022	gaussian	box sum	72Lys	 72LysN	Max1	59.0000	3.0000	58.0000
73	I	Ile	measured	1.0000	8.3148	119.8631	7464220.0000	63115600.0000	22.5941	13.5747	parabolic	box sum	73Ile	 73IleN	Max1	60.0000	56.0000	59.0000
74	Y	Tyr	measured	1.0000	8.6690	131.9556	2060320.0000	16823900.0000	20.7402	16.9854	lorentzian	box sum	74Tyr	 74TyrN	Max1	61.0000	2.0000	60.0000
75	H	His	measured	1.0000	8.5684	129.9548	4974650.0000	41980800.0000	23.9373	13.2297	parabolic	box sum	75His	 75HisN	Max1	62.0000	1.0000	61.0000
76	P	Pro	unassigned	0.0000	NaN	NaN	NaN	NaN	NaN	NaN	NaN	NaN	76Pro	NaN	None	NaN	NaN	NaN
77	N	Asn	unassigned	0.0000	NaN	NaN	NaN	NaN	NaN	NaN	NaN	NaN	77Asn	NaN	None	NaN	NaN	NaN
78	I	Ile	measured	1.0000	7.0986	120.0892	5920920.0000	50518400.0000	23.5771	13.3975	gaussian	box sum	78Ile	 78IleN	Max1	63.0000	54.0000	62.0000
79	N	Asn	measured	1.0000	7.9487	121.3723	6479540.0000	55576100.0000	30.8612	16.5978	lorentzian	box sum	79Asn	 79AsnN	Max1	64.0000	41.0000	63.0000
80	S	Ser	unassigned	0.0000	NaN	NaN	NaN	NaN	NaN	NaN	NaN	NaN	80Ser	NaN	None	NaN	NaN	NaN
81	N	Asn	unassigned	0.0000	NaN	NaN	NaN	NaN	NaN	NaN	NaN	NaN	81Asn	NaN	None	NaN	NaN	NaN
82	G	Gly	measured	1.0000	8.4435	110.0944	5876720.0000	49431300.0000	20.0788	13.0983	gaussian	box sum	82Gly	 82GlyN	Max1	66.0000	109.0000	65.0000
83	S	Ser	measured	1.0000	7.7473	115.4170	7602320.0000	62482000.0000	19.7018	12.2918	gaussian	box sum	83Ser	 83SerN	Max1	67.0000	90.0000	66.0000
84	I	Ile	measured	1.0000	8.5229	120.1470	5711040.0000	47944200.0000	26.4854	13.4680	gaussian	box sum	84Ile	 84IleN	Max1	68.0000	53.0000	67.0000
85	C	Cys	measured	1.0000	8.6228	127.7505	4727030.0000	39578200.0000	21.6543	13.7768	gaussian	box sum	85Cys	 85CysN	Max2	69.0000	5.0000	68.0000
86	L	Leu	measured	1.0000	7.3172	126.6894	4505230.0000	37247900.0000	25.9553	13.4785	parabolic	box sum	86Leu	 86LeuN	Max2	70.0000	7.0000	69.0000
87	D	Asp	unassigned	0.0000	NaN	NaN	NaN	NaN	NaN	NaN	NaN	NaN	87Asp	NaN	None	NaN	NaN	NaN
88	I	Ile	measured	1.0000	8.3585	116.3836	1891340.0000	12649400.0000	16.5308	15.8082	gaussian	box sum	88Ile	 88IleN	Max1	71.0000	84.0000	70.0000
89	L	Leu	measured	1.0000	7.1440	113.8597	5448140.0000	45602200.0000	22.2897	13.2236	gaussian	box sum	89Leu	 89LeuN	Max1	72.0000	100.0000	71.0000
90	R	Arg	measured	1.0000	7.9069	121.3397	8716460.0000	74438200.0000	25.4963	12.5385	gaussian	box sum	90Arg	 90ArgN	Max1	73.0000	42.0000	72.0000
91	S	Ser	lost	0.0000	NaN	NaN	NaN	NaN	NaN	NaN	NaN	NaN	91Ser	NaN	None	NaN	NaN	NaN
92	Q	Gln	measured	1.0000	7.8210	117.6236	5504120.0000	47161200.0000	22.8703	12.7195	parabolic	box sum	92Gln	 92GlnN	Max1	74.0000	83.0000	73.0000
93	W	Trp	measured	1.0000	7.4297	121.3057	7146240.0000	59424500.0000	20.3584	11.8010	gaussian	box sum	93Trp	 93TrpN	Max1	75.0000	43.0000	74.0000
94	S	Ser	measured	1.0000	5.5555	120.8975	8229320.0000	68796300.0000	19.5022	12.0830	gaussian	box sum	94Ser	 94SerN	Max1	76.0000	47.0000	75.0000
95	P	Pro	unassigned	0.0000	NaN	NaN	NaN	NaN	NaN	NaN	NaN	NaN	95Pro	NaN	None	NaN	NaN	NaN
96	A	Ala	measured	1.0000	7.2351	118.5255	4617550.0000	38380800.0000	19.4248	12.9744	gaussian	box sum	96Ala	 96AlaN	Max1	77.0000	72.0000	76.0000
97	L	Leu	measured	1.0000	7.3201	119.5640	8370700.0000	68778600.0000	18.7925	12.2748	gaussian	box sum	97Leu	 97LeuN	Max1	78.0000	59.0000	77.0000
98	T	Thr	measured	1.0000	6.1130	101.7309	3951950.0000	34282400.0000	24.7361	16.1252	parabolic	box sum	98Thr	 98ThrN	Max1	79.0000	113.0000	78.0000
99	V	Val	measured	1.0000	10.2504	123.5533	3833080.0000	30583300.0000	21.4494	13.7293	gaussian	box sum	99Val	 99ValN	Max1	80.0000	21.0000	79.0000
100	S	Ser	unassigned	0.0000	NaN	NaN	NaN	NaN	NaN	NaN	NaN	NaN	100Ser	NaN	None	NaN	NaN	NaN
101	K	Lys	measured	1.0000	7.6811	119.9168	3607710.0000	30452700.0000	27.7467	13.3684	parabolic	box sum	101Lys	 101LysN	Joao10	81.0000	55.0000	80.0000
102	V	Val	measured	1.0000	8.4918	121.8289	4525630.0000	38913800.0000	33.8332	33.5869	parabolic	box sum	102Val	 102ValN	Joao10	82.0000	37.0000	81.0000
103	L	Leu	measured	1.0000	8.9150	119.7024	4484160.0000	37581600.0000	26.0161	14.3785	parabolic	box sum	103Leu	 103LeuN	Joao10	83.0000	62.0000	82.0000
104	L	Leu	measured	1.0000	8.1710	120.5220	5647500.0000	46597400.0000	18.9635	16.0147	gaussian	box sum	104Leu	 104LeuN	Joao10	84.0000	51.0000	83.0000
105	S	Ser	measured	1.0000	8.0776	117.4473	8456800.0000	71445100.0000	21.8533	14.9344	gaussian	box sum	105Ser	 105SerN	Max2	85.0000	80.0000	84.0000
106	I	Ile	measured	1.0000	8.5112	124.4475	807512.0000	7088460.0000	25.5671	28.3658	gaussian	box sum	106Ile	 106IleN	Max2	86.0000	117.0000	85.0000
107	C	Cys	measured	1.0000	8.3001	119.1827	5364170.0000	43391500.0000	17.5869	12.8618	gaussian	box sum	107Cys	 107CysN	Max2	87.0000	65.0000	86.0000
108	S	Ser	measured	1.0000	8.1558	114.5198	8435290.0000	69119000.0000	16.5936	12.7396	gaussian	box sum	108Ser	 108SerN	Max2	88.0000	96.0000	87.0000
109	L	Leu	measured	1.0000	7.8568	124.2206	7579660.0000	61509300.0000	18.6677	12.9646	gaussian	box sum	109Leu	 109LeuN	Max2	89.0000	16.0000	88.0000
110	L	Leu	measured	0.8000	8.0181	119.4768	6573770.0000	55556000.0000	23.7900	14.2570	gaussian	box sum	110Leu	 110LeuN	Joao8	90.0000	79.0000	89.0000
111	C	Cys	measured	1.0000	7.2386	114.2176	6393730.0000	53683900.0000	21.0811	13.3938	gaussian	box sum	111Cys	 111CysN	Joao10	91.0000	98.0000	90.0000
112	D	Asp	measured	1.0000	8.1678	118.9066	7152280.0000	61810900.0000	24.6960	13.5887	parabolic	box sum	112Asp	 112AspN	Joao10	92.0000	66.0000	91.0000
113	P	Pro	unassigned	0.0000	NaN	NaN	NaN	NaN	NaN	NaN	NaN	NaN	113Pro	NaN	None	NaN	NaN	NaN
114	N	Asn	measured	1.0000	8.6113	115.4720	5006120.0000	43422600.0000	28.3089	13.2748	parabolic	box sum	114Asn	 114AsnN	Joao10	93.0000	89.0000	92.0000
115	P	Pro	unassigned	0.0000	NaN	NaN	NaN	NaN	NaN	NaN	NaN	NaN	115Pro	NaN	None	NaN	NaN	NaN
116	D	Asp	measured	1.0000	7.6766	118.0671	9706390.0000	82687800.0000	23.4315	16.5981	parabolic	box sum	116Asp	 116AspN	Joao9	94.0000	116.0000	93.0000
117	D	Asp	measured	1.0000	6.7088	118.3782	7447530.0000	62580800.0000	22.5607	11.7228	gaussian	box sum	117Asp	 117AspN	Joao10	95.0000	73.0000	94.0000
118	P	Pro	unassigned	0.0000	NaN	NaN	NaN	NaN	NaN	NaN	NaN	NaN	118Pro	NaN	None	NaN	NaN	NaN
119	L	Leu	measured	1.0000	8.5992	118.8812	3036440.0000	29495500.0000	32.8983	14.1985	parabolic	box sum	119Leu	 119LeuN	Joao10	96.0000	68.0000	95.0000
120	V	Val	measured	1.0000	7.5626	118.5814	4891200.0000	41474900.0000	25.2878	11.5834	gaussian	box sum	120Val	 120ValN	Joao9	97.0000	71.0000	96.0000
121	P	Pro	unassigned	0.0000	NaN	NaN	NaN	NaN	NaN	NaN	NaN	NaN	121Pro	NaN	None	NaN	NaN	NaN
122	D	Asp	unassigned	0.0000	NaN	NaN	NaN	NaN	NaN	NaN	NaN	NaN	122Asp	NaN	None	NaN	NaN	NaN
123	I	Ile	measured	1.0000	6.9037	118.9202	5682260.0000	47481900.0000	21.7815	12.2394	gaussian	box sum	123Ile	 123IleN	Max1	98.0000	67.0000	97.0000
124	A	Ala	measured	1.0000	7.7527	121.9744	7702420.0000	62562300.0000	18.4435	12.1795	gaussian	box sum	124Ala	 124AlaN	Max1	99.0000	35.0000	98.0000
125	Q	Gln	measured	1.0000	7.9990	115.5214	10599500.0000	85893400.0000	17.9786	12.2448	gaussian	box sum	125Gln	 125GlnN	Max1	100.0000	88.0000	99.0000
126	I	Ile	measured	1.0000	7.5541	122.1774	7926020.0000	65839300.0000	21.3136	13.3587	gaussian	box sum	126Ile	 126IleN	Max1	101.0000	34.0000	100.0000
127	Y	Tyr	measured	1.0000	8.5020	119.1792	6975420.0000	56900400.0000	17.7244	13.2340	gaussian	box sum	127Tyr	 127TyrN	Max1	102.0000	64.0000	101.0000
128	K	Lys	measured	1.0000	7.6589	112.0478	7557200.0000	62895100.0000	20.0604	13.2019	gaussian	box sum	128Lys	 128LysN	Max1	103.0000	106.0000	102.0000
129	S	Ser	measured	1.0000	7.8827	112.6936	7591580.0000	64966000.0000	22.8716	12.3573	parabolic	box sum	129Ser	 129SerN	Max1	104.0000	103.0000	103.0000
130	D	Asp	measured	1.0000	9.0392	124.7782	8611480.0000	72555200.0000	24.3400	12.6255	gaussian	box sum	130Asp	 130AspN	Max1	105.0000	14.0000	104.0000
131	K	Lys	measured	1.0000	8.6619	125.2428	8122360.0000	65684400.0000	17.9667	12.5247	gaussian	box sum	131Lys	 131LysN	Max1	106.0000	13.0000	105.0000
132	E	Glu	measured	0.5000	8.2418	117.6818	9953560.0000	80830900.0000	17.1164	12.8477	gaussian	box sum	132Glu	 132GluN	Max1	107.0000	118.0000	106.0000
133	K	Lys	measured	1.0000	7.6048	123.2262	10108800.0000	83493100.0000	18.1835	12.7560	gaussian	box sum	133Lys	 133LysN	Max1	108.0000	23.0000	107.0000
134	Y	Tyr	measured	1.0000	8.2333	118.7708	6662180.0000	53591300.0000	20.6928	13.7438	gaussian	box sum	134Tyr	 134TyrN	Max1	109.0000	69.0000	108.0000
135	N	Asn	measured	1.0000	8.6536	117.4911	7231430.0000	59648200.0000	17.8960	12.7364	gaussian	box sum	135Asn	 135AsnN	Max1	110.0000	78.0000	109.0000
136	R	Arg	measured	1.0000	7.8859	120.5949	9481510.0000	77079600.0000	16.2869	12.4248	gaussian	box sum	136Arg	 136ArgN	Max1	111.0000	50.0000	110.0000
137	H	His	measured	1.0000	7.9749	119.5551	9282730.0000	76640300.0000	18.3083	13.6994	gaussian	box sum	137His	 137HisN	Max1	112.0000	77.0000	111.0000
138	A	Ala	measured	1.0000	8.5375	121.4556	8479270.0000	70118800.0000	18.3295	13.9820	gaussian	box sum	138Ala	 138AlaN	Max1	113.0000	40.0000	112.0000
139	R	Arg	measured	1.0000	8.5028	121.5460	9002780.0000	75417400.0000	19.5353	13.2682	gaussian	box sum	139Arg	 139ArgN	Max1	114.0000	39.0000	113.0000
140	E	Glu	unassigned	0.0000	NaN	NaN	NaN	NaN	NaN	NaN	NaN	NaN	140Glu	NaN	None	NaN	NaN	NaN
141	W	Trp	measured	1.0000	9.2876	119.7034	4958140.0000	41137100.0000	18.6316	13.1288	gaussian	box sum	141Trp	 141TrpN	Max1	116.0000	57.0000	115.0000
142	T	Thr	unassigned	0.0000	NaN	NaN	NaN	NaN	NaN	NaN	NaN	NaN	142Thr	NaN	None	NaN	NaN	NaN
143	Q	Gln	measured	1.0000	8.0925	119.5407	8693060.0000	72151100.0000	19.2515	12.7399	gaussian	box sum	143Gln	 143GlnN	Max1	118.0000	61.0000	117.0000
144	K	Lys	measured	1.0000	7.9056	116.0085	9898500.0000	80763500.0000	18.6113	12.2961	gaussian	box sum	144Lys	 144LysN	Max1	119.0000	86.0000	118.0000
145	Y	Tyr	measured	1.0000	7.9834	112.4664	6187420.0000	53404900.0000	24.4636	12.6441	parabolic	box sum	145Tyr	 145TyrN	Max1	120.0000	104.0000	119.0000
146	A	Ala	measured	1.0000	8.2162	123.1263	6403460.0000	55426300.0000	25.7660	14.8471	parabolic	box sum	146Ala	 146AlaN	Max1	121.0000	24.0000	120.0000
147	M	Met	measured	1.0000	7.2463	122.6022	12906400.0000	111401000.0000	21.2380	11.8300	parabolic	box sum	147Met	 147MetN	Max1	122.0000	26.0000	121.0000
