Number,#,Position F1,Position F2,Assign F1,Assign F2,Height,Volume,Line Width F1 (Hz),Line Width F2 (Hz),Merit,Details,Fit Method,Vol. Method
1,64,5.9615574240195155,102.13302032987858, 1MetH, 1MetN,1.54484e+06,7.57690e+08,24.99518,17.31764,1.00000,None,gaussian,peak fit
2,12,11.092691626976237,116.86669110471074, 2LysH, 2LysN,1.04544e+06,4.32064e+08,19.05478,19.14163,1.00000,None,gaussian,peak fit
3,68,11.296405943378108,120.31325000605507, 3ValH, 3ValN,5.86594e+05,3.73789e+08,31.40505,17.90709,1.00000,None,gaussian,peak fit
4,79,5.9161963203846195,103.12847787360707, 4ValH, 4ValN,1.09337e+06,6.56762e+08,23.03527,23.01344,1.00000,None,gaussian,peak fit
5,75,10.644369097618908,107.00936362042765, 5ThrH, 5ThrN,1.53139e+06,5.68558e+08,20.39818,16.06324,1.00000,None,gaussian,peak fit
6,78,5.576555163239439,104.53642718515822, 9HisH, 9HisN,4.83513e+05,3.10348e+08,34.51770,16.41098,1.00000,None,gaussian,peak fit
7,22,5.3967491758456205,139.6225927846646, 10AspH, 10AspN,3.09625e+06,1.62565e+09,26.01914,17.80880,0.50000,None,gaussian,peak fit
8,70,5.382836729146777,132.2927372026823, 11TyrH, 11TyrN,1.07455e+06,4.33174e+08,19.86055,17.91351,1.00000,None,gaussian,peak fit
9,26,9.307924013438466,108.950504294294, 12TrpH, 12TrpN,1.46898e+06,1.11103e+09,37.36959,17.86185,1.00000,None,gaussian,peak fit
10,66,8.411049654521634,112.57230817505742, 13GlnH, 13GlnN,1.68011e+06,7.29502e+08,23.86569,16.05650,1.00000,None,gaussian,peak fit
11,37,5.453413793244609,122.22613979713977, 14MetH, 14MetN,1.59431e+06,9.56934e+08,27.63999,19.16492,1.00000,None,gaussian,peak fit
12,47,11.536888316629076,111.82369232504891, 15TyrH, 15TyrN,1.62760e+06,6.50850e+08,22.20654,15.89235,1.00000,None,gaussian,peak fit
13,69,9.263235572761243,126.75070877210061, 16AlaH, 16AlaN,2.62433e+06,1.79656e+09,24.05941,25.11159,1.00000,None,gaussian,peak fit
14,32,10.562257436048398,126.5170119448905, 17TyrH, 17TyrN,1.44180e+06,5.63474e+08,21.24894,16.23181,1.00000,None,gaussian,peak fit
15,93,8.207245497149074,117.82679903936223, 18AlaH, 18AlaN,1.57688e+06,1.38282e+09,27.67127,27.96870,1.00000,None,gaussian,peak fit
16,7,9.649242002448329,136.66701861843885, 19MetH, 19MetN,1.46498e+06,5.87580e+08,23.61448,14.98972,1.00000,None,gaussian,peak fit
17,91,11.809620526534175,115.29112741516141, 20ArgH, 20ArgN,1.88944e+06,1.11736e+09,24.21780,21.55069,1.00000,None,gaussian,peak fit
18,35,8.072766618840188,120.25427077017322, 21GlyH, 21GlyN,1.54796e+06,6.33497e+08,22.36197,16.15143,1.00000,None,gaussian,peak fit
19,63,9.577302042352752,118.37691473970855, 22ValH, 22ValN,1.45125e+06,6.88673e+08,27.95524,14.98108,1.00000,None,gaussian,peak fit
20,76,9.0530982549382,132.59139237480184, 23GlnH, 23GlnN,1.64247e+06,5.90058e+08,20.75291,15.27760,1.00000,None,gaussian,peak fit
21,45,9.610632866028237,104.5677690273761, 24ValH, 24ValN,1.70611e+06,6.85523e+08,23.23700,15.26053,1.00000,None,gaussian,peak fit
22,115,11.020098282189696,123.59554709610197, 25GlnH, 25GlnN,1.20861e+06,4.25750e+08,22.06773,14.08797,1.00000,None,gaussian,peak fit
23,20,11.770763872908958,119.69675256738526, 26AspH, 26AspN,1.48505e+06,5.61685e+08,21.54313,15.49457,1.00000,None,gaussian,peak fit
24,21,7.582266111448332,111.7452611836603, 27MetH, 27MetN,2.28656e+06,9.53661e+08,21.32674,17.25924,1.00000,None,gaussian,peak fit
25,101,7.411234856067371,115.08787852849824, 28GlyH, 28GlyN,1.54048e+06,5.67931e+08,20.69920,15.71892,1.00000,None,gaussian,peak fit
26,34,5.3542357527834845,132.03900881811808, 29ThrH, 29ThrN,1.35859e+06,5.47950e+08,22.10487,16.10278,1.00000,None,gaussian,peak fit
27,56,8.825539608802167,135.07038418446285, 31TyrH, 31TyrN,1.76432e+06,8.88697e+08,27.16276,16.36583,1.00000,None,gaussian,peak fit
28,80,11.516536837347047,114.30631464116342, 32AsnH, 32AsnN,4.21425e+05,2.42551e+08,26.91599,18.87158,1.00000,None,gaussian,peak fit
29,133,11.03429,111.99435, 35PheH, 35PheN,4.14836e+05,2.41578e+08,28.63684,17.94693,1.00000,None,gaussian,peak fit
30,39,11.403005797749838,122.61401175952308, 36LeuH, 36LeuN,1.95270e+06,8.56791e+08,24.56689,15.76244,1.00000,None,gaussian,peak fit
31,16,7.927451953562871,121.2850162991551, 37ArgH, 37ArgN,1.79709e+06,1.44473e+09,29.76679,23.83535,0.50000,None,gaussian,peak fit
32,139,10.90705,124.98123, 38ArgH, 38ArgN,1.99951e+06,1.68681e+09,28.34376,26.26765,0.50000,None,gaussian,peak fit
33,9,11.194378254535629,125.01738491381339, 39GluH, 39GluN,1.06066e+06,4.37437e+08,23.74811,15.32656,1.00000,None,gaussian,peak fit
34,136,6.999634596941295,125.24475864855181, 41ValH, 41ValN,1.37151e+06,6.22003e+08,24.73880,16.17900,1.00000,None,gaussian,peak fit
35,74,8.642556438446377,120.76126455857576, 42GlyH, 42GlyN,1.88665e+06,6.70466e+08,20.83670,15.05192,1.00000,None,gaussian,peak fit
36,4,5.243187417152427,122.19110465883226, 43MetH, 43MetN,1.19330e+06,4.36178e+08,21.40522,15.07054,1.00000,None,gaussian,peak fit
37,97,10.887211511021693,139.2810116189816, 44LeuH, 44LeuN,2.99629e+06,1.00399e+09,20.19339,14.64446,1.00000,None,gaussian,peak fit
38,14,10.832605846659996,120.25097512994711, 45MetH, 45MetN,1.32389e+06,7.17097e+08,29.37060,16.27603,0.50000,None,gaussian,peak fit
39,141,9.567331906743268,122.1985465892997, 46LeuH, 46LeuN,3.03561e+06,1.68749e+09,26.84554,18.27510,0.50000,None,gaussian,peak fit
40,67,7.066857974576393,108.48408753661815, 47IleH, 47IleN,2.67304e+06,1.75665e+09,23.52439,24.65455,1.00000,None,gaussian,peak fit
41,15,8.3985804339583,114.28920889770346, 48LeuH, 48LeuN,1.97527e+06,1.77403e+09,34.22358,23.16026,0.50000,None,gaussian,peak fit
42,82,6.28398347218508,112.71406825423095, 49AsnH, 49AsnN,2.37192e+06,1.07245e+09,21.14679,18.86976,1.00000,None,gaussian,peak fit
43,42,7.086820685432832,107.56784652872449, 50GlyH, 50GlyN,2.15777e+06,9.33466e+08,21.59151,17.68261,1.00000,None,gaussian,peak fit
44,10,6.867712481563659,135.70092461896905, 51GlyH, 51GlyN,1.81786e+06,1.32899e+09,31.13579,20.72230,1.00000,None,gaussian,peak fit
45,55,9.7816405801929,133.9284414012342, 52HisH, 52HisN,1.56956e+06,1.00805e+09,36.31342,15.60899,1.00000,None,gaussian,peak fit
46,83,11.11176,120.90417, 53GlnH, 53GlnN,2.20599e+06,8.34342e+08,20.79205,16.05385,1.00000,None,gaussian,peak fit
47,52,7.07464640990209,128.19736141385783, 54AsnH, 54AsnN,1.59206e+06,7.17403e+08,24.24718,16.40133,1.00000,None,gaussian,peak fit
48,43,10.670998316401189,107.94402941762159, 55SerH, 55SerN,1.30087e+06,5.49863e+08,22.86244,16.31675,1.00000,None,gaussian,peak fit
49,6,5.998748092022386,138.72267505348705, 56PheH, 56PheN,2.27443e+06,7.39161e+08,19.22293,14.92046,1.00000,None,gaussian,peak fit
50,105,10.781777773314447,106.62938722976372, 57ValH, 57ValN,2.41015e+06,8.69542e+08,21.07381,15.10912,1.00000,None,gaussian,peak fit
51,3,5.952408473949503,123.52304194685314, 58ThrH, 58ThrN,1.57048e+06,5.97782e+08,22.60387,14.86155,1.00000,None,gaussian,peak fit
52,48,5.350443897917152,122.08583802546246, 59AlaH, 59AlaN,1.88416e+06,7.38837e+08,21.76756,15.89854,1.00000,None,gaussian,peak fit
53,49,9.615660842815,107.29819199353278, 60ValH, 60ValN,2.87082e+06,1.18615e+09,23.06125,15.81195,1.00000,None,gaussian,peak fit
54,108,7.622714574977393,122.52799200525617, 61AsnH, 61AsnN,2.44850e+06,8.50844e+08,20.10732,15.25217,1.00000,None,gaussian,peak fit
55,1,7.999577743294788,119.5319593110282, 62LeuH, 62LeuN,9.02339e+05,5.25947e+08,33.39734,15.40265,1.00000,None,gaussian,peak fit
56,89,9.346394568191807,104.57842501898176, 63CysH, 63CysN,1.78788e+06,6.41887e+08,21.38464,14.81677,1.00000,None,gaussian,peak fit
57,88,9.11626465246577,120.6881788909319, 64MetH, 64MetN,2.39684e+06,7.98085e+08,20.63472,14.24123,1.00000,None,gaussian,peak fit
58,51,10.484494936487245,119.23771182248642, 65PheH, 65PheN,1.65291e+06,6.82639e+08,22.70570,16.05249,1.00000,None,gaussian,peak fit
59,99,11.276351005901795,134.12061017141835, 66HisH, 66HisN,1.64215e+06,8.13355e+08,27.73351,15.76154,1.00000,None,gaussian,peak fit
60,87,6.247965994722514,119.53289367646525, 68ThrH, 68ThrN,1.87401e+06,6.75640e+08,21.82097,14.58161,1.00000,None,gaussian,peak fit
61,11,11.519235855675884,139.64505878610836, 69CysH, 69CysN,2.02400e+06,7.89414e+08,23.51616,14.63740,1.00000,None,gaussian,peak fit
62,138,7.896957139047171,125.98933223936427, 70MetH, 70MetN,2.09085e+06,7.32113e+08,21.16501,14.60066,1.00000,None,gaussian,peak fit
63,60,8.761265557972253,103.3828553195187, 71AspH, 71AspN,2.88454e+06,8.18459e+08,17.36566,14.41996,1.00000,None,gaussian,peak fit
64,59,9.891356877105713,131.07713848746195, 72LeuH, 72LeuN,2.32506e+06,8.20368e+08,21.71848,14.33770,1.00000,None,gaussian,peak fit
65,103,9.937633755591971,124.0967561589268, 73TyrH, 73TyrN,1.89955e+06,5.91369e+08,19.39433,14.16667,1.00000,None,gaussian,peak fit
66,58,9.296102416354286,105.365156906211, 74ArgH, 74ArgN,2.44342e+06,7.62403e+08,19.34583,14.23426,1.00000,None,gaussian,peak fit
67,19,5.198581092735994,111.00587750244195, 75GluH, 75GluN,2.58213e+06,9.52744e+08,21.19747,15.36207,1.00000,None,gaussian,peak fit
68,65,8.367874232234788,127.2558138880842, 76MetH, 76MetN,2.20386e+06,8.43220e+08,22.37914,15.08861,1.00000,None,gaussian,peak fit
69,72,7.386045174889569,131.43002860644185, 77ArgH, 77ArgN,2.03291e+06,7.37804e+08,21.29542,15.04087,1.00000,None,gaussian,peak fit
70,24,11.050831195312728,130.19014786195842, 78AlaH, 78AlaN,2.72787e+06,9.61832e+08,20.77436,14.97904,1.00000,None,gaussian,peak fit
71,54,11.21359173173109,101.48800212910942, 79HisH, 79HisN,1.93917e+06,8.13971e+08,24.68455,15.00733,1.00000,None,gaussian,peak fit
72,8,8.522470806107943,105.5794989627658, 80CysH, 80CysN,1.53095e+06,5.79969e+08,22.27660,15.00822,1.00000,None,gaussian,peak fit
73,30,9.580940008325245,129.92469091363344, 81TrpH, 81TrpN,2.31563e+06,9.37282e+08,22.34333,15.98779,1.00000,None,gaussian,peak fit
74,41,8.52935215144508,123.04129761096881, 82TyrH, 82TyrN,1.69941e+06,5.50604e+08,19.11520,14.95885,1.00000,None,gaussian,peak fit
75,73,5.750714341109011,103.94035077163745, 83GlnH, 83GlnN,1.37545e+06,4.83345e+08,20.63367,15.03047,1.00000,None,gaussian,peak fit
76,23,7.0709437573784175,139.08428635784028, 84GlyH, 84GlyN,1.34031e+06,4.84638e+08,22.37105,14.26470,1.00000,None,gaussian,peak fit
77,94,11.893657219394601,107.61934628002558, 85PheH, 85PheN,1.06760e+06,3.76584e+08,22.08592,14.09521,1.00000,None,gaussian,peak fit
78,25,6.0718627156027125,138.92941665915592, 86MetH, 86MetN,1.80316e+06,8.38028e+08,22.86450,17.93899,1.00000,None,gaussian,peak fit
79,119,10.613101226150254,110.18550477586126, 87AspH, 87AspN,1.32437e+06,5.80063e+08,24.39830,15.84318,1.00000,None,gaussian,peak fit
80,109,10.336679334829839,128.11735323949944, 88MetH, 88MetN,1.63086e+06,5.27995e+08,20.35335,14.03829,1.00000,None,gaussian,peak fit
81,90,10.915817053905402,138.0225711558042, 89AspH, 89AspN,1.72618e+06,6.17879e+08,22.01863,14.34701,1.00000,None,gaussian,peak fit
82,18,11.55765,125.4932, 90ValH, 90ValN,1.26343e+06,4.92559e+08,22.82396,15.07481,1.00000,None,gaussian,peak fit
83,121,5.143108677198524,105.58519031550964, 91ValH, 91ValN,2.32912e+06,6.73206e+08,18.86106,13.52466,1.00000,None,gaussian,peak fit
84,28,5.8273376474959715,110.79387809548626, 92IleH, 92IleN,2.08266e+06,7.86064e+08,21.40163,15.56428,1.00000,None,gaussian,peak fit
85,2,10.295665045727004,132.55899582989096, 93ArgH, 93ArgN,1.60821e+06,7.09247e+08,24.64806,15.79087,1.00000,None,gaussian,peak fit
86,140,11.81581,125.18943, 94SerH, 94SerN,3.47191e+05,3.26919e+08,35.23873,23.58237,1.00000,None,gaussian,peak fit
87,77,10.255138257242205,114.70652848218904, 96ThrH, 96ThrN,1.67169e+06,7.24558e+08,23.11115,16.55128,1.00000,None,gaussian,peak fit
88,5,7.077852926040405,103.88763151635857, 97CysH, 97CysN,1.75764e+06,6.25113e+08,21.52049,14.58520,1.00000,None,gaussian,peak fit
89,85,5.474998357612222,107.98429536565631, 98LeuH, 98LeuN,1.87427e+06,6.94331e+08,22.16594,14.74974,1.00000,None,gaussian,peak fit
90,61,10.916419716991776,128.19978398593076, 99TrpH, 99TrpN,2.21596e+06,9.56758e+08,22.60966,16.85319,1.00000,None,gaussian,peak fit
91,62,8.040403606265965,121.49342482999737, 100GluH, 100GluN,1.54493e+06,7.36484e+08,25.99019,16.18755,1.00000,None,gaussian,peak fit
92,100,9.27696525355741,101.70816644462118, 101AsnH, 101AsnN,1.77273e+06,6.07458e+08,20.10711,15.04037,1.00000,None,gaussian,peak fit
93,57,10.879462584503791,128.89502798567472, 102ThrH, 102ThrN,2.42690e+06,8.54355e+08,20.65967,15.03831,1.00000,None,gaussian,peak fit
94,36,7.239025804957428,122.78749490493249, 103GlyH, 103GlyN,1.87120e+06,5.51263e+08,18.24923,14.24721,1.00000,None,gaussian,peak fit
95,17,9.44572731569634,138.2243285890394, 104TrpH, 104TrpN,1.61840e+06,1.17558e+09,30.07167,21.31790,0.50000,None,gaussian,peak fit
96,71,9.786101102517552,121.2876960432836, 105MetH, 105MetN,3.48335e+06,1.25072e+09,22.19567,14.27675,1.00000,None,gaussian,peak fit
97,53,8.88431844983957,120.6356395786735, 106GlyH, 106GlyN,2.23326e+06,1.12101e+09,24.58989,18.01563,1.00000,None,gaussian,peak fit
98,40,8.507839931773916,115.05992969620193, 107AspH, 107AspN,1.94161e+06,7.47388e+08,21.70644,15.65063,1.00000,None,gaussian,peak fit
99,81,8.165820921375545,138.993664678689, 108GlyH, 108GlyN,1.67150e+06,5.62576e+08,21.36228,13.90476,1.00000,None,gaussian,peak fit
100,27,6.160164119841791,128.48281082844434, 109GlyH, 109GlyN,2.54717e+06,8.57958e+08,19.95338,14.89795,1.00000,None,gaussian,peak fit
101,33,9.636896437190318,139.7133042816876, 110LysH, 110LysN,2.65550e+06,9.16581e+08,19.88980,15.31547,1.00000,None,gaussian,peak fit
102,95,7.934892186787522,127.36488980739867, 111LysH, 111LysN,2.17918e+06,6.80853e+08,19.17263,14.38183,1.00000,None,gaussian,peak fit
103,116,10.949271489162966,125.0840511617902, 112IleH, 112IleN,2.13819e+06,6.41733e+08,19.06016,13.89688,1.00000,None,gaussian,peak fit
104,125,7.5901387823167425,110.2921781970129, 113ArgH, 113ArgN,1.28695e+06,3.57081e+08,19.45516,12.58651,1.00000,None,gaussian,peak fit
105,38,11.764772885115514,131.112309979338, 114TrpH, 114TrpN,9.04008e+05,3.81816e+08,23.52930,15.84195,1.00000,None,gaussian,peak fit
106,142,7.360701851232862,129.81226135662178, 115ArgH, 115ArgN,1.17083e+06,1.34430e+09,64.04156,15.82254,1.00000,None,gaussian,peak fit
107,50,8.724488931473457,132.81917643487012, 116CysH, 116CysN,2.24117e+06,1.27618e+09,28.28548,17.76680,1.00000,None,gaussian,peak fit
108,86,10.869467349846424,120.2805561148888, 117ValH, 117ValN,1.22754e+06,4.86819e+08,22.05431,15.86992,1.00000,None,gaussian,peak fit
109,96,10.200980812203387,119.27024348405146, 118GlnH, 118GlnN,8.55832e+05,4.85411e+08,33.47204,14.95457,1.00000,None,gaussian,peak fit
110,13,9.20840210187577,108.33625678015746, 119TrpH, 119TrpN,2.39210e+06,1.32137e+09,27.87824,17.48697,0.50000,None,gaussian,peak fit
111,84,5.9010459488495535,100.14833596872027, 120ThrH, 120ThrN,2.06090e+06,1.11522e+09,22.17790,21.53367,1.00000,None,gaussian,peak fit
112,29,11.195395497136678,129.32900420531155, 121IleH, 121IleN,2.09151e+06,1.39967e+09,26.96168,21.90558,0.50000,None,gaussian,peak fit
113,46,9.180066293109766,100.1632431902294, 122TrpH, 122TrpN,8.29114e+06,1.89611e+09,17.44175,11.57161,1.00000,None,gaussian,peak fit

