Res#,1-letter,3-letter,Peak Status,fit,ymax,yhalf,kd,n_hill
31,P,Pro,unassigned,,,,,
32,V,Val,measured,OK,0.024,0.012,556.985,2.076
33,T,Thr,unassigned,,,,,
34,S,Ser,unassigned,,,,,
35,F,Phe,measured,OK,0.039,0.019,93.388,0.716
36,D,Asp,measured,OK,0.024,0.012,714.511,1.501
37,C,Cys,measured,OK,0.207,0.103,508.997,2.410
38,A,Ala,measured,No Data,,,,
39,V,Val,measured,No Data,,,,
40,C,Cys,measured,OK,0.103,0.051,617.275,2.242
41,L,Leu,measured,OK,0.060,0.030,134.185,4.714
42,E,Glu,measured,OK,0.044,0.022,487.447,2.390
43,V,Val,measured,OK,0.090,0.045,642.631,2.593
44,L,Leu,measured,OK,0.106,0.053,561.555,1.804
45,H,His,measured,OK,0.048,0.024,449.027,2.298
46,Q,Gln,measured,OK,0.043,0.022,649.380,1.540
47,P,Pro,unassigned,,,,,
48,V,Val,unassigned,,,,,
49,R,Arg,unassigned,,,,,
50,T,Thr,unassigned,,,,,
51,R,Arg,unassigned,,,,,
52,C,Cys,measured,OK,0.049,0.025,495.171,2.194
53,G,Gly,measured,OK,0.014,0.007,413.913,2.952
54,H,His,measured,OK,0.054,0.027,543.875,1.951
55,V,Val,measured,OK,0.196,0.098,477.194,2.490
56,F,Phe,measured,OK,0.094,0.047,443.920,2.615
57,C,Cys,unassigned,,,,,
58,R,Arg,unassigned,,,,,
59,S,Ser,unassigned,,,,,
60,C,Cys,unassigned,,,,,
61,I,Ile,unassigned,,,,,
62,A,Ala,unassigned,,,,,
63,T,Thr,unassigned,,,,,
64,S,Ser,unassigned,,,,,
65,L,Leu,unassigned,,,,,
66,K,Lys,unassigned,,,,,
67,N,Asn,unassigned,,,,,
68,N,Asn,unassigned,,,,,
69,K,Lys,unassigned,,,,,
70,W,Trp,unassigned,,,,,
71,T,Thr,unassigned,,,,,
72,C,Cys,unassigned,,,,,
73,P,Pro,unassigned,,,,,
74,Y,Tyr,unassigned,,,,,
75,C,Cys,unassigned,,,,,
76,R,Arg,unassigned,,,,,
77,A,Ala,unassigned,,,,,
78,Y,Tyr,unassigned,,,,,
79,L,Leu,unassigned,,,,,
80,P,Pro,unassigned,,,,,
81,S,Ser,measured,OK,0.255,0.127,486.877,2.638
82,E,Glu,unassigned,,,,,
83,G,Gly,unassigned,,,,,
84,V,Val,unassigned,,,,,
85,P,Pro,unassigned,,,,,
86,A,Ala,measured,OK,0.030,0.015,469.682,2.937
87,T,Thr,measured,Failed,,,,
88,D,Asp,unassigned,,,,,
89,V,Val,measured,OK,0.056,0.028,644.574,1.607
90,A,Ala,measured,OK,0.058,0.029,526.946,2.591
91,K,Lys,measured,OK,0.027,0.013,584.075,1.823
92,R,Arg,measured,OK,0.103,0.051,517.882,1.973
93,M,Met,measured,OK,0.093,0.047,537.167,2.354
94,K,Lys,measured,OK,0.044,0.022,537.824,2.139
95,S,Ser,measured,OK,0.046,0.023,591.954,1.658
96,E,Glu,measured,OK,0.142,0.071,506.185,2.315
97,Y,Tyr,measured,OK,0.047,0.024,443.146,2.715
98,K,Lys,measured,OK,0.128,0.064,538.677,2.235
99,N,Asn,measured,OK,0.099,0.049,605.144,1.973
100,C,Cys,measured,OK,0.044,0.022,483.885,2.569
101,A,Ala,measured,OK,0.022,0.011,469.502,2.184
102,E,Glu,measured,OK,0.155,0.078,492.843,2.725
103,C,Cys,measured,Failed,,,,
104,D,Asp,measured,OK,0.115,0.058,388.977,3.012
105,T,Thr,measured,OK,0.131,0.066,416.639,2.374
106,L,Leu,measured,OK,0.146,0.073,522.439,2.187
107,V,Val,measured,OK,0.070,0.035,501.418,1.949
108,C,Cys,measured,OK,0.047,0.024,472.512,2.058
109,L,Leu,measured,OK,0.078,0.039,595.274,2.114
110,S,Ser,measured,OK,0.151,0.076,506.978,1.908
111,E,Glu,measured,OK,0.036,0.018,577.274,1.593
112,M,Met,measured,OK,0.024,0.012,537.452,1.968
113,R,Arg,measured,OK,0.074,0.037,558.435,1.485
114,A,Ala,measured,OK,0.095,0.048,597.297,1.882
115,H,His,measured,OK,0.101,0.051,510.920,1.812
116,I,Ile,measured,OK,0.216,0.108,427.421,2.114
117,R,Arg,measured,OK,0.121,0.061,472.903,1.957
118,T,Thr,measured,OK,0.128,0.064,443.327,2.075
119,C,Cys,measured,OK,0.103,0.051,570.866,1.929
120,Q,Gln,unassigned,,,,,
121,K,Lys,measured,OK,0.068,0.034,543.222,2.225
122,Y,Tyr,measured,OK,0.263,0.131,426.849,2.260
123,I,Ile,measured,OK,0.076,0.038,531.665,0.939
124,D,Asp,measured,OK,0.086,0.043,436.845,2.269
125,K,Lys,measured,OK,0.154,0.077,374.167,1.490
126,Y,Tyr,measured,Failed,,,,
127,G,Gly,measured,OK,0.097,0.049,452.713,2.061
128,P,Pro,unassigned,,,,,
