Res#	1-letter	3-letter	Peak Status	Merit	Position F1	Position F2	Height	Volume	Line Width F1 (Hz)	Line Width F2 (Hz)	Fit Method	Vol. Method	Assign F1	Assign F2	Details	Number	#	index	H1_delta	N15_delta	CSP	Height_ratio	Vol_ratio	Theo PRE	tag	H_DPRE	H_DPRE_smooth	V_DPRE	V_DPRE_smooth
1	M	Met	unassigned	0.0	NaN	NaN	NaN	NaN	NaN	NaN	NaN	NaN	1Met	NaN	None	NaN	NaN	NaN	NaN	NaN	NaN	NaN	NaN	1	NaN	NaN	NaN	NaN	NaN
2	A	Ala	unassigned	0.0	NaN	NaN	NaN	NaN	NaN	NaN	NaN	NaN	2Ala	NaN	None	NaN	NaN	NaN	NaN	NaN	NaN	NaN	NaN	1	NaN	NaN	NaN	NaN	NaN
3	S	Ser	unassigned	0.0	NaN	NaN	NaN	NaN	NaN	NaN	NaN	NaN	3Ser	NaN	None	NaN	NaN	NaN	NaN	NaN	NaN	NaN	NaN	1	NaN	NaN	NaN	NaN	NaN
4	N	Asn	unassigned	0.0	NaN	NaN	NaN	NaN	NaN	NaN	NaN	NaN	4Asn	NaN	None	NaN	NaN	NaN	NaN	NaN	NaN	NaN	NaN	1	NaN	NaN	NaN	NaN	NaN
5	K	Lys	unassigned	0.0	NaN	NaN	NaN	NaN	NaN	NaN	NaN	NaN	5Lys	NaN	None	NaN	NaN	NaN	NaN	NaN	NaN	NaN	NaN	1	NaN	NaN	NaN	NaN	NaN
6	S	Ser	unassigned	0.0	NaN	NaN	NaN	NaN	NaN	NaN	NaN	NaN	6Ser	NaN	None	NaN	NaN	NaN	NaN	NaN	NaN	NaN	NaN	1	NaN	NaN	NaN	NaN	NaN
7	K	Lys	unassigned	0.0	NaN	NaN	NaN	NaN	NaN	NaN	NaN	NaN	7Lys	NaN	None	NaN	NaN	NaN	NaN	NaN	NaN	NaN	NaN	1	NaN	NaN	NaN	NaN	NaN
8	P	Pro	unassigned	0.0	NaN	NaN	NaN	NaN	NaN	NaN	NaN	NaN	8Pro	NaN	None	NaN	NaN	NaN	NaN	NaN	NaN	NaN	NaN	1	NaN	NaN	NaN	NaN	NaN
9	K	Lys	unassigned	0.0	NaN	NaN	NaN	NaN	NaN	NaN	NaN	NaN	9Lys	NaN	None	NaN	NaN	NaN	NaN	NaN	NaN	NaN	NaN	1	NaN	NaN	NaN	NaN	NaN
10	D	Asp	unassigned	0.0	NaN	NaN	NaN	NaN	NaN	NaN	NaN	NaN	10Asp	NaN	None	NaN	NaN	NaN	NaN	NaN	NaN	NaN	NaN	1	NaN	NaN	NaN	NaN	NaN
11	A	Ala	unassigned	0.0	NaN	NaN	NaN	NaN	NaN	NaN	NaN	NaN	11Ala	NaN	None	NaN	NaN	NaN	NaN	NaN	NaN	NaN	NaN	1	NaN	NaN	NaN	NaN	NaN
12	S	Ser	unassigned	0.0	NaN	NaN	NaN	NaN	NaN	NaN	NaN	NaN	12Ser	NaN	None	NaN	NaN	NaN	NaN	NaN	NaN	NaN	NaN	1	NaN	NaN	NaN	NaN	NaN
13	Q	Gln	unassigned	0.0	NaN	NaN	NaN	NaN	NaN	NaN	NaN	NaN	13Gln	NaN	None	NaN	NaN	NaN	NaN	NaN	NaN	NaN	NaN	1	NaN	NaN	NaN	NaN	NaN
14	R	Arg	unassigned	0.0	NaN	NaN	NaN	NaN	NaN	NaN	NaN	NaN	14Arg	NaN	None	NaN	NaN	NaN	NaN	NaN	NaN	NaN	NaN	1	NaN	NaN	NaN	NaN	NaN
15	R	Arg	unassigned	0.0	NaN	NaN	NaN	NaN	NaN	NaN	NaN	NaN	15Arg	NaN	None	NaN	NaN	NaN	NaN	NaN	NaN	NaN	NaN	1	NaN	NaN	NaN	NaN	NaN
16	R	Arg	unassigned	0.0	NaN	NaN	NaN	NaN	NaN	NaN	NaN	NaN	16Arg	NaN	None	NaN	NaN	NaN	NaN	NaN	NaN	NaN	NaN	1	NaN	NaN	NaN	NaN	NaN
17	S	Ser	unassigned	0.0	NaN	NaN	NaN	NaN	NaN	NaN	NaN	NaN	17Ser	NaN	None	NaN	NaN	NaN	NaN	NaN	NaN	NaN	NaN	1	NaN	NaN	NaN	NaN	NaN
18	L	Leu	unassigned	0.0	NaN	NaN	NaN	NaN	NaN	NaN	NaN	NaN	18Leu	NaN	None	NaN	NaN	NaN	NaN	NaN	NaN	NaN	NaN	1	NaN	NaN	NaN	NaN	NaN
19	E	Glu	unassigned	0.0	NaN	NaN	NaN	NaN	NaN	NaN	NaN	NaN	19Glu	NaN	None	NaN	NaN	NaN	NaN	NaN	NaN	NaN	NaN	1	NaN	NaN	NaN	NaN	NaN
20	P	Pro	unassigned	0.0	NaN	NaN	NaN	NaN	NaN	NaN	NaN	NaN	20Pro	NaN	None	NaN	NaN	NaN	NaN	NaN	NaN	NaN	NaN	1	NaN	NaN	0.0	NaN	0.0
21	A	Ala	unassigned	0.0	NaN	NaN	NaN	NaN	NaN	NaN	NaN	NaN	21Ala	NaN	None	NaN	NaN	NaN	NaN	NaN	NaN	NaN	NaN	1	NaN	NaN	0.0	NaN	0.0
22	E	Glu	unassigned	0.0	NaN	NaN	NaN	NaN	NaN	NaN	NaN	NaN	22Glu	NaN	None	NaN	NaN	NaN	NaN	NaN	NaN	NaN	NaN	1	NaN	NaN	0.0	NaN	0.0
23	N	Asn	measured	0.5	8.30454	118.39865	12148700.0	8983330000.0	37.76977	17.2782	gaussian	peak fit	23Asn	 23AsnN	None	1.0	43.0	0.0	0.0	0.0	0.0	1.0	1.0	1	NaN	0.0	0.0	0.0	0.0
24	V	Val	measured	1.0	7.8749199999999995	120.11856999999999	17827900.0	9037810000.0	34.7556	12.872819999999999	gaussian	peak fit	24Val	 24ValN	None	2.0	30.0	1.0	0.0	0.0	0.0	1.0	1.0	1	NaN	0.0	0.0	0.0	0.0
25	H	His	measured	1.0	8.18976	122.26762	17723600.0	29947400000.0	52.47756	28.416359999999997	gaussian	peak fit	25His	 25HisN	None	3.0	22.0	2.0	0.0	0.0	0.0	1.0	1.0	1	NaN	0.0	0.0	0.0	0.0
26	G	Gly	measured	1.0	8.14096	109.70666000000001	11318900.0	7526570000.0	37.57656	15.617510000000001	gaussian	peak fit	26Gly	 26GlyN	None	4.0	60.0	3.0	0.0	0.0	0.0	1.0	1.0	1	NaN	0.0	0.0	0.0	0.0
27	C	Cys	unassigned	0.0	NaN	NaN	NaN	NaN	NaN	NaN	NaN	NaN	27Cys	NaN	None	NaN	NaN	NaN	NaN	NaN	NaN	NaN	NaN	1	NaN	NaN	0.0	NaN	0.0
28	G	Gly	measured	0.5	8.463	110.96521000000001	11760700.0	6938160000.0	36.006840000000004	14.459760000000001	gaussian	peak fit	28Gly	 28GlyN	None	5.0	58.0	4.0	0.0	0.0	0.0	1.0	1.0	1	NaN	0.0	0.0	0.0	0.0
29	G	Gly	measured	1.0	8.14606	108.75688000000001	16546200.0	11311100000.0	40.26048	14.985270000000002	gaussian	peak fit	29Gly	 29GlyN	None	6.0	62.0	5.0	0.0	0.0	0.0	1.0	1.0	1	NaN	0.0	0.0	0.0	0.0
30	G	Gly	unassigned	0.0	NaN	NaN	NaN	NaN	NaN	NaN	NaN	NaN	30Gly	NaN	None	NaN	NaN	NaN	NaN	NaN	NaN	NaN	NaN	1	NaN	NaN	0.0	NaN	0.0
31	A	Ala	measured	1.0	7.88093	123.15671999999999	14079700.0	8452270000.0	35.51481	14.917810000000001	gaussian	peak fit	31Ala	 31AlaN	None	7.0	17.0	6.0	0.0	0.0	0.0	1.0	1.0	1	NaN	0.0	0.0	0.0	0.0
32	F	Phe	measured	1.0	7.99763	120.08185	13618700.0	12176100000.0	44.28375	17.81812	gaussian	peak fit	32Phe	 32PheN	None	8.0	32.0	7.0	0.0	0.0	0.0	1.0	1.0	1	NaN	0.0	0.0	0.0	0.0
33	P	Pro	unassigned	0.0	NaN	NaN	NaN	NaN	NaN	NaN	NaN	NaN	33Pro	NaN	None	NaN	NaN	NaN	NaN	NaN	NaN	NaN	NaN	1	NaN	NaN	0.0	NaN	0.0
34	A	Ala	measured	1.0	8.35007	124.83668	16714000.0	10050300000.0	34.96315	15.178370000000001	gaussian	peak fit	34Ala	 34AlaN	None	9.0	9.0	8.0	0.0	0.0	0.0	1.0	1.0	1	NaN	0.0	0.0	0.0	0.0
35	S	Ser	measured	1.0	8.14617	115.12216000000001	18031000.0	12321700000.0	36.83895	16.37107	gaussian	peak fit	35Ser	 35SerN	None	10.0	52.0	9.0	0.0	0.0	0.0	1.0	1.0	1	NaN	0.0	0.0	0.0	0.0
36	Q	Gln	measured	1.0	8.21022	122.11424	16806300.0	119083000000.0	62.23605	100.47765	gaussian	peak fit	36Gln	 36GlnN	None	11.0	23.0	10.0	0.0	0.0	0.0	1.0	1.0	1	NaN	0.0	0.0	0.0	0.0
37	T	Thr	measured	1.0	8.09708	118.53607	13260500.0	17381500000.0	43.99762	26.292559999999998	gaussian	peak fit	37Thr	 37ThrN	None	12.0	42.0	11.0	0.0	0.0	0.0	1.0	1.0	1	NaN	0.0	0.0	0.0	0.0
38	P	Pro	unassigned	0.0	NaN	NaN	NaN	NaN	NaN	NaN	NaN	NaN	38Pro	NaN	None	NaN	NaN	NaN	NaN	NaN	NaN	NaN	NaN	1	NaN	NaN	0.0	NaN	0.0
39	S	Ser	measured	1.0	8.288689999999999	117.03556	11839400.0	9687890000.0	38.8695	18.57917	gaussian	peak fit	39Ser	 39SerN	None	13.0	49.0	12.0	0.0	0.0	0.0	1.0	1.0	1	NaN	0.0	0.0	0.0	0.0
40	K	Lys	measured	1.0	8.17175	124.22287	17428600.0	24037100000.0	57.14228000000001	21.30092	gaussian	peak fit	40Lys	 40LysN	None	14.0	13.0	13.0	0.0	0.0	0.0	1.0	1.0	1	NaN	0.0	0.0	0.0	0.0
41	P	Pro	unassigned	0.0	NaN	NaN	NaN	NaN	NaN	NaN	NaN	NaN	41Pro	NaN	None	NaN	NaN	NaN	NaN	NaN	NaN	NaN	NaN	1	NaN	NaN	0.0	NaN	0.0
42	A	Ala	measured	1.0	8.25731	124.46837	14167200.0	18710600000.0	67.43485	17.2844	gaussian	peak fit	42Ala	 42AlaN	None	15.0	10.0	14.0	0.0	0.0	0.0	1.0	1.0	1	NaN	0.0	0.0	0.0	0.0
43	S	Ser	measured	1.0	8.10529	114.65693	11050400.0	9523120000.0	39.77068	19.12377	gaussian	peak fit	43Ser	 43SerN	None	16.0	54.0	15.0	0.0	0.0	0.0	1.0	1.0	1	NaN	0.0	0.0	0.0	0.0
44	A	Ala	measured	1.0	8.1153	125.99016999999999	15353600.0	10826500000.0	37.25734	16.70324	gaussian	peak fit	44Ala	 44AlaN	None	17.0	5.0	16.0	0.0	0.0	0.0	1.0	1.0	1	NaN	0.0	0.0	0.0	0.0
45	D	Asp	measured	0.5	8.157910000000001	121.86128000000001	23521100.0	49351200000.0	67.87544	27.281209999999998	gaussian	peak fit	45Asp	 45AspN	None	18.0	25.0	17.0	0.0	0.0	0.0	1.0	1.0	1	NaN	0.0	0.0	0.0	0.0
46	G	Gly	measured	1.0	8.04222	108.88408999999999	22555500.0	19931400000.0	39.36892	19.80923	gaussian	peak fit	46Gly	 46GlyN	None	19.0	61.0	18.0	0.0	0.0	0.0	1.0	1.0	1	NaN	0.0	0.0	0.0	0.0
47	H	His	measured	1.0	8.0484	119.26158000000001	17547100.0	16314000000.0	41.25526	19.88899	gaussian	peak fit	47His	 47HisN	None	20.0	37.0	19.0	0.0	0.0	0.0	1.0	1.0	1	NaN	0.0	0.0	0.0	0.0
48	R	Arg	measured	1.0	8.18554	122.7307	26554800.0	30112900000.0	46.036359999999995	21.73925	gaussian	peak fit	48Arg	 48ArgN	None	21.0	68.0	20.0	0.0	0.0	0.0	1.0	1.0	1	NaN	0.0	0.0	0.0	0.0
49	G	Gly	measured	1.0	8.04537	109.98423000000001	15065000.0	10957800000.0	39.5931	16.21322	gaussian	peak fit	49Gly	 49GlyN	None	22.0	59.0	21.0	0.0	0.0	0.0	1.0	1.0	1	NaN	0.0	0.0	0.0	0.0
50	P	Pro	unassigned	0.0	NaN	NaN	NaN	NaN	NaN	NaN	NaN	NaN	50Pro	NaN	None	NaN	NaN	NaN	NaN	NaN	NaN	NaN	NaN	1	NaN	NaN	0.0	NaN	0.0
51	S	Ser	measured	1.0	8.294	116.35226000000002	19414400.0	15470200000.0	39.886	17.63136	gaussian	peak fit	51Ser	 51SerN	None	23.0	51.0	22.0	0.0	0.0	0.0	1.0	1.0	1	NaN	0.0	0.0	0.0	0.0
52	A	Ala	measured	1.0	8.2977	126.29636	20854500.0	20832700000.0	40.65938	21.68313	gaussian	peak fit	52Ala	 52AlaN	None	24.0	4.0	23.0	0.0	0.0	0.0	1.0	1.0	1	NaN	0.0	0.0	0.0	0.0
53	A	Ala	measured	1.0	7.9407	122.69384	16481900.0	15897300000.0	43.03328	19.78094	gaussian	peak fit	53Ala	 53AlaN	None	25.0	20.0	24.0	0.0	0.0	0.0	1.0	1.0	1	NaN	0.0	0.0	0.0	0.0
54	F	Phe	measured	1.0	8.00641	118.91175	27356400.0	19023800000.0	37.62507	16.31155	gaussian	peak fit	54Phe	 54PheN	None	26.0	40.0	25.0	0.0	0.0	0.0	1.0	1.0	1	NaN	0.0	0.0	0.0	0.0
55	A	Ala	measured	1.0	7.887630000000001	127.35691000000001	10486900.0	9050040000.0	39.81828	19.12743	gaussian	peak fit	55Ala	 55AlaN	None	27.0	1.0	26.0	0.0	0.0	0.0	1.0	1.0	1	NaN	0.0	0.0	0.0	0.0
56	P	Pro	unassigned	0.0	NaN	NaN	NaN	NaN	NaN	NaN	NaN	NaN	56Pro	NaN	None	NaN	NaN	NaN	NaN	NaN	NaN	NaN	NaN	1	NaN	NaN	0.0	NaN	0.0
57	A	Ala	measured	1.0	8.20363	124.32543000000001	16388900.0	28705100000.0	66.501	23.2443	gaussian	peak fit	57Ala	 57AlaN	None	28.0	11.0	27.0	0.0	0.0	0.0	1.0	1.0	1	NaN	0.0	0.0	0.0	0.0
58	A	Ala	measured	1.0	8.11534	123.69013999999999	23551200.0	30746800000.0	56.22076	20.49398	gaussian	peak fit	58Ala	 58AlaN	None	29.0	14.0	28.0	0.0	0.0	0.0	1.0	1.0	1	NaN	0.0	0.0	0.0	0.0
59	A	Ala	measured	1.0	8.05844	123.47685	19866700.0	48278500000.0	89.90257	23.85564	gaussian	peak fit	59Ala	 59AlaN	None	30.0	15.0	29.0	0.0	0.0	0.0	1.0	1.0	1	NaN	0.0	0.0	0.0	0.0
60	E	Glu	measured	1.0	7.8465	119.15677	16664800.0	18167900000.0	40.06471	24.01476	gaussian	peak fit	60Glu	 60GluN	None	31.0	38.0	30.0	0.0	0.0	0.0	1.0	1.0	1	NaN	0.0	0.0	0.0	0.0
61	P	Pro	unassigned	0.0	NaN	NaN	NaN	NaN	NaN	NaN	NaN	NaN	61Pro	NaN	None	NaN	NaN	NaN	NaN	NaN	NaN	NaN	NaN	1	NaN	NaN	0.0	NaN	0.0
62	K	Lys	measured	0.5	8.20359	121.6225	18671800.0	84291800000.0	50.048	79.60651999999999	gaussian	peak fit	62Lys	 62LysN	None	32.0	70.0	31.0	0.0	0.0	0.0	1.0	1.0	1	NaN	0.0	0.0	0.0	0.0
63	L	Leu	measured	1.0	8.0204	123.38306999999999	19919600.0	31221800000.0	60.033469999999994	23.04195	gaussian	peak fit	63Leu	 63LeuN	None	33.0	16.0	32.0	0.0	0.0	0.0	1.0	1.0	1	NaN	0.0	0.0	0.0	0.0
64	F	Phe	measured	1.0	8.172239999999999	121.23213999999999	23001100.0	29440500000.0	48.84492	23.12666	gaussian	peak fit	64Phe	 64PheN	None	34.0	26.0	33.0	0.0	0.0	0.0	1.0	1.0	1	NaN	0.0	0.0	0.0	0.0
65	G	Gly	measured	1.0	8.174719999999999	111.18524	13805500.0	11256800000.0	37.93163	18.97115	gaussian	peak fit	65Gly	 65GlyN	None	35.0	57.0	34.0	0.0	0.0	0.0	1.0	1.0	1	NaN	0.0	0.0	0.0	0.0
66	G	Gly	measured	1.0	7.524839999999999	107.75545	17873000.0	11553400000.0	36.896209999999996	15.46209	gaussian	peak fit	66Gly	 66GlyN	None	36.0	66.0	35.0	0.0	0.0	0.0	1.0	1.0	1	NaN	0.0	0.0	0.0	0.0
67	F	Phe	measured	1.0	7.962969999999999	119.84074	19697300.0	16477400000.0	39.48131	18.69925	gaussian	peak fit	67Phe	 67PheN	None	37.0	34.0	36.0	0.0	0.0	0.0	1.0	1.0	1	NaN	0.0	0.0	0.0	0.0
68	N	Asn	unassigned	0.0	NaN	NaN	NaN	NaN	NaN	NaN	NaN	NaN	68Asn	NaN	None	NaN	NaN	NaN	NaN	NaN	NaN	NaN	NaN	1	NaN	NaN	0.0	NaN	0.0
69	S	Ser	measured	1.0	8.17275	117.05246000000001	20347100.0	21023400000.0	40.109609999999996	22.73463	gaussian	peak fit	69Ser	 69SerN	None	38.0	50.0	37.0	0.0	0.0	0.0	1.0	1.0	1	NaN	0.0	0.0	0.0	0.0
70	S	Ser	measured	1.0	8.19241	117.36521	25454900.0	20493300000.0	37.98532	18.70504	gaussian	peak fit	70Ser	 70SerN	None	39.0	47.0	38.0	0.0	0.0	0.0	1.0	1.0	1	NaN	0.0	0.0	0.0	0.0
71	D	Asp	unassigned	0.0	NaN	NaN	NaN	NaN	NaN	NaN	NaN	NaN	71Asp	NaN	None	NaN	NaN	NaN	NaN	NaN	NaN	NaN	NaN	1	NaN	NaN	0.0	NaN	0.0
72	T	Thr	measured	1.0	7.86562	114.3937	28683900.0	16980000000.0	34.50291	15.14184	gaussian	peak fit	72Thr	 72ThrN	None	40.0	55.0	39.0	0.0	0.0	0.0	1.0	1.0	1	NaN	0.0	0.0	0.0	0.0
73	V	Val	measured	1.0	7.994680000000001	122.99951000000001	20813300.0	20252000000.0	39.778490000000005	21.588060000000002	gaussian	peak fit	73Val	 73ValN	None	41.0	18.0	40.0	0.0	0.0	0.0	1.0	1.0	1	NaN	0.0	0.0	0.0	0.0
74	T	Thr	measured	1.0	8.0765	118.12456999999999	20817200.0	15775900000.0	37.4347	17.86628	gaussian	peak fit	74Thr	 74ThrN	None	42.0	44.0	41.0	0.0	0.0	0.0	1.0	1.0	1	NaN	0.0	0.0	0.0	0.0
75	S	Ser	measured	1.0	8.12535	119.72887	20089500.0	18005800000.0	42.252759999999995	18.72077	gaussian	peak fit	75Ser	 75SerN	None	43.0	35.0	42.0	0.0	0.0	0.0	1.0	1.0	1	NaN	0.0	0.0	0.0	0.0
76	P	Pro	unassigned	0.0	NaN	NaN	NaN	NaN	NaN	NaN	NaN	NaN	76Pro	NaN	None	NaN	NaN	NaN	NaN	NaN	NaN	NaN	NaN	1	NaN	NaN	0.0	NaN	0.0
77	Q	Gln	measured	1.0	8.2582	120.43593999999999	15452300.0	18071500000.0	46.23285	22.32474	gaussian	peak fit	77Gln	 77GlnN	None	44.0	29.0	43.0	0.0	0.0	0.0	1.0	1.0	1	NaN	0.0	0.0	0.0	0.0
78	R	Arg	measured	1.0	8.16194	122.79512	26785800.0	28760100000.0	45.07313	21.02346	gaussian	peak fit	78Arg	 78ArgN	None	45.0	19.0	44.0	0.0	0.0	0.0	1.0	1.0	1	NaN	0.0	0.0	0.0	0.0
79	A	Ala	measured	1.0	8.20348	125.61995	31696400.0	19208900000.0	34.772059999999996	15.38151	gaussian	peak fit	79Ala	 79AlaN	None	46.0	6.0	45.0	0.0	0.0	0.0	1.0	1.0	1	NaN	0.0	0.0	0.0	0.0
80	G	Gly	measured	1.0	8.050419999999999	108.54642	26524900.0	34222500000.0	50.88808	22.375729999999997	gaussian	peak fit	80Gly	 80GlyN	None	47.0	63.0	46.0	0.0	0.0	0.0	1.0	1.0	1	NaN	0.0	0.0	0.0	0.0
81	P	Pro	unassigned	0.0	NaN	NaN	NaN	NaN	NaN	NaN	NaN	NaN	81Pro	NaN	None	NaN	NaN	NaN	NaN	NaN	NaN	NaN	NaN	1	NaN	NaN	0.0	NaN	0.0
82	L	Leu	measured	1.0	8.18524	121.7902	21507500.0	109122000000.0	71.50341	62.622640000000004	gaussian	peak fit	82Leu	 82LeuN	None	48.0	69.0	47.0	0.0	0.0	0.0	1.0	1.0	1	NaN	0.0	0.0	0.0	0.0
83	A	Ala	measured	1.0	8.07886	124.98851	10811300.0	9461800000.0	39.07142	19.76846	gaussian	peak fit	83Ala	 83AlaN	None	49.0	8.0	48.0	0.0	0.0	0.0	1.0	1.0	1	NaN	0.0	0.0	0.0	0.0
84	G	Gly	measured	1.0	8.152610000000001	108.02831	14859500.0	13311800000.0	42.157579999999996	18.75398	gaussian	peak fit	84Gly	 84GlyN	None	50.0	65.0	49.0	0.0	0.0	0.0	1.0	1.0	1	NaN	0.0	0.0	0.0	0.0
85	G	Gly	measured	0.5	8.00666	108.42026000000001	21965000.0	35734600000.0	70.372	20.40296	gaussian	peak fit	85Gly	 85GlyN	None	51.0	71.0	50.0	0.0	0.0	0.0	1.0	1.0	1	NaN	0.0	0.0	0.0	0.0
