Res#	1-letter	3-letter	Peak Status	Merit	Position F1	Position F2	Height	Volume	Line Width F1 (Hz)	Line Width F2 (Hz)	Fit Method	Vol. Method	Assign F1	Assign F2	Details	Number	#	index	H1_delta	N15_delta	CSP	Height_ratio	Vol_ratio	Theo PRE	tag	H_DPRE	H_DPRE_smooth	V_DPRE	V_DPRE_smooth
1	M	Met	unassigned	0.0	NaN	NaN	NaN	NaN	NaN	NaN	NaN	NaN	1Met	NaN	None	NaN	NaN	NaN	NaN	NaN	NaN	NaN	NaN	0.8769348		NaN	NaN	NaN	NaN
2	A	Ala	unassigned	0.0	NaN	NaN	NaN	NaN	NaN	NaN	NaN	NaN	2Ala	NaN	None	NaN	NaN	NaN	NaN	NaN	NaN	NaN	NaN	0.8847603		NaN	NaN	NaN	NaN
3	S	Ser	unassigned	0.0	NaN	NaN	NaN	NaN	NaN	NaN	NaN	NaN	3Ser	NaN	None	NaN	NaN	NaN	NaN	NaN	NaN	NaN	NaN	0.8894333000000001		NaN	NaN	NaN	NaN
4	N	Asn	unassigned	0.0	NaN	NaN	NaN	NaN	NaN	NaN	NaN	NaN	4Asn	NaN	None	NaN	NaN	NaN	NaN	NaN	NaN	NaN	NaN	0.8837731		NaN	NaN	NaN	NaN
5	K	Lys	unassigned	0.0	NaN	NaN	NaN	NaN	NaN	NaN	NaN	NaN	5Lys	NaN	None	NaN	NaN	NaN	NaN	NaN	NaN	NaN	NaN	0.8831169		NaN	NaN	NaN	NaN
6	S	Ser	unassigned	0.0	NaN	NaN	NaN	NaN	NaN	NaN	NaN	NaN	6Ser	NaN	None	NaN	NaN	NaN	NaN	NaN	NaN	NaN	NaN	0.87487		NaN	NaN	NaN	NaN
7	K	Lys	unassigned	0.0	NaN	NaN	NaN	NaN	NaN	NaN	NaN	NaN	7Lys	NaN	None	NaN	NaN	NaN	NaN	NaN	NaN	NaN	NaN	0.8700786		NaN	NaN	NaN	NaN
8	P	Pro	unassigned	0.0	NaN	NaN	NaN	NaN	NaN	NaN	NaN	NaN	8Pro	NaN	None	NaN	NaN	NaN	NaN	NaN	NaN	NaN	NaN	0.8580061		NaN	NaN	NaN	NaN
9	K	Lys	unassigned	0.0	NaN	NaN	NaN	NaN	NaN	NaN	NaN	NaN	9Lys	NaN	None	NaN	NaN	NaN	NaN	NaN	NaN	NaN	NaN	0.8526751		NaN	NaN	NaN	NaN
10	D	Asp	unassigned	0.0	NaN	NaN	NaN	NaN	NaN	NaN	NaN	NaN	10Asp	NaN	None	NaN	NaN	NaN	NaN	NaN	NaN	NaN	NaN	0.8391253000000001		NaN	NaN	NaN	NaN
11	A	Ala	unassigned	0.0	NaN	NaN	NaN	NaN	NaN	NaN	NaN	NaN	11Ala	NaN	None	NaN	NaN	NaN	NaN	NaN	NaN	NaN	NaN	0.8310288		NaN	NaN	NaN	NaN
12	S	Ser	unassigned	0.0	NaN	NaN	NaN	NaN	NaN	NaN	NaN	NaN	12Ser	NaN	None	NaN	NaN	NaN	NaN	NaN	NaN	NaN	NaN	0.8191728		NaN	NaN	NaN	NaN
13	Q	Gln	unassigned	0.0	NaN	NaN	NaN	NaN	NaN	NaN	NaN	NaN	13Gln	NaN	None	NaN	NaN	NaN	NaN	NaN	NaN	NaN	NaN	0.8013998999999999		NaN	NaN	NaN	NaN
14	R	Arg	unassigned	0.0	NaN	NaN	NaN	NaN	NaN	NaN	NaN	NaN	14Arg	NaN	None	NaN	NaN	NaN	NaN	NaN	NaN	NaN	NaN	0.7855018		NaN	NaN	NaN	NaN
15	R	Arg	unassigned	0.0	NaN	NaN	NaN	NaN	NaN	NaN	NaN	NaN	15Arg	NaN	None	NaN	NaN	NaN	NaN	NaN	NaN	NaN	NaN	0.7640826999999999		NaN	NaN	NaN	NaN
16	R	Arg	unassigned	0.0	NaN	NaN	NaN	NaN	NaN	NaN	NaN	NaN	16Arg	NaN	None	NaN	NaN	NaN	NaN	NaN	NaN	NaN	NaN	0.735692		NaN	NaN	NaN	NaN
17	S	Ser	unassigned	0.0	NaN	NaN	NaN	NaN	NaN	NaN	NaN	NaN	17Ser	NaN	None	NaN	NaN	NaN	NaN	NaN	NaN	NaN	NaN	0.6986806999999999		NaN	NaN	NaN	NaN
18	L	Leu	unassigned	0.0	NaN	NaN	NaN	NaN	NaN	NaN	NaN	NaN	18Leu	NaN	None	NaN	NaN	NaN	NaN	NaN	NaN	NaN	NaN	0.6667724		NaN	NaN	NaN	NaN
19	E	Glu	unassigned	0.0	NaN	NaN	NaN	NaN	NaN	NaN	NaN	NaN	19Glu	NaN	None	NaN	NaN	NaN	NaN	NaN	NaN	NaN	NaN	0.5680469		NaN	NaN	NaN	NaN
20	P	Pro	unassigned	0.0	NaN	NaN	NaN	NaN	NaN	NaN	NaN	NaN	20Pro	NaN	None	NaN	NaN	NaN	NaN	NaN	NaN	NaN	NaN	0.4796443		NaN	0.0945674023784151	NaN	0.0
21	A	Ala	unassigned	0.0	NaN	NaN	NaN	NaN	NaN	NaN	NaN	NaN	21Ala	NaN	None	NaN	NaN	NaN	NaN	NaN	NaN	NaN	NaN	0.3967248		NaN	0.09171331271113865	NaN	0.0
22	E	Glu	unassigned	0.0	NaN	NaN	NaN	NaN	NaN	NaN	NaN	NaN	22Glu	NaN	None	NaN	NaN	NaN	NaN	NaN	NaN	NaN	NaN	0.3041623		NaN	0.08734576038545916	NaN	0.0
23	N	Asn	measured	1.0	8.30518	118.40375	1447500.0	461200000000.0	393.59961	706.64346	gaussian	peak fit	23Asn	 23AsnN	None	1.0	62.0	0.0	0.0006400000000006401	0.005099999999998772	0.0014232006183246032	0.11914855087375605	51.33953667515276	0.21625279999999997		0.09710424912624392	0.07361660562420119	0	0.0
24	V	Val	measured	1.0	7.874280000000001	120.12366000000002	1728970.0	5710140000.0	71.28915	40.44096	gaussian	peak fit	24Val	 24ValN	None	2.0	63.0	1.0	-0.0006399999999988637	0.00509000000002402	0.0014206924368125528	0.09698113630881933	0.6318057139948726	0.1336153		0.036634163691180666	0.04372056875688162	0	0.0
25	H	His	measured	1.0	8.19015	122.27387	5627270.0	186064000000.0	84.67142	340.88917999999995	gaussian	peak fit	25His	 25HisN	None	3.0	64.0	2.0	0.00038999999999944635	0.0062500000000085265	0.0016764322235053957	0.3175015233925388	6.21302684039349	0.12118119999999999		0	0.017410592136785728	0	0.0
26	G	Gly	measured	1.0	8.14057	109.70978999999998	799936.0	196093000000.0	176.62871	1211.51933	gaussian	peak fit	26Gly	 26GlyN	None	4.0	65.0	3.0	-0.00038999999999944635	0.003129999999970323	0.0010274920924178475	0.070672591859633	26.053434698674163	0.08150171		0.010829118140367008	0.008152299408065654	0	0.0
27	C	Cys	unassigned	0.0	NaN	NaN	NaN	NaN	NaN	NaN	NaN	NaN	27Cys	NaN	None	NaN	NaN	NaN	NaN	NaN	NaN	NaN	NaN	0.01698324	*	NaN	0.005535776376645484	NaN	0.0
28	G	Gly	measured	1.0	8.46267	110.96786999999999	265898.0	19533200000.0	1008.34736	63.59644	gaussian	peak fit	28Gly	 28GlyN	None	5.0	66.0	4.0	-0.00032999999999994145	0.002659999999977458	0.0008729318415477743	0.022609028374161403	2.8153285597334166	0.02453162		0.0019225916258385975	0.004330768636649936	0	0.0
29	G	Gly	measured	1.0	8.145439999999999	108.75933	1939280.0	213899000000.0	585.1657700000001	164.54147	gaussian	peak fit	29Gly	 29GlyN	None	6.0	67.0	5.0	-0.0006200000000013972	0.0024499999999960664	0.0008901966074968714	0.11720395015169646	18.910539204851872	0.06691475		0	0.010374741043088767	0	0.0
30	G	Gly	unassigned	0.0	NaN	NaN	NaN	NaN	NaN	NaN	NaN	NaN	30Gly	NaN	None	NaN	NaN	NaN	NaN	NaN	NaN	NaN	NaN	0.11945850000000001		NaN	0.025601355741528022	NaN	0.0
31	A	Ala	measured	1.0	7.88052	123.16322	1441400.0	57159000000.0	460.67796	75.14276	gaussian	peak fit	31Ala	 31AlaN	None	7.0	68.0	6.0	-0.00041000000000046555	0.006500000000002615	0.0017440040137575862	0.10237434036236567	6.76256200996892	0.1645685		0.06219415963763433	0.0334521682808284	0	0.0
32	F	Phe	measured	1.0	7.99763	120.0851	2857250.0	182411000000.0	314.85782	176.99983	gaussian	peak fit	32Phe	 32PheN	None	8.0	69.0	7.0	0.0	0.003249999999994202	0.000859869176094458	0.2098034320456431	14.981069472162678	0.210272		0.00046856795435687437	0.02948512324592422	0	0.0
33	P	Pro	unassigned	0.0	NaN	NaN	NaN	NaN	NaN	NaN	NaN	NaN	33Pro	NaN	None	NaN	NaN	NaN	NaN	NaN	NaN	NaN	NaN	0.2599051		NaN	0.0365574076090612	NaN	0.0
34	A	Ala	measured	1.0	8.35007	124.85122	4573740.0	6348650000.0	46.37802	26.12655	gaussian	peak fit	34Ala	 34AlaN	None	9.0	9.0	8.0	0.0	0.014539999999996667	0.003846922406287033	0.2736472418331937	0.6316876113150851	0.34771540000000006		0.07406815816680634	0.04466371557190797	0	0.0
35	S	Ser	measured	1.0	8.14687	115.13378999999999	9435610.0	9993050000.0	41.03414	22.53032	gaussian	peak fit	35Ser	 35SerN	None	10.0	48.0	9.0	0.000700000000000145	0.011629999999982488	0.003116565898544677	0.5232993178414952	0.8110122791497927	0.4489501		0	0.05205887386226268	0	0.0
36	Q	Gln	measured	0.5	8.20979	122.11769	7147130.0	145551000000.0	95.73796	185.68778	gaussian	peak fit	36Gln	 36GlnN	None	11.0	70.0	10.0	-0.0004299999999997084	0.0034500000000008413	0.000962094070244839	0.4252649304129999	1.22226514279956	0.5237695		0.0985045695870001	0.0871342501066911	0	0.0
37	T	Thr	measured	1.0	8.09708	118.54358	5977640.0	35179800000.0	62.52178000000001	82.17071	gaussian	peak fit	37Thr	 37ThrN	None	12.0	40.0	11.0	0.0	0.007510000000010564	0.0019869592346123026	0.45078541533124694	2.0239795184535283	0.5919984		0.1412129846687531	0.13308598043051736	0	0.0
38	P	Pro	unassigned	0.0	NaN	NaN	NaN	NaN	NaN	NaN	NaN	NaN	38Pro	NaN	None	NaN	NaN	NaN	NaN	NaN	NaN	NaN	NaN	0.6340307		NaN	0.18064602356948145	NaN	1.0689667459860948e-06
39	S	Ser	unassigned	0.0	NaN	NaN	NaN	NaN	NaN	NaN	NaN	NaN	39Ser	NaN	None	NaN	NaN	NaN	NaN	NaN	NaN	NaN	NaN	0.6723228		NaN	0.2412938775369641	NaN	1.3022680927168446e-05
40	K	Lys	measured	1.0	8.17175	124.22507	7656370.0	101681000000.0	68.36333	169.58095	gaussian	peak fit	40Lys	 40LysN	None	13.0	71.0	12.0	0.0	0.002200000000001978	0.0005820652884347333	0.4392991978701674	4.230169196783306	0.7217585		0.28245930212983256	0.31400500753413546	0	5.836360677779079e-05
41	P	Pro	unassigned	0.0	NaN	NaN	NaN	NaN	NaN	NaN	NaN	NaN	41Pro	NaN	None	NaN	NaN	NaN	NaN	NaN	NaN	NaN	NaN	0.748808		NaN	0.40443864035138466	NaN	0.00022704418115805793
42	A	Ala	measured	1.0	8.25731	124.47277	3914890.0	86713200000.0	120.07453000000001	161.02708	gaussian	peak fit	42Ala	 42AlaN	None	14.0	72.0	13.0	0.0	0.004400000000003956	0.0011641305768694667	0.2763347732791236	4.63444250852458	0.7741650999999999		0.49783032672087635	0.48770502094321044	0	0.0016520635936429742
43	S	Ser	measured	1.0	8.10502	114.65913	1876690.0	11714100000.0	74.08679000000001	73.54609	gaussian	peak fit	43Ser	 43SerN	None	15.0	73.0	14.0	-0.00027000000000043656	0.002200000000001978	0.0006125765258322647	0.16983005140085428	1.2300695570359295	0.8031362		0.6333061485991457	0.4856653785361434	0	0.007155490493458778
44	A	Ala	measured	1.0	8.1177	126.01283000000001	7235340.0	8568970000.0	45.07124	22.93794	gaussian	peak fit	44Ala	 44AlaN	None	16.0	5.0	15.0	0.0023999999999997357	0.02266000000001611	0.006230833973076997	0.47124713422259273	0.7914810880709371	0.820991		0.3497438657774073	0.347934644526533	0.029509911929062937	0.011777007574557864
45	D	Asp	measured	1.0	8.15912	121.88391999999999	18169100.0	42449500000.0	65.70336	31.04099	gaussian	peak fit	45Asp	 45AspN	None	17.0	21.0	16.0	0.001209999999998601	0.02263999999998134	0.006050778627576716	0.7724596213612459	0.8601513235747054	0.8331076		0.06064797863875404	0.20277277143341232	0	0.007142467812531609
46	G	Gly	measured	1.0	8.041319999999999	108.88853	14496100.0	18607700000.0	42.12149	26.60244	gaussian	peak fit	46Gly	 46GlyN	None	18.0	56.0	17.0	-0.0009000000000014552	0.004440000000016653	0.0015415446798637065	0.6426858194232006	0.9335872041100977	0.8488201		0.2061342805767994	0.1614070775843291	0	0.0015936999868651834
47	H	His	measured	1.0	8.04884	119.2636	12857700.0	18388800000.0	47.88903	26.06994	gaussian	peak fit	47His	 47HisN	None	19.0	35.0	18.0	0.0004399999999993298	0.0020199999999874763	0.0006184076325500546	0.7327535604173909	1.1271791099668995	0.8576843000000001		0.12493073958260914	0.17685537448108576	0	0.0001308188612287361
48	R	Arg	measured	0.5	8.18554	122.73491999999999	17763700.0	28844300000.0	50.05919	28.31565	gaussian	peak fit	48Arg	 48ArgN	None	20.0	76.0	19.0	0.0	0.004219999999989454	0.0011165070532664673	0.668944974166629	0.957871875508503	0.8657841000000001		0.19683912583337104	0.24275200683231699	0	0.0
49	G	Gly	measured	1.0	8.04917	109.99408000000001	6751020.0	9854740000.0	47.54988	26.79852	gaussian	peak fit	49Gly	 49GlyN	None	21.0	55.0	20.0	0.0038000000000000256	0.009850000000000136	0.004113666248008019	0.44812612014603387	0.8993356330650313	0.8781581		0.4300319798539662	0.3198364285654699	0	0.0
50	P	Pro	unassigned	0.0	NaN	NaN	NaN	NaN	NaN	NaN	NaN	NaN	50Pro	NaN	None	NaN	NaN	NaN	NaN	NaN	NaN	NaN	NaN	0.8732565000000001		NaN	0.31979703028711876	NaN	0.0
51	S	Ser	measured	1.0	8.29681	116.37754	11873000.0	13695800000.0	46.535779999999995	21.63852	gaussian	peak fit	51Ser	 51SerN	None	22.0	47.0	21.0	0.0028100000000002012	0.025279999999980873	0.006977358955932601	0.6115563705290918	0.8853020646145493	0.8845360999999999		0.2729797294709081	0.26971164486022825	0	0.0
52	A	Ala	measured	1.0	8.29668	126.31948999999999	14786200.0	23370400000.0	47.624629999999996	28.970990000000004	gaussian	peak fit	52Ala	 52AlaN	None	23.0	3.0	22.0	-0.001020000000000465	0.023129999999980555	0.006161978821769636	0.7090172384856985	1.121813303124415	0.8859135		0.1768962615143015	0.23729530872059162	0	0.0
53	A	Ala	measured	1.0	7.94556	122.72778000000001	9899100.0	21897100000.0	61.07836999999999	31.614559999999997	gaussian	peak fit	53Ala	 53AlaN	None	24.0	17.0	23.0	0.004860000000000753	0.0339400000000154	0.009614803794153932	0.6006042992616143	1.3774100004403262	0.891603		0.29099870073838574	0.2406787425871649	0	0.0005333519248589669
54	F	Phe	measured	1.0	8.00619	118.90965	19930200.0	19580200000.0	41.77603	20.52877	gaussian	peak fit	54Phe	 54PheN	None	25.0	39.0	24.0	-0.0002200000000005531	-0.0020999999999986585	0.00057697486946983	0.728538842830197	1.0292475740914013	0.8974873		0.168948457169803	0.2726252190746707	0	0.007821811616573037
55	A	Ala	measured	1.0	7.888780000000001	127.37448	4987700.0	8280230000.0	50.14597	28.899490000000004	gaussian	peak fit	55Ala	 55AlaN	None	26.0	1.0	25.0	0.0011499999999999844	0.017569999999992092	0.0047191729148210425	0.4756124307469319	0.9149384975094033	0.9042691999999999		0.428656769253068	0.33179674586590246	0	0.04525275711281811
56	P	Pro	unassigned	0.0	NaN	NaN	NaN	NaN	NaN	NaN	NaN	NaN	56Pro	NaN	None	NaN	NaN	NaN	NaN	NaN	NaN	NaN	NaN	0.9016450999999999		NaN	0.3471007789534751	NaN	0.12031268413401378
57	A	Ala	measured	1.0	8.2048	124.34407	9305670.0	17532000000.0	55.66469	29.545379999999998	gaussian	peak fit	57Ala	 57AlaN	None	27.0	10.0	26.0	0.0011700000000001154	0.018639999999990664	0.005000592164931647	0.5678032082690113	0.6107625474218867	0.9094859000000001		0.34168269173098875	0.30547077746626644	0.29872335257811333	0.14832566579893117
58	A	Ala	measured	1.0	8.11935	123.70393999999999	16721200.0	33579400000.0	72.24286	24.26578	gaussian	peak fit	58Ala	 58AlaN	None	28.0	11.0	27.0	0.004010000000000957	0.013800000000003365	0.004622861667842803	0.7099935459764258	1.0921266603353845	0.9098591999999999		0.19986565402357404	0.2533275625054366	0	0.07879943048812205
59	A	Ala	measured	1.0	8.05844	123.48023	13948700.0	56899800000.0	118.05426999999999	30.16341	gaussian	peak fit	59Ala	 59AlaN	None	29.0	12.0	28.0	0.0	0.003380000000007044	0.0008942639431416953	0.7021145937674601	1.178574313617863	0.9123594		0.21024480623253994	0.2498816675234011	0	0.016666080623760925
60	E	Glu	measured	1.0	7.8473	119.15856000000001	9748590.0	17576200000.0	46.0513	34.17638	gaussian	peak fit	60Glu	 60GluN	None	30.0	36.0	29.0	0.0007999999999999119	0.001790000000013947	0.0007377580904357638	0.5849809178628006	0.9674315688659669	0.9195819		0.33460098213719935	0.28138500904835834	0	0.0013242550130490994
61	P	Pro	unassigned	0.0	NaN	NaN	NaN	NaN	NaN	NaN	NaN	NaN	61Pro	NaN	None	NaN	NaN	NaN	NaN	NaN	NaN	NaN	NaN	0.9211966		NaN	0.2861935934369139	NaN	0.0
62	K	Lys	measured	0.5	8.20376	121.62357	12345200.0	90570000000.0	66.9853	95.60703000000001	gaussian	peak fit	62Lys	 62LysN	None	31.0	75.0	30.0	0.00017000000000066962	0.001069999999998572	0.0003075597502923618	0.6611681787508435	1.0744817408099008	0.926356		0.2651878212491564	0.27241659865199186	0	0.0005641247107652765
63	L	Leu	measured	1.0	8.02027	123.38406	13715600.0	32160400000.0	65.82808	31.094240000000003	gaussian	peak fit	63Leu	 63LeuN	None	32.0	14.0	31.0	-0.00013000000000040757	0.0009900000000158116	0.0002775914263846138	0.6885479628104982	1.0300623282450083	0.9313009		0.24275293718950175	0.28053321437091505	0	0.007636096027309484
64	F	Phe	measured	1.0	8.17184	121.23293000000001	13803900.0	40575700000.0	55.0345	46.62437	gaussian	peak fit	64Phe	 64PheN	None	33.0	23.0	32.0	-0.00039999999999906777	0.0007900000000233831	0.00035169162628958525	0.6001408628282995	1.3782272719552997	0.9310459999999999		0.33090513717170045	0.32203699607398373	0	0.041031293754226456
65	G	Gly	measured	1.0	8.17445	111.18632	7601480.0	9072370000.0	42.1044	24.744529999999997	gaussian	peak fit	65Gly	 65GlyN	None	34.0	53.0	33.0	-0.0002699999999986602	0.0010800000000017462	0.00039126717214713454	0.5506124370721813	0.8059457394641462	0.9332001		0.38258766292781865	0.36126397446335884	0.12725436053585382	0.1042295502821041
66	G	Gly	measured	1.0	7.52423	107.76383	9489570.0	8796760000.0	40.39291	20.03343	gaussian	peak fit	66Gly	 66GlyN	None	35.0	61.0	34.0	-0.0006099999999991113	0.008380000000002497	0.0026848631250035154	0.5309444413360935	0.761400107327713	0.9336631		0.40271865866390644	0.3553266004229383	0.17226299267228695	0.15568722662594467
67	F	Phe	measured	1.0	7.9633199999999995	119.84495	12698300.0	11985800000.0	40.667120000000004	20.26101	gaussian	peak fit	67Phe	 67PheN	None	36.0	30.0	35.0	0.0003500000000000725	0.004210000000000491	0.0011410245396135505	0.6446721124214994	0.7274084503623145	0.9367373		0.29206518757850064	0.2964667077617302	0.2093288496376855	0.15666006842647862
68	N	Asn	unassigned	0.0	NaN	NaN	NaN	NaN	NaN	NaN	NaN	NaN	68Asn	NaN	None	NaN	NaN	NaN	NaN	NaN	NaN	NaN	NaN	0.9357889000000001		NaN	0.21818048599299283	NaN	0.10102669881537826
69	S	Ser	measured	1.0	8.174	117.06062	16545900.0	27956800000.0	42.325309999999995	34.84815	gaussian	peak fit	69Ser	 69SerN	None	37.0	46.0	36.0	0.0012499999999988631	0.008159999999989509	0.002332861333210055	0.8131822225280261	1.3297944195515474	0.9412386		0.12805637747197396	0.1501474870502547	0	0.03662957797949734
70	S	Ser	measured	1.0	8.19208	117.36521	21478100.0	20888700000.0	39.50523	21.49042	gaussian	peak fit	70Ser	 70SerN	None	38.0	44.0	37.0	-0.00032999999999994145	0.0	0.0002333452377915193	0.8437707474788744	1.0192941107581501	0.9435841		0.09981335252112566	0.1052424774254361	0	0.006408265039500325
71	D	Asp	unassigned	0.0	NaN	NaN	NaN	NaN	NaN	NaN	NaN	NaN	71Asp	NaN	None	NaN	NaN	NaN	NaN	NaN	NaN	NaN	NaN	0.9429615		NaN	0.07878777722468155	NaN	0.00044985043146876736
72	T	Thr	measured	1.0	7.86527	114.39402	26141700.0	17192100000.0	35.12982	16.341929999999998	gaussian	peak fit	72Thr	 72ThrN	None	39.0	50.0	38.0	-0.0003500000000000725	0.0003200000000020964	0.0002615683467090758	0.9113718845763651	1.0124911660777385	0.9451844000000001		0.03381251542363506	0.07620904960585381	0	0.0
73	V	Val	measured	1.0	7.99516	123.00596999999999	17021100.0	20973100000.0	42.69478	25.19332	gaussian	peak fit	73Val	 73ValN	None	40.0	15.0	39.0	0.00047999999999959186	0.006459999999975707	0.0017425303440622875	0.8177991957065914	1.0356063598656924	0.9444872		0.12668800429340854	0.10239153141471795	0	2.4980767483164018e-05
74	T	Thr	measured	1.0	8.07627	118.12728999999999	17263000.0	15978500000.0	39.440529999999995	20.48624	gaussian	peak fit	74Thr	 74ThrN	None	41.0	41.0	40.0	-0.0002300000000001745	0.002719999999996503	0.0007377926537982799	0.8292661837326826	1.0128423734937468	0.94801		0.11874381626731745	0.13457027798608523	0	0.0003043280489973834
75	S	Ser	measured	1.0	8.12646	119.73352	15653100.0	18596500000.0	46.60535	22.2525	gaussian	peak fit	75Ser	 75SerN	None	42.0	31.0	41.0	0.0011100000000006105	0.004649999999998045	0.0014593234733942316	0.7791682222056298	1.0328060958135712	0.9513940999999999		0.17222587779437015	0.17113949733825107	0	0.0015596753777144226
76	P	Pro	unassigned	0.0	NaN	NaN	NaN	NaN	NaN	NaN	NaN	NaN	76Pro	NaN	None	NaN	NaN	NaN	NaN	NaN	NaN	NaN	NaN	0.9518838		NaN	0.21374523867410786	NaN	0.005635122041458636
77	Q	Gln	measured	1.0	8.25793	120.45185	10884400.0	24244400000.0	60.404540000000004	32.190020000000004	gaussian	peak fit	77Gln	 77GlnN	None	43.0	26.0	42.0	-0.00027000000000043656	0.015910000000005198	0.004213717717172295	0.7043870491771451	1.3415820490828099	0.9573798000000001		0.252992750822855	0.26996665364317957	0	0.024388797600904025
78	R	Arg	measured	1.0	8.16491	122.8035	17898100.0	26274400000.0	48.1136	26.634390000000003	gaussian	peak fit	78Arg	 78ArgN	None	44.0	16.0	43.0	0.0029700000000012494	0.008380000000002497	0.0030538758979380028	0.6681935951138289	0.9135712323670641	0.9577331		0.2895395048861711	0.37183287023746103	0.04416186763293595	0.07471627489047757
79	A	Ala	measured	1.0	8.20402	125.63848999999999	9536690.0	14095600000.0	45.81047	28.164759999999998	gaussian	peak fit	79Ala	 79AlaN	None	45.0	6.0	44.0	0.0005399999999990968	0.018539999999987344	0.004920062194725456	0.3008761247334082	0.7338056838236442	0.9597084000000001		0.6588322752665919	0.4644679620462072	0.22590271617635593	0.11457638765096312
80	G	Gly	measured	1.0	8.05097	108.54346000000001	14838800.0	31901300000.0	50.790459999999996	36.9499	gaussian	peak fit	80Gly	 80GlyN	None	46.0	57.0	45.0	0.0005500000000004945	-0.002959999999987417	0.0010136123519338264	0.5594290647655599	0.9321732778143035	0.9628777000000001		0.4034486352344402	0.43189794980823326	0.030704422185696578	0.10330992660673974
81	P	Pro	unassigned	0.0	NaN	NaN	NaN	NaN	NaN	NaN	NaN	NaN	81Pro	NaN	None	NaN	NaN	NaN	NaN	NaN	NaN	NaN	NaN	0.9602525		NaN	0.3388093818650035	NaN	0.10247787893407137
82	L	Leu	measured	0.5	8.185080000000001	121.79271999999999	16208300.0	86524300000.0	76.1256	61.21455	gaussian	peak fit	82Leu	 82LeuN	None	47.0	74.0	46.0	-0.00015999999999927184	0.0025199999999898637	0.0006762603049095129	0.7536115308613275	0.7929134363373105	0.9621271999999998		0.20851566913867237	0.2851429066190307	0.16921376366268936	0.1005314500505144
83	A	Ala	measured	1.0	8.08093	125.00368	6968160.0	9007750000.0	45.01312	25.06939	gaussian	peak fit	83Ala	 83AlaN	None	48.0	8.0	47.0	0.0020699999999997942	0.015169999999997685	0.004272174270789367	0.6445256352150065	0.9520123020989664	0.9641579		0.3196322647849935	0.2889703089374754	0.012145597901033645	0.07044089916875838
84	G	Gly	measured	1.0	8.15436	108.04744	9772430.0	12414700000.0	47.000370000000004	23.59476	gaussian	peak fit	84Gly	 84GlyN	None	49.0	60.0	48.0	0.0017499999999994742	0.019129999999989877	0.006174701612220655	0.6576553719842525	0.93260866299073	0.9652948		0.3076394280157475	0.2972473701043286	0.03268613700927003	0.08242582884954576
85	G	Gly	measured	1.0	8.00694	108.41915	15026800.0	27718400000.0	66.12272	24.35203	gaussian	peak fit	85Gly	 85GlyN	None	50.0	77.0	49.0	0.000280000000000058	-0.0011100000000112686	0.00040300124069600317	0.6841247439107672	0.7756739966307165	0.9648744		0.28074965608923286	0.2890376162875623	0.18920040336928357	0.1416677308338454
