Res#,1-letter,3-letter,Peak Status,fit,ymax,yhalf,kd,n_hill
31,P,Pro,unassigned,,,,,
32,V,Val,measured,OK,-0.018,-0.009,674.470,1.955
33,T,Thr,unassigned,,,,,
34,S,Ser,unassigned,,,,,
35,F,Phe,measured,OK,0.015,0.007,19.063,0.895
36,D,Asp,measured,OK,0.009,0.004,490.366,2.014
37,C,Cys,measured,OK,-0.028,-0.014,468.609,2.253
38,A,Ala,measured,No Data,,,,
39,V,Val,measured,No Data,,,,
40,C,Cys,measured,OK,-0.130,-0.065,625.544,2.340
41,L,Leu,measured,OK,-0.028,-0.014,126.086,2.436
42,E,Glu,measured,OK,0.061,0.031,481.697,2.442
43,V,Val,measured,OK,0.041,0.020,462.663,1.974
44,L,Leu,measured,Failed,,,,
45,H,His,measured,OK,0.068,0.034,515.279,2.021
46,Q,Gln,measured,OK,0.029,0.015,841.162,2.137
47,P,Pro,unassigned,,,,,
48,V,Val,unassigned,,,,,
49,R,Arg,unassigned,,,,,
50,T,Thr,unassigned,,,,,
51,R,Arg,unassigned,,,,,
52,C,Cys,measured,OK,0.002,0.001,570.091,0.000
53,G,Gly,measured,OK,-7726.673,-3863.337,1305599562.850,1.026
54,H,His,measured,OK,0.059,0.030,506.020,2.157
55,V,Val,measured,OK,0.074,0.037,405.493,2.694
56,F,Phe,measured,OK,-0.091,-0.046,437.735,4.139
57,C,Cys,unassigned,,,,,
58,R,Arg,unassigned,,,,,
59,S,Ser,unassigned,,,,,
60,C,Cys,unassigned,,,,,
61,I,Ile,unassigned,,,,,
62,A,Ala,unassigned,,,,,
63,T,Thr,unassigned,,,,,
64,S,Ser,unassigned,,,,,
65,L,Leu,unassigned,,,,,
66,K,Lys,unassigned,,,,,
67,N,Asn,unassigned,,,,,
68,N,Asn,unassigned,,,,,
69,K,Lys,unassigned,,,,,
70,W,Trp,unassigned,,,,,
71,T,Thr,unassigned,,,,,
72,C,Cys,unassigned,,,,,
73,P,Pro,unassigned,,,,,
74,Y,Tyr,unassigned,,,,,
75,C,Cys,unassigned,,,,,
76,R,Arg,unassigned,,,,,
77,A,Ala,unassigned,,,,,
78,Y,Tyr,unassigned,,,,,
79,L,Leu,unassigned,,,,,
80,P,Pro,unassigned,,,,,
81,S,Ser,measured,OK,-0.118,-0.059,608.943,1.958
82,E,Glu,unassigned,,,,,
83,G,Gly,unassigned,,,,,
84,V,Val,unassigned,,,,,
85,P,Pro,unassigned,,,,,
86,A,Ala,measured,OK,0.036,0.018,481.530,2.370
87,T,Thr,measured,OK,0.001,0.001,780.014,0.000
88,D,Asp,unassigned,,,,,
89,V,Val,measured,OK,0.000,0.000,870.265,0.000
90,A,Ala,measured,OK,-0.040,-0.020,338.160,2.032
91,K,Lys,measured,OK,-0.036,-0.018,645.558,1.618
92,R,Arg,measured,OK,0.062,0.031,497.851,2.170
93,M,Met,measured,OK,-0.066,-0.033,506.880,3.318
94,K,Lys,measured,OK,-0.048,-0.024,573.684,1.907
95,S,Ser,measured,OK,0.044,0.022,486.199,1.762
96,E,Glu,measured,OK,-0.077,-0.039,550.299,2.227
97,Y,Tyr,measured,OK,0.048,0.024,458.102,2.810
98,K,Lys,measured,OK,-0.063,-0.031,515.247,2.094
99,N,Asn,measured,OK,-0.034,-0.017,648.142,2.170
100,C,Cys,measured,OK,0.022,0.011,509.532,3.241
101,A,Ala,measured,OK,-0.033,-0.016,793.909,1.441
102,E,Glu,measured,OK,0.019,0.009,400.561,2.807
103,C,Cys,measured,Failed,,,,
104,D,Asp,measured,OK,-0.056,-0.028,558.636,3.548
105,T,Thr,measured,OK,0.074,0.037,419.268,2.559
106,L,Leu,measured,OK,0.039,0.020,540.988,2.414
107,V,Val,measured,OK,-0.024,-0.012,570.574,1.635
108,C,Cys,measured,OK,-0.027,-0.013,505.245,2.097
109,L,Leu,measured,OK,0.090,0.045,574.763,2.359
110,S,Ser,measured,OK,-0.015,-0.007,727.440,2.110
111,E,Glu,measured,OK,-0.005,-0.002,2392.347,18.294
112,M,Met,measured,OK,0.035,0.017,560.464,1.898
113,R,Arg,measured,OK,-0.098,-0.049,528.607,1.708
114,A,Ala,measured,OK,-0.048,-0.024,558.634,2.029
115,H,His,measured,OK,-0.067,-0.034,441.359,2.191
116,I,Ile,measured,OK,0.016,0.008,258.231,26.712
117,R,Arg,measured,OK,-0.021,-0.010,695.602,1.365
118,T,Thr,measured,Failed,,,,
119,C,Cys,measured,OK,-0.139,-0.069,569.130,1.869
120,Q,Gln,unassigned,,,,,
121,K,Lys,measured,OK,0.058,0.029,498.799,2.901
122,Y,Tyr,measured,OK,0.116,0.058,414.495,2.697
123,I,Ile,measured,OK,0.070,0.035,232.933,1.341
124,D,Asp,measured,OK,0.118,0.059,437.397,2.319
125,K,Lys,measured,OK,-0.098,-0.049,449.700,1.720
126,Y,Tyr,measured,OK,0.003,0.002,348.097,0.000
127,G,Gly,measured,OK,0.112,0.056,423.142,2.306
128,P,Pro,unassigned,,,,,
