Res#	1-letter	3-letter	Peak Status	Merit	Position F1	Position F2	Height	Volume	Line Width F1 (Hz)	Line Width F2 (Hz)	Fit Method	Vol. Method	Assign F1	Assign F2	Details	Number	#	index	H1_delta	N15_delta	CSP	Height_ratio	Vol_ratio
1	M	Met	unassigned	0.0	NaN	NaN	NaN	NaN	NaN	NaN	NaN	NaN	1Met	NaN	None	NaN	NaN	NaN	NaN	NaN	NaN	NaN	NaN
2	A	Ala	measured	1.0	8.32357	108.8076	23608200.0	18336800000.0	37.62672	18.21794	gaussian	peak fit	2Ala	 2GlyN	None	2.0	71.0	1.0	0.0	0.0	0.0	1.0	1.0
3	S	Ser	measured	1.0	8.062610000000001	115.39125	27426200.0	20884600000.0	37.29051	18.02176	gaussian	peak fit	3Ser	 3SerN	None	3.0	59.0	2.0	0.0	0.0	0.0	1.0	1.0
4	N	Asn	unassigned	0.0	NaN	NaN	NaN	NaN	NaN	NaN	NaN	NaN	4Asn	NaN	None	NaN	NaN	NaN	NaN	NaN	NaN	NaN	NaN
5	K	Lys	measured	1.0	8.30981	121.08786	18780000.0	17421800000.0	42.67488	19.18495	gaussian	peak fit	5Lys	 5LysN	None	4.0	33.0	3.0	0.0	0.0	0.0	1.0	1.0
6	S	Ser	measured	1.0	8.11668	117.0653	27853300.0	30994600000.0	53.285790000000006	18.43035	gaussian	peak fit	6Ser	 6SerN	None	5.0	55.0	4.0	0.0	0.0	0.0	1.0	1.0
7	K	Lys	measured	1.0	8.18085	124.47413	24122400.0	28265400000.0	45.846470000000004	22.55619	gaussian	peak fit	7Lys	 7LysN	None	6.0	10.0	5.0	0.0	0.0	0.0	1.0	1.0
8	P	Pro	unassigned	0.0	NaN	NaN	NaN	NaN	NaN	NaN	NaN	NaN	8Pro	NaN	None	NaN	NaN	NaN	NaN	NaN	NaN	NaN	NaN
9	K	Lys	measured	1.0	8.35477	121.93528	17229800.0	15646600000.0	41.717620000000004	19.21119	gaussian	peak fit	9Lys	 9LysN	None	7.0	26.0	6.0	0.0	0.0	0.0	1.0	1.0
10	D	Asp	measured	1.0	8.14847	121.5145	31280000.0	73131100000.0	46.73992	44.14517	gaussian	peak fit	10Asp	 10AspN	None	8.0	30.0	7.0	0.0	0.0	0.0	1.0	1.0
11	A	Ala	measured	1.0	8.29321	125.33868000000001	20433200.0	21612400000.0	38.62712	24.16619	gaussian	peak fit	11Ala	 11AlaN	None	9.0	7.0	8.0	0.0	0.0	0.0	1.0	1.0
12	S	Ser	measured	1.0	8.1963	114.87311000000001	19814600.0	22452500000.0	43.58262	22.9457	gaussian	peak fit	12Ser	 12SerN	None	10.0	62.0	9.0	0.0	0.0	0.0	1.0	1.0
13	Q	Gln	measured	1.0	8.02406	121.58871	17946600.0	20878000000.0	38.55064	26.632409999999997	gaussian	peak fit	13Gln	 13GlnN	None	11.0	29.0	10.0	0.0	0.0	0.0	1.0	1.0
14	R	Arg	measured	1.0	8.02422	121.95558999999999	40143300.0	27238200000.0	35.2034	17.01044	gaussian	peak fit	14Arg	 14ArgN	None	12.0	25.0	11.0	0.0	0.0	0.0	1.0	1.0
15	R	Arg	measured	1.0	8.26993	122.91713	8443440.0	17990900000.0	61.859930000000006	30.399009999999997	gaussian	peak fit	15Arg	 15ArgN	None	13.0	20.0	12.0	0.0	0.0	0.0	1.0	1.0
16	R	Arg	measured	0.5	8.19154	122.74857	30130200.0	34516900000.0	46.843109999999996	21.5834	gaussian	peak fit	16Arg	 16ArgN	None	14.0	82.0	13.0	0.0	0.0	0.0	1.0	1.0
17	S	Ser	measured	1.0	8.19876	117.15115	26068900.0	144706000000.0	48.964059999999996	100.05068	gaussian	peak fit	17Ser	 17SerN	None	15.0	83.0	14.0	0.0	0.0	0.0	1.0	1.0
18	L	Leu	unassigned	0.0	NaN	NaN	NaN	NaN	NaN	NaN	NaN	NaN	18Leu	NaN	None	NaN	NaN	NaN	NaN	NaN	NaN	NaN	NaN
19	E	Glu	measured	1.0	8.11242	122.9779	11795100.0	28523100000.0	84.24991	25.3314	gaussian	peak fit	19Glu	 19GluN	None	16.0	19.0	15.0	0.0	0.0	0.0	1.0	1.0
20	P	Pro	unassigned	0.0	NaN	NaN	NaN	NaN	NaN	NaN	NaN	NaN	20Pro	NaN	None	NaN	NaN	NaN	NaN	NaN	NaN	NaN	NaN
21	A	Ala	measured	1.0	8.27225	124.06828999999999	9885180.0	11889000000.0	45.06263	23.55476	gaussian	peak fit	21Ala	 21AlaN	None	17.0	13.0	16.0	0.0	0.0	0.0	1.0	1.0
22	E	Glu	measured	1.0	8.17932	119.29163999999999	13017300.0	23973000000.0	45.16729	35.984159999999996	gaussian	peak fit	22Glu	 22GluN	None	18.0	43.0	17.0	0.0	0.0	0.0	1.0	1.0
23	N	Asn	measured	1.0	8.217989999999999	119.82638999999999	13822500.0	14752900000.0	50.89915	18.50615	gaussian	peak fit	23Asn	 23AsnN	None	19.0	41.0	18.0	0.0	0.0	0.0	1.0	1.0
24	V	Val	measured	1.0	7.854589999999999	120.0808	9603280.0	5119070000.0	34.03	13.824370000000002	gaussian	peak fit	24Val	 24ValN	None	20.0	38.0	19.0	0.0	0.0	0.0	1.0	1.0
25	H	His	measured	0.0	8.18328	122.03591000000002	17906200.0	464980000000.0	100.99094000000001	226.92637000000002	gaussian	peak fit	25His	 25HisN	None	21.0	84.0	20.0	0.0	0.0	0.0	1.0	1.0
26	G	Gly	measured	0.5	8.15957	109.66865	9903620.0	7635640000.0	39.16401	17.374010000000002	gaussian	peak fit	26Gly	 26GlyN	None	22.0	69.0	21.0	0.0	0.0	0.0	1.0	1.0
27	C	Cys	measured	0.5	8.31683	118.37973999999998	11890300.0	9295220000.0	38.4259	17.95465	gaussian	peak fit	27Cys	 27CysN	None	23.0	85.0	22.0	0.0	0.0	0.0	1.0	1.0
28	G	Gly	measured	0.5	8.47452	110.93821000000001	11887400.0	6984820000.0	33.96914	15.26576	gaussian	peak fit	28Gly	 28GlyN	None	24.0	67.0	23.0	0.0	0.0	0.0	1.0	1.0
29	G	Gly	measured	0.5	8.16046	108.75866	16879400.0	12556800000.0	41.22014	15.927529999999999	gaussian	peak fit	29Gly	 29GlyN	None	25.0	72.0	24.0	0.0	0.0	0.0	1.0	1.0
30	G	Gly	measured	1.0	8.074869999999999	108.60128999999999	21379400.0	26290800000.0	51.42862	21.102729999999998	gaussian	peak fit	30Gly	 30GlyN	None	26.0	73.0	25.0	0.0	0.0	0.0	1.0	1.0
31	A	Ala	measured	1.0	7.89503	123.14737	11465200.0	6581150000.0	33.96472	14.91518	gaussian	peak fit	31Ala	 31AlaN	None	27.0	17.0	26.0	0.0	0.0	0.0	1.0	1.0
32	F	Phe	measured	1.0	8.008569999999999	120.05453	11596900.0	12221700000.0	44.349270000000004	20.97202	gaussian	peak fit	32Phe	 32PheN	None	28.0	39.0	27.0	0.0	0.0	0.0	1.0	1.0
33	P	Pro	unassigned	0.0	NaN	NaN	NaN	NaN	NaN	NaN	NaN	NaN	33Pro	NaN	None	NaN	NaN	NaN	NaN	NaN	NaN	NaN	NaN
34	A	Ala	measured	1.0	8.360289999999999	124.82851000000001	15403100.0	9118510000.0	34.634479999999996	15.08487	gaussian	peak fit	34Ala	 34AlaN	None	29.0	9.0	28.0	0.0	0.0	0.0	1.0	1.0
35	S	Ser	measured	1.0	8.16113	115.1208	22256600.0	20626300000.0	42.550709999999995	19.22166	gaussian	peak fit	35Ser	 35SerN	None	30.0	60.0	29.0	0.0	0.0	0.0	1.0	1.0
36	Q	Gln	measured	1.0	8.214260000000001	122.11555	22005200.0	37660100000.0	59.183780000000006	25.52051	gaussian	peak fit	36Gln	 36GlnN	None	31.0	24.0	30.0	0.0	0.0	0.0	1.0	1.0
37	T	Thr	measured	1.0	8.10657	118.50632	16171800.0	13424400000.0	40.43036	18.120179999999998	gaussian	peak fit	37Thr	 37ThrN	None	32.0	49.0	31.0	0.0	0.0	0.0	1.0	1.0
38	P	Pro	unassigned	0.0	NaN	NaN	NaN	NaN	NaN	NaN	NaN	NaN	38Pro	NaN	None	NaN	NaN	NaN	NaN	NaN	NaN	NaN	NaN
39	S	Ser	measured	1.0	8.29776	117.01326999999999	14771200.0	12318200000.0	40.37993	18.22642	gaussian	peak fit	39Ser	 39SerN	None	33.0	57.0	32.0	0.0	0.0	0.0	1.0	1.0
40	K	Lys	measured	1.0	8.17876	124.22128000000001	20040600.0	37433000000.0	51.57715	31.961170000000003	gaussian	peak fit	40Lys	 40LysN	None	34.0	12.0	33.0	0.0	0.0	0.0	1.0	1.0
41	P	Pro	unassigned	0.0	NaN	NaN	NaN	NaN	NaN	NaN	NaN	NaN	41Pro	NaN	None	NaN	NaN	NaN	NaN	NaN	NaN	NaN	NaN
42	A	Ala	measured	1.0	8.27315	124.46229	13441300.0	16634700000.0	56.4906	19.33454	gaussian	peak fit	42Ala	 42AlaN	None	35.0	11.0	34.0	0.0	0.0	0.0	1.0	1.0
43	S	Ser	measured	1.0	8.11555	114.62808999999999	13308400.0	12160100000.0	41.348009999999995	19.50262	gaussian	peak fit	43Ser	 43SerN	None	36.0	63.0	35.0	0.0	0.0	0.0	1.0	1.0
44	A	Ala	measured	1.0	8.12808	125.98868999999999	14796200.0	9873980000.0	36.240840000000006	16.25102	gaussian	peak fit	44Ala	 44AlaN	None	37.0	5.0	36.0	0.0	0.0	0.0	1.0	1.0
45	D	Asp	measured	1.0	8.142710000000001	121.7746	39837300.0	51236800000.0	46.14889	24.59613	gaussian	peak fit	45Asp	 45AspN	None	38.0	28.0	37.0	0.0	0.0	0.0	1.0	1.0
46	G	Gly	measured	1.0	8.05073	108.87528	24074500.0	17442700000.0	37.85646	16.89089	gaussian	peak fit	46Gly	 46GlyN	None	39.0	70.0	38.0	0.0	0.0	0.0	1.0	1.0
47	H	His	measured	1.0	8.064810000000001	119.23076999999999	22596800.0	19235700000.0	40.33233	18.627029999999998	gaussian	peak fit	47His	 47HisN	None	40.0	45.0	39.0	0.0	0.0	0.0	1.0	1.0
48	R	Arg	measured	1.0	8.178939999999999	122.76801	30544500.0	32690700000.0	44.60998	21.1736	gaussian	peak fit	48Arg	 48ArgN	None	41.0	21.0	40.0	0.0	0.0	0.0	1.0	1.0
49	G	Gly	measured	1.0	8.06335	109.98449	13863400.0	8819690000.0	37.17575	15.102870000000001	gaussian	peak fit	49Gly	 49GlyN	None	42.0	68.0	41.0	0.0	0.0	0.0	1.0	1.0
50	P	Pro	unassigned	0.0	NaN	NaN	NaN	NaN	NaN	NaN	NaN	NaN	50Pro	NaN	None	NaN	NaN	NaN	NaN	NaN	NaN	NaN	NaN
51	S	Ser	measured	1.0	8.30712	116.34873	20424000.0	14373100000.0	36.58515	16.97617	gaussian	peak fit	51Ser	 51SerN	None	43.0	58.0	42.0	0.0	0.0	0.0	1.0	1.0
52	A	Ala	measured	1.0	8.30166	126.28662	52125600.0	38415500000.0	37.410379999999996	17.38597	gaussian	peak fit	52Ala	 52AlaN	None	44.0	4.0	43.0	0.0	0.0	0.0	1.0	1.0
53	A	Ala	measured	1.0	7.95016	122.66223000000001	15016100.0	13412000000.0	41.93188	18.79871	gaussian	peak fit	53Ala	 53AlaN	None	45.0	22.0	44.0	0.0	0.0	0.0	1.0	1.0
54	F	Phe	measured	1.0	8.01576	118.87501	27130500.0	19058500000.0	38.15965	16.246589999999998	gaussian	peak fit	54Phe	 54PheN	None	46.0	48.0	45.0	0.0	0.0	0.0	1.0	1.0
55	A	Ala	measured	1.0	7.900710000000001	127.35643999999999	8406550.0	5823330000.0	36.23592	16.87134	gaussian	peak fit	55Ala	 55AlaN	None	47.0	1.0	46.0	0.0	0.0	0.0	1.0	1.0
56	P	Pro	unassigned	0.0	NaN	NaN	NaN	NaN	NaN	NaN	NaN	NaN	56Pro	NaN	None	NaN	NaN	NaN	NaN	NaN	NaN	NaN	NaN
57	A	Ala	measured	1.0	8.21508	124.35145	18267700.0	81034300000.0	106.05386000000001	36.91433	gaussian	peak fit	57Ala	 57AlaN	None	48.0	77.0	47.0	0.0	0.0	0.0	1.0	1.0
58	A	Ala	measured	1.0	8.12461	123.67886000000001	23714500.0	27340000000.0	47.93736	21.22494	gaussian	peak fit	58Ala	 58AlaN	None	49.0	14.0	48.0	0.0	0.0	0.0	1.0	1.0
59	A	Ala	measured	1.0	8.07369	123.46354	15092800.0	44894200000.0	93.41005	28.103679999999997	gaussian	peak fit	59Ala	 59AlaN	None	50.0	15.0	49.0	0.0	0.0	0.0	1.0	1.0
60	E	Glu	measured	1.0	7.85685	119.1309	13802100.0	12083100000.0	38.13818	20.25855	gaussian	peak fit	60Glu	 60GluN	None	51.0	46.0	50.0	0.0	0.0	0.0	1.0	1.0
61	P	Pro	unassigned	0.0	NaN	NaN	NaN	NaN	NaN	NaN	NaN	NaN	61Pro	NaN	None	NaN	NaN	NaN	NaN	NaN	NaN	NaN	NaN
62	K	Lys	measured	1.0	8.20674	121.64411000000001	21478200.0	317364000000.0	92.32185	141.25044	gaussian	peak fit	62Lys	 62LysN	None	52.0	78.0	51.0	0.0	0.0	0.0	1.0	1.0
63	L	Leu	measured	1.0	8.03836	123.38467	14653000.0	33499500000.0	81.17839000000001	24.8546	gaussian	peak fit	63Leu	 63LeuN	None	53.0	16.0	52.0	0.0	0.0	0.0	1.0	1.0
64	F	Phe	measured	1.0	8.16956	121.23503000000001	18613000.0	122300000000.0	60.14761	96.41145	gaussian	peak fit	64Phe	 64PheN	None	54.0	32.0	53.0	0.0	0.0	0.0	1.0	1.0
65	G	Gly	measured	1.0	8.18829	111.17442	12512700.0	8947960000.0	36.46687	17.30658	gaussian	peak fit	65Gly	 65GlyN	None	55.0	66.0	54.0	0.0	0.0	0.0	1.0	1.0
66	G	Gly	measured	1.0	7.54138	107.75152	11571200.0	7655640000.0	36.13012	16.161070000000002	gaussian	peak fit	66Gly	 66GlyN	None	56.0	75.0	55.0	0.0	0.0	0.0	1.0	1.0
67	F	Phe	measured	1.0	7.9777	119.84326000000001	16281500.0	13322500000.0	40.22569	17.952379999999998	gaussian	peak fit	67Phe	 67PheN	None	57.0	40.0	56.0	0.0	0.0	0.0	1.0	1.0
68	N	Asn	unassigned	0.0	NaN	NaN	NaN	NaN	NaN	NaN	NaN	NaN	68Asn	NaN	None	NaN	NaN	NaN	NaN	NaN	NaN	NaN	NaN
69	S	Ser	measured	1.0	8.18653	117.05435	29960400.0	38119000000.0	47.700990000000004	23.53978	gaussian	peak fit	69Ser	 69SerN	None	58.0	56.0	57.0	0.0	0.0	0.0	1.0	1.0
70	S	Ser	measured	1.0	8.20678	117.36433999999998	36472100.0	29723800000.0	36.910109999999996	19.486520000000002	gaussian	peak fit	70Ser	 70SerN	None	59.0	54.0	58.0	0.0	0.0	0.0	1.0	1.0
71	D	Asp	unassigned	0.0	NaN	NaN	NaN	NaN	NaN	NaN	NaN	NaN	71Asp	NaN	None	NaN	NaN	NaN	NaN	NaN	NaN	NaN	NaN
72	T	Thr	measured	1.0	7.876	114.38668999999999	27799300.0	14725200000.0	33.05922	14.140629999999998	gaussian	peak fit	72Thr	 72ThrN	None	60.0	64.0	59.0	0.0	0.0	0.0	1.0	1.0
73	V	Val	measured	1.0	8.005889999999999	122.98423000000001	18929800.0	16171100000.0	39.08591	19.28895	gaussian	peak fit	73Val	 73ValN	None	61.0	18.0	60.0	0.0	0.0	0.0	1.0	1.0
74	T	Thr	measured	1.0	8.087489999999999	118.11298000000001	21019400.0	16292400000.0	37.92838	18.03578	gaussian	peak fit	74Thr	 74ThrN	None	62.0	52.0	61.0	0.0	0.0	0.0	1.0	1.0
75	S	Ser	measured	1.0	8.13655	119.72903000000001	19779200.0	18135100000.0	42.153	19.19641	gaussian	peak fit	75Ser	 75SerN	None	63.0	42.0	62.0	0.0	0.0	0.0	1.0	1.0
76	P	Pro	unassigned	0.0	NaN	NaN	NaN	NaN	NaN	NaN	NaN	NaN	76Pro	NaN	None	NaN	NaN	NaN	NaN	NaN	NaN	NaN	NaN
77	Q	Gln	measured	1.0	8.26951	120.42771	13236200.0	15029300000.0	46.53595	21.53383	gaussian	peak fit	77Gln	 77GlnN	None	64.0	36.0	63.0	0.0	0.0	0.0	1.0	1.0
78	R	Arg	measured	0.5	8.172839999999999	122.78159	30646200.0	32280500000.0	43.75848	21.244	gaussian	peak fit	78Arg	 78ArgN	None	65.0	81.0	64.0	0.0	0.0	0.0	1.0	1.0
79	A	Ala	measured	1.0	8.2138	125.61928	9274820.0	12894700000.0	49.50096	24.78714	gaussian	peak fit	79Ala	 79AlaN	None	66.0	6.0	65.0	0.0	0.0	0.0	1.0	1.0
80	G	Gly	measured	1.0	8.05434	108.54161	20101900.0	33503100000.0	59.29431999999999	24.80676	gaussian	peak fit	80Gly	 80GlyN	None	67.0	86.0	66.0	0.0	0.0	0.0	1.0	1.0
81	P	Pro	unassigned	0.0	NaN	NaN	NaN	NaN	NaN	NaN	NaN	NaN	81Pro	NaN	None	NaN	NaN	NaN	NaN	NaN	NaN	NaN	NaN
82	L	Leu	measured	1.0	8.18705	121.80162	24615400.0	103063000000.0	91.93623000000001	40.19235	gaussian	peak fit	82Leu	 82LeuN	None	68.0	79.0	67.0	0.0	0.0	0.0	1.0	1.0
83	A	Ala	measured	1.0	8.088560000000001	124.975	6805360.0	6654850000.0	41.1455	20.97492	gaussian	peak fit	83Ala	 83AlaN	None	69.0	8.0	68.0	0.0	0.0	0.0	1.0	1.0
84	G	Gly	measured	1.0	8.16349	108.03725	11013100.0	11949500000.0	44.4642	21.53605	gaussian	peak fit	84Gly	 84GlyN	None	70.0	74.0	69.0	0.0	0.0	0.0	1.0	1.0
85	G	Gly	measured	1.0	8.02111	108.43212	16133700.0	37909700000.0	82.02967	25.2802	gaussian	peak fit	85Gly	 85GlyN	None	71.0	76.0	70.0	0.0	0.0	0.0	1.0	1.0
