Res#	1-letter	3-letter	Peak Status	Merit	Position F1	Position F2	Height	Volume	Line Width F1 (Hz)	Line Width F2 (Hz)	Fit Method	Vol. Method	Assign F1	Assign F2	Details	Number	#	index	H1_delta	N15_delta	CSP	Height_ratio	Vol_ratio
1	M	Met	unassigned	0.0	NaN	NaN	NaN	NaN	NaN	NaN	NaN	NaN	1Met	NaN	None	NaN	NaN	NaN	NaN	NaN	NaN	NaN	NaN
2	A	Ala	unassigned	0.0	NaN	NaN	NaN	NaN	NaN	NaN	NaN	NaN	2Ala	NaN	None	NaN	NaN	NaN	NaN	NaN	NaN	NaN	NaN
3	S	Ser	unassigned	0.0	NaN	NaN	NaN	NaN	NaN	NaN	NaN	NaN	3Ser	NaN	None	NaN	NaN	NaN	NaN	NaN	NaN	NaN	NaN
4	N	Asn	unassigned	0.0	NaN	NaN	NaN	NaN	NaN	NaN	NaN	NaN	4Asn	NaN	None	NaN	NaN	NaN	NaN	NaN	NaN	NaN	NaN
5	K	Lys	unassigned	0.0	NaN	NaN	NaN	NaN	NaN	NaN	NaN	NaN	5Lys	NaN	None	NaN	NaN	NaN	NaN	NaN	NaN	NaN	NaN
6	S	Ser	unassigned	0.0	NaN	NaN	NaN	NaN	NaN	NaN	NaN	NaN	6Ser	NaN	None	NaN	NaN	NaN	NaN	NaN	NaN	NaN	NaN
7	K	Lys	unassigned	0.0	NaN	NaN	NaN	NaN	NaN	NaN	NaN	NaN	7Lys	NaN	None	NaN	NaN	NaN	NaN	NaN	NaN	NaN	NaN
8	P	Pro	unassigned	0.0	NaN	NaN	NaN	NaN	NaN	NaN	NaN	NaN	8Pro	NaN	None	NaN	NaN	NaN	NaN	NaN	NaN	NaN	NaN
9	K	Lys	unassigned	0.0	NaN	NaN	NaN	NaN	NaN	NaN	NaN	NaN	9Lys	NaN	None	NaN	NaN	NaN	NaN	NaN	NaN	NaN	NaN
10	D	Asp	unassigned	0.0	NaN	NaN	NaN	NaN	NaN	NaN	NaN	NaN	10Asp	NaN	None	NaN	NaN	NaN	NaN	NaN	NaN	NaN	NaN
11	A	Ala	measured	1.0	8.27885	125.24045	11950200.0	274782000000.0	51.974940000000004	390.44177	gaussian	peak fit	11Ala	 11AlaN	None	1.0	30.0	0.0	-0.014359999999999928	-0.09823000000001514	0.027902403176074408	0.5848423154474092	12.714090059410339
12	S	Ser	measured	1.0	8.18787	113.99943	11213300.0	15915100000.0	47.96526	26.1146	gaussian	peak fit	12Ser	 12SerN	None	2.0	85.0	1.0	-0.008430000000000604	-0.8736800000000073	0.2312308465970769	0.5659109949229356	0.7088342055450395
13	Q	Gln	unassigned	0.0	NaN	NaN	NaN	NaN	NaN	NaN	NaN	NaN	13Gln	NaN	None	NaN	NaN	NaN	NaN	NaN	NaN	NaN	NaN
14	R	Arg	measured	1.0	8.015089999999999	121.94348000000001	43562900.0	33765900000.0	39.379690000000004	17.37097	gaussian	peak fit	14Arg	 14ArgN	None	3.0	50.0	2.0	-0.009130000000000749	-0.012109999999978527	0.00720722533295376	1.0851848253631367	1.239652399938322
15	R	Arg	measured	1.0	8.24343	123.07824	11794300.0	34325900000.0	98.5564	26.06154	gaussian	peak fit	15Arg	 15ArgN	None	4.0	43.0	3.0	-0.026500000000000412	0.16110999999999365	0.04656259493412999	1.3968595738229916	1.9079590237286628
16	R	Arg	unassigned	0.0	NaN	NaN	NaN	NaN	NaN	NaN	NaN	NaN	16Arg	NaN	None	NaN	NaN	NaN	NaN	NaN	NaN	NaN	NaN
17	S	Ser	measured	1.0	8.1958	117.14563999999999	22956400.0	160682000000.0	54.49312	113.35955	gaussian	peak fit	17Ser	 17SerN	None	5.0	101.0	4.0	-0.0029599999999998516	-0.005510000000015225	0.0025506875543686853	0.8806048586630045	1.1104031622738517
18	L	Leu	unassigned	0.0	NaN	NaN	NaN	NaN	NaN	NaN	NaN	NaN	18Leu	NaN	None	NaN	NaN	NaN	NaN	NaN	NaN	NaN	NaN
19	E	Glu	unassigned	0.0	NaN	NaN	NaN	NaN	NaN	NaN	NaN	NaN	19Glu	NaN	None	NaN	NaN	NaN	NaN	NaN	NaN	NaN	NaN
20	P	Pro	unassigned	0.0	NaN	NaN	NaN	NaN	NaN	NaN	NaN	NaN	20Pro	NaN	None	NaN	NaN	NaN	NaN	NaN	NaN	NaN	NaN
21	A	Ala	measured	1.0	8.25663	123.989	11959200.0	19889100000.0	57.11655	25.6973	gaussian	peak fit	21Ala	 21AlaN	None	6.0	38.0	5.0	-0.01562000000000019	-0.0792899999999861	0.02370813124225207	1.2098110504816302	1.6728993186979562
22	E	Glu	measured	1.0	8.1615	119.23631	15988500.0	27215200000.0	53.13049	28.274540000000002	gaussian	peak fit	22Glu	 22GluN	None	7.0	66.0	6.0	-0.01782000000000039	-0.05532999999998367	0.01931514491273313	1.2282500979465787	1.1352438159596212
23	N	Asn	measured	1.0	8.19641	119.78991	17310500.0	30701000000.0	67.49722	23.18959	gaussian	peak fit	23Asn	 23AsnN	None	8.0	63.0	7.0	-0.021579999999998378	-0.03647999999998319	0.018055567783924135	1.2523421956954242	2.081014580184235
24	V	Val	measured	1.0	7.838089999999999	120.05317	11879300.0	7747690000.0	38.73987	14.858	gaussian	peak fit	24Val	 24ValN	None	9.0	60.0	8.0	-0.016499999999999737	-0.027630000000002042	0.013768230932113375	1.2370044401496156	1.5134956154145187
25	H	His	measured	0.5	8.19437	122.13191	33384300.0	64174100000.0	61.76557	27.466720000000002	gaussian	peak fit	25His	 25HisN	None	10.0	49.0	9.0	0.011089999999999378	0.09599999999998943	0.026582213038042018	1.8643989232779707	0.13801475332272356
26	G	Gly	measured	0.5	8.14534	108.74388	16528000.0	17402100000.0	51.29306	18.11583	gaussian	peak fit	26Gly	 26GlyN	None	11.0	92.0	10.0	-0.014230000000001297	-0.9247699999999952	0.2926110075509791	1.6688847108431057	2.2790623968652266
27	C	Cys	unassigned	0.0	NaN	NaN	NaN	NaN	NaN	NaN	NaN	NaN	27Cys	NaN	None	NaN	NaN	NaN	NaN	NaN	NaN	NaN	NaN
28	G	Gly	unassigned	0.0	NaN	NaN	NaN	NaN	NaN	NaN	NaN	NaN	28Gly	NaN	None	NaN	NaN	NaN	NaN	NaN	NaN	NaN	NaN
29	G	Gly	unassigned	0.0	NaN	NaN	NaN	NaN	NaN	NaN	NaN	NaN	29Gly	NaN	None	NaN	NaN	NaN	NaN	NaN	NaN	NaN	NaN
30	G	Gly	measured	0.5	8.086219999999999	108.61523999999999	26065900.0	45738600000.0	62.17794	24.90625	gaussian	peak fit	30Gly	 30GlyN	None	12.0	93.0	11.0	0.011350000000000193	0.013949999999994134	0.009158138457131221	1.2192063388121275	1.7397188370076224
31	A	Ala	measured	1.0	7.8826	123.1387	13231600.0	10565000000.0	42.10693	16.73554	gaussian	peak fit	31Ala	 31AlaN	None	13.0	42.0	12.0	-0.012430000000000163	-0.00866999999999507	0.009083736731103343	1.1540662177720407	1.6053425313205139
32	F	Phe	measured	1.0	7.98977	120.02337	16586400.0	27051800000.0	53.66896	26.81989	gaussian	peak fit	32Phe	 32PheN	None	14.0	61.0	13.0	-0.018799999999998818	-0.031159999999999854	0.015642448401704163	1.4302442894221732	2.2134236644656635
33	P	Pro	unassigned	0.0	NaN	NaN	NaN	NaN	NaN	NaN	NaN	NaN	33Pro	NaN	None	NaN	NaN	NaN	NaN	NaN	NaN	NaN	NaN
34	A	Ala	measured	1.0	8.347539999999999	124.81821000000001	16804000.0	13562700000.0	42.05486	16.93757	gaussian	peak fit	34Ala	 34AlaN	None	15.0	32.0	14.0	-0.012750000000000483	-0.010300000000000864	0.009418468559166475	1.0909492245067551	1.4873811620538882
35	S	Ser	measured	1.0	8.14679	115.06033000000001	36832400.0	34105900000.0	41.435590000000005	19.72249	gaussian	peak fit	35Ser	 35SerN	None	16.0	81.0	15.0	-0.014340000000000686	-0.06046999999999514	0.018941522193318273	1.6548978729904837	1.6535151723770138
36	Q	Gln	unassigned	0.0	NaN	NaN	NaN	NaN	NaN	NaN	NaN	NaN	36Gln	NaN	None	NaN	NaN	NaN	NaN	NaN	NaN	NaN	NaN
37	T	Thr	measured	1.0	8.09218	118.47612	17597700.0	110636000000.0	48.42349	114.58256999999999	gaussian	peak fit	37Thr	 37ThrN	None	17.0	72.0	16.0	-0.014389999999998793	-0.030200000000007776	0.012937497826087373	1.0881720031165363	8.241411161765145
38	P	Pro	unassigned	0.0	NaN	NaN	NaN	NaN	NaN	NaN	NaN	NaN	38Pro	NaN	None	NaN	NaN	NaN	NaN	NaN	NaN	NaN	NaN
39	S	Ser	measured	1.0	8.283389999999999	116.98603	12928700.0	41183800000.0	138.22707	20.33827	gaussian	peak fit	39Ser	 39SerN	None	18.0	79.0	17.0	-0.014370000000001326	-0.027239999999991937	0.012457515081266742	0.8752640272963604	3.3433293825396566
40	K	Lys	measured	1.0	8.169210000000001	124.18888000000001	19383800.0	598417000000.0	63.376830000000005	429.90267	gaussian	peak fit	40Lys	 40LysN	None	19.0	37.0	18.0	-0.00954999999999906	-0.032399999999995543	0.010912582187547126	0.9672265301438081	15.986348943445623
41	P	Pro	unassigned	0.0	NaN	NaN	NaN	NaN	NaN	NaN	NaN	NaN	41Pro	NaN	None	NaN	NaN	NaN	NaN	NaN	NaN	NaN	NaN
42	A	Ala	measured	1.0	8.25109	124.42993	16681200.0	41676200000.0	96.88149	22.759079999999997	gaussian	peak fit	42Ala	 42AlaN	None	20.0	33.0	19.0	-0.022059999999999746	-0.03235999999999706	0.01779392233320077	1.2410406731491745	2.505377313687653
43	S	Ser	measured	1.0	8.10543	114.62154	12670400.0	18466700000.0	51.44934	25.0009	gaussian	peak fit	43Ser	 43SerN	None	21.0	83.0	20.0	-0.010120000000000573	-0.006549999999990064	0.007362769519684606	0.9520603528598479	1.5186306033667487
44	A	Ala	measured	1.0	8.11506	125.97166000000001	15516000.0	14885600000.0	44.50731	19.02354	gaussian	peak fit	44Ala	 44AlaN	None	22.0	27.0	21.0	-0.01302000000000092	-0.017029999999977008	0.010249959170648299	1.0486476257417445	1.5075582490545858
45	D	Asp	measured	1.0	8.15274	121.84521000000001	29688100.0	326020000000.0	77.64039	124.82717	gaussian	peak fit	45Asp	 45AspN	None	23.0	52.0	22.0	0.010029999999998651	0.07061000000000206	0.01998260486022798	0.7452337382302515	6.363004715360835
46	G	Gly	measured	1.0	8.03957	108.86644	29507500.0	29774500000.0	43.90679	20.28227	gaussian	peak fit	46Gly	 46GlyN	None	24.0	91.0	23.0	-0.01116000000000028	-0.008840000000006398	0.008371819396046146	1.2256744688363206	1.7069891702546052
47	H	His	measured	1.0	8.04716	119.24951999999999	23909800.0	30288500000.0	49.11886	22.760839999999998	gaussian	peak fit	47His	 47HisN	None	25.0	67.0	24.0	-0.017650000000001498	0.018749999999997158	0.013430213140528299	1.0581055724704382	1.574598273002802
48	R	Arg	unassigned	0.0	NaN	NaN	NaN	NaN	NaN	NaN	NaN	NaN	48Arg	NaN	None	NaN	NaN	NaN	NaN	NaN	NaN	NaN	NaN
49	G	Gly	measured	1.0	8.04653	109.96748999999998	17141500.0	14217900000.0	42.36685	17.27804	gaussian	peak fit	49Gly	 49GlyN	None	26.0	89.0	25.0	-0.01681999999999917	-0.017000000000010118	0.013052057309099604	1.236457146154623	1.6120634625480035
50	P	Pro	unassigned	0.0	NaN	NaN	NaN	NaN	NaN	NaN	NaN	NaN	50Pro	NaN	None	NaN	NaN	NaN	NaN	NaN	NaN	NaN	NaN
51	S	Ser	measured	1.0	8.29401	116.33325	20260300.0	20434600000.0	45.261070000000004	19.66666	gaussian	peak fit	51Ser	 51SerN	None	27.0	80.0	26.0	-0.013109999999999289	-0.015479999999996608	0.010134603001597218	0.991984919702311	1.4217253063013546
52	A	Ala	measured	1.0	8.294260000000001	126.27103999999999	29681700.0	44087000000.0	52.3542	25.03829	gaussian	peak fit	52Ala	 52AlaN	None	28.0	26.0	27.0	-0.007399999999998741	-0.015580000000014138	0.006661197189696573	0.5694265389750909	1.1476357199567884
53	A	Ala	measured	1.0	7.9401600000000006	122.65471000000001	19038400.0	27180600000.0	53.7048	23.46121	gaussian	peak fit	53Ala	 53AlaN	None	29.0	46.0	28.0	-0.009999999999999787	-0.007519999999999527	0.007345646874169583	1.2678658240155567	2.0265881300328066
54	F	Phe	measured	1.0	8.00426	118.86466999999999	37530400.0	34537700000.0	42.91048	18.92706	gaussian	peak fit	54Phe	 54PheN	None	30.0	71.0	29.0	-0.011499999999999844	-0.01034000000001356	0.008579574115305365	1.383328725972614	1.8121940341579872
55	A	Ala	measured	1.0	7.8907	127.34425	12530100.0	12299700000.0	44.495870000000004	19.469620000000003	gaussian	peak fit	55Ala	 55AlaN	None	31.0	23.0	30.0	-0.010010000000001185	-0.012189999999989709	0.00777828882209926	1.4905163235810173	2.112142021832869
56	P	Pro	unassigned	0.0	NaN	NaN	NaN	NaN	NaN	NaN	NaN	NaN	56Pro	NaN	None	NaN	NaN	NaN	NaN	NaN	NaN	NaN	NaN
57	A	Ala	measured	1.0	8.20364	124.31691000000001	18581400.0	43884400000.0	77.67293000000001	26.83472	gaussian	peak fit	57Ala	 57AlaN	None	32.0	100.0	31.0	-0.011440000000000339	-0.03453999999999269	0.012204409530983812	1.0171723862336255	0.5415533915885001
58	A	Ala	measured	1.0	8.11605	123.66434	30702500.0	55801000000.0	64.13731999999999	25.0088	gaussian	peak fit	58Ala	 58AlaN	None	33.0	39.0	32.0	-0.008560000000001011	-0.01452000000001874	0.007169025596275044	1.2946720360960593	2.041002194586686
59	A	Ala	measured	1.0	8.05981	123.43948999999999	23613600.0	96247700000.0	128.0444	28.093320000000002	gaussian	peak fit	59Ala	 59AlaN	None	34.0	40.0	33.0	-0.01387999999999856	-0.02405000000000257	0.011696810462685487	1.5645605851796884	2.143878273808198
60	E	Glu	measured	1.0	7.84623	119.12203999999998	19792400.0	22676900000.0	44.0687	22.94518	gaussian	peak fit	60Glu	 60GluN	None	35.0	69.0	34.0	-0.010619999999999408	-0.008860000000012747	0.007866840026339007	1.434013664587273	1.876745206114325
61	P	Pro	unassigned	0.0	NaN	NaN	NaN	NaN	NaN	NaN	NaN	NaN	61Pro	NaN	None	NaN	NaN	NaN	NaN	NaN	NaN	NaN	NaN
62	K	Lys	measured	1.0	8.201030000000001	121.63395	22513800.0	206297000000.0	70.82114	114.18735	gaussian	peak fit	62Lys	 62LysN	None	36.0	97.0	35.0	-0.005709999999998772	-0.01016000000001327	0.0048505506903868	1.0482163309774561	0.6500327699424006
63	L	Leu	measured	1.0	8.01985	123.37657	23598500.0	49055100000.0	69.76995	26.29461	gaussian	peak fit	63Leu	 63LeuN	None	37.0	99.0	36.0	-0.018510000000000915	-0.008099999999998886	0.01326283340768539	1.6104893195932573	1.4643531993014822
64	F	Phe	measured	1.0	8.17275	121.19422	21290200.0	2129390000000.0	65.72216	1343.06879	gaussian	peak fit	64Phe	 64PheN	None	38.0	54.0	37.0	0.003190000000000026	-0.04081000000000756	0.011030411461049099	1.1438349540643635	17.411201962387572
65	G	Gly	measured	1.0	8.17562	111.16422	12835600.0	12596200000.0	43.7801	19.78259	gaussian	peak fit	65Gly	 65GlyN	None	39.0	86.0	38.0	-0.012669999999999959	-0.010199999999997544	0.009521998214660328	1.0258057813261725	1.4077175132655935
66	G	Gly	measured	1.0	7.5308600000000006	107.74497	15325500.0	12949600000.0	42.182520000000004	17.67855	gaussian	peak fit	66Gly	 66GlyN	None	40.0	96.0	39.0	-0.01051999999999964	-0.006550000000004275	0.007721751744261261	1.324452087942478	1.6915110950880659
67	F	Phe	measured	1.0	7.96777	119.83649	18925900.0	26046300000.0	46.96372	25.86201	gaussian	peak fit	67Phe	 67PheN	None	41.0	62.0	40.0	-0.009929999999999772	-0.006770000000017262	0.007246430362600202	1.1624174676780394	1.9550609870519797
68	N	Asn	unassigned	0.0	NaN	NaN	NaN	NaN	NaN	NaN	NaN	NaN	68Asn	NaN	None	NaN	NaN	NaN	NaN	NaN	NaN	NaN	NaN
69	S	Ser	measured	1.0	8.17515	117.05171000000001	27383000.0	43884800000.0	47.12171	30.0156	gaussian	peak fit	69Ser	 69SerN	None	42.0	78.0	41.0	-0.011379999999999058	-0.0026399999999853208	0.008077132659550902	0.9139731111734156	1.1512579028830767
70	S	Ser	measured	1.0	8.19714	117.35813999999999	38182200.0	41931800000.0	46.043859999999995	21.04976	gaussian	peak fit	70Ser	 70SerN	None	43.0	77.0	42.0	-0.009640000000000981	-0.006199999999992656	0.007011105476314209	1.0468878951307987	1.4107146461757918
71	D	Asp	unassigned	0.0	NaN	NaN	NaN	NaN	NaN	NaN	NaN	NaN	71Asp	NaN	None	NaN	NaN	NaN	NaN	NaN	NaN	NaN	NaN
72	T	Thr	measured	1.0	7.865889999999999	114.37413000000001	44022700.0	31005000000.0	38.1133	16.308529999999998	gaussian	peak fit	72Thr	 72ThrN	None	44.0	84.0	43.0	-0.010110000000000952	-0.012559999999979254	0.007883451147814208	1.583590234286475	2.105574117838807
73	V	Val	measured	1.0	7.9938199999999995	122.96728	28450500.0	35881100000.0	45.977740000000004	24.20824	gaussian	peak fit	73Val	 73ValN	None	45.0	44.0	44.0	-0.012069999999999581	-0.01695000000000846	0.009641246029430792	1.5029477332037318	2.2188410188546235
74	T	Thr	measured	1.0	8.074580000000001	118.08807	29861900.0	30326200000.0	43.74563	20.488129999999998	gaussian	peak fit	74Thr	 74ThrN	None	46.0	75.0	45.0	-0.012909999999997979	-0.02491000000000554	0.011259201437046644	1.4206827977963215	1.8613709459625347
75	S	Ser	measured	1.0	8.124360000000001	119.71323999999998	26035600.0	32324300000.0	51.47687	21.28562	gaussian	peak fit	75Ser	 75SerN	None	47.0	64.0	46.0	-0.01218999999999859	-0.01579000000002395	0.009578660501345466	1.3163120854230708	1.7824164189885912
76	P	Pro	unassigned	0.0	NaN	NaN	NaN	NaN	NaN	NaN	NaN	NaN	76Pro	NaN	None	NaN	NaN	NaN	NaN	NaN	NaN	NaN	NaN
77	Q	Gln	measured	1.0	8.25614	120.42181000000001	17332400.0	31133300000.0	60.02525	26.409879999999998	gaussian	peak fit	77Gln	 77GlnN	None	48.0	57.0	47.0	-0.013370000000000104	-0.005899999999996908	0.009582022229153867	1.3094694851996798	2.071506989680158
78	R	Arg	measured	1.0	8.15804	122.76834	33193900.0	52920100000.0	55.06256	25.553	gaussian	peak fit	78Arg	 78ArgN	None	49.0	45.0	48.0	-0.014799999999999258	-0.013249999999999318	0.011036728455479356	1.083132655924715	1.6393829091866607
79	A	Ala	measured	1.0	8.2019	125.60515	12966700.0	28823900000.0	36.01783	54.46776	gaussian	peak fit	79Ala	 79AlaN	None	50.0	29.0	49.0	-0.011900000000000688	-0.014130000000008636	0.009207658931564812	1.398054086224854	2.2353292437978394
80	G	Gly	measured	1.0	8.03984	108.5457	27765100.0	58299200000.0	59.721090000000004	31.029290000000003	gaussian	peak fit	80Gly	 80GlyN	None	51.0	103.0	50.0	-0.014499999999999957	0.004089999999990823	0.010334302588950638	1.3812176958396967	1.7401136014279275
81	P	Pro	unassigned	0.0	NaN	NaN	NaN	NaN	NaN	NaN	NaN	NaN	81Pro	NaN	None	NaN	NaN	NaN	NaN	NaN	NaN	NaN	NaN
82	L	Leu	measured	1.0	8.18645	121.78245	26698400.0	281831000000.0	79.26097	117.53832	gaussian	peak fit	82Leu	 82LeuN	None	52.0	104.0	51.0	-0.0005999999999986017	-0.019170000000002574	0.005089619140958002	1.0846218221113613	2.7345507117006105
83	A	Ala	measured	1.0	8.07814	124.97366000000001	10743200.0	13389200000.0	46.83948	23.48252	gaussian	peak fit	83Ala	 83AlaN	None	53.0	31.0	52.0	-0.01042000000000165	-0.0013399999999847978	0.007376577255069884	1.5786380147413215	2.0119461745944687
84	G	Gly	measured	1.0	8.15661	108.0235	15495500.0	20884100000.0	52.32477	22.73207	gaussian	peak fit	84Gly	 84GlyN	None	54.0	95.0	53.0	-0.006879999999998887	-0.013750000000001705	0.006524833331204486	1.407006201705242	1.7476965563412694
85	G	Gly	measured	1.0	8.006689999999999	108.42665	23121600.0	47813600000.0	68.49535	26.64452	gaussian	peak fit	85Gly	 85GlyN	None	55.0	102.0	54.0	-0.01442000000000121	-0.005470000000002528	0.010342160799369744	1.4331244537830752	1.2612497592964333
