Res#	1-letter	3-letter	Peak Status	Merit	Position F1	Position F2	Height	Volume	Line Width F1 (Hz)	Line Width F2 (Hz)	Fit Method	Vol. Method	Assign F1	Assign F2	Details	Number	#	index	H1_delta	N15_delta	CSP	Height_ratio	Vol_ratio
1	M	Met	unassigned	0.0	NaN	NaN	NaN	NaN	NaN	NaN	NaN	NaN	1Met	NaN	None	NaN	NaN	NaN	NaN	NaN	NaN	NaN	NaN
2	A	Ala	unassigned	0.0	NaN	NaN	NaN	NaN	NaN	NaN	NaN	NaN	2Ala	NaN	None	NaN	NaN	NaN	NaN	NaN	NaN	NaN	NaN
3	S	Ser	unassigned	0.0	NaN	NaN	NaN	NaN	NaN	NaN	NaN	NaN	3Ser	NaN	None	NaN	NaN	NaN	NaN	NaN	NaN	NaN	NaN
4	N	Asn	unassigned	0.0	NaN	NaN	NaN	NaN	NaN	NaN	NaN	NaN	4Asn	NaN	None	NaN	NaN	NaN	NaN	NaN	NaN	NaN	NaN
5	K	Lys	unassigned	0.0	NaN	NaN	NaN	NaN	NaN	NaN	NaN	NaN	5Lys	NaN	None	NaN	NaN	NaN	NaN	NaN	NaN	NaN	NaN
6	S	Ser	unassigned	0.0	NaN	NaN	NaN	NaN	NaN	NaN	NaN	NaN	6Ser	NaN	None	NaN	NaN	NaN	NaN	NaN	NaN	NaN	NaN
7	K	Lys	unassigned	0.0	NaN	NaN	NaN	NaN	NaN	NaN	NaN	NaN	7Lys	NaN	None	NaN	NaN	NaN	NaN	NaN	NaN	NaN	NaN
8	P	Pro	unassigned	0.0	NaN	NaN	NaN	NaN	NaN	NaN	NaN	NaN	8Pro	NaN	None	NaN	NaN	NaN	NaN	NaN	NaN	NaN	NaN
9	K	Lys	unassigned	0.0	NaN	NaN	NaN	NaN	NaN	NaN	NaN	NaN	9Lys	NaN	None	NaN	NaN	NaN	NaN	NaN	NaN	NaN	NaN
10	D	Asp	unassigned	0.0	NaN	NaN	NaN	NaN	NaN	NaN	NaN	NaN	10Asp	NaN	None	NaN	NaN	NaN	NaN	NaN	NaN	NaN	NaN
11	A	Ala	unassigned	0.0	NaN	NaN	NaN	NaN	NaN	NaN	NaN	NaN	11Ala	NaN	None	NaN	NaN	NaN	NaN	NaN	NaN	NaN	NaN
12	S	Ser	unassigned	0.0	NaN	NaN	NaN	NaN	NaN	NaN	NaN	NaN	12Ser	NaN	None	NaN	NaN	NaN	NaN	NaN	NaN	NaN	NaN
13	Q	Gln	unassigned	0.0	NaN	NaN	NaN	NaN	NaN	NaN	NaN	NaN	13Gln	NaN	None	NaN	NaN	NaN	NaN	NaN	NaN	NaN	NaN
14	R	Arg	unassigned	0.0	NaN	NaN	NaN	NaN	NaN	NaN	NaN	NaN	14Arg	NaN	None	NaN	NaN	NaN	NaN	NaN	NaN	NaN	NaN
15	R	Arg	unassigned	0.0	NaN	NaN	NaN	NaN	NaN	NaN	NaN	NaN	15Arg	NaN	None	NaN	NaN	NaN	NaN	NaN	NaN	NaN	NaN
16	R	Arg	unassigned	0.0	NaN	NaN	NaN	NaN	NaN	NaN	NaN	NaN	16Arg	NaN	None	NaN	NaN	NaN	NaN	NaN	NaN	NaN	NaN
17	S	Ser	unassigned	0.0	NaN	NaN	NaN	NaN	NaN	NaN	NaN	NaN	17Ser	NaN	None	NaN	NaN	NaN	NaN	NaN	NaN	NaN	NaN
18	L	Leu	unassigned	0.0	NaN	NaN	NaN	NaN	NaN	NaN	NaN	NaN	18Leu	NaN	None	NaN	NaN	NaN	NaN	NaN	NaN	NaN	NaN
19	E	Glu	unassigned	0.0	NaN	NaN	NaN	NaN	NaN	NaN	NaN	NaN	19Glu	NaN	None	NaN	NaN	NaN	NaN	NaN	NaN	NaN	NaN
20	P	Pro	unassigned	0.0	NaN	NaN	NaN	NaN	NaN	NaN	NaN	NaN	20Pro	NaN	None	NaN	NaN	NaN	NaN	NaN	NaN	NaN	NaN
21	A	Ala	unassigned	0.0	NaN	NaN	NaN	NaN	NaN	NaN	NaN	NaN	21Ala	NaN	None	NaN	NaN	NaN	NaN	NaN	NaN	NaN	NaN
22	E	Glu	unassigned	0.0	NaN	NaN	NaN	NaN	NaN	NaN	NaN	NaN	22Glu	NaN	None	NaN	NaN	NaN	NaN	NaN	NaN	NaN	NaN
23	N	Asn	measured	0.5	8.30454	118.39865	12148700.0	8983330000.0	37.76977	17.2782	gaussian	peak fit	23Asn	 23AsnN	None	1.0	43.0	0.0	0.08655000000000079	-1.4277399999999858	0.382670036430862	0.8789075782239103	0.6089196022476937
24	V	Val	measured	1.0	7.8749199999999995	120.11856999999999	17827900.0	9037810000.0	34.7556	12.872819999999999	gaussian	peak fit	24Val	 24ValN	None	2.0	30.0	1.0	0.020330000000000403	0.03776999999999475	0.017507557025467045	1.8564386334668987	1.7655179554098694
25	H	His	measured	1.0	8.18976	122.26762	17723600.0	29947400000.0	52.47756	28.416359999999997	gaussian	peak fit	25His	 25HisN	None	3.0	22.0	2.0	0.006479999999999819	0.23170999999997832	0.06147570159826805	0.9898024148060448	0.06440578089380189
26	G	Gly	measured	1.0	8.14096	109.70666000000001	11318900.0	7526570000.0	37.57656	15.617510000000001	gaussian	peak fit	26Gly	 26GlyN	None	4.0	60.0	3.0	-0.01861000000000068	0.03801000000001409	0.01782251553513476	1.1429053214885063	0.9857156701992237
27	C	Cys	unassigned	0.0	NaN	NaN	NaN	NaN	NaN	NaN	NaN	NaN	27Cys	NaN	None	NaN	NaN	NaN	NaN	NaN	NaN	NaN	NaN
28	G	Gly	measured	0.5	8.463	110.96521000000001	11760700.0	6938160000.0	36.006840000000004	14.459760000000001	gaussian	peak fit	28Gly	 28GlyN	None	5.0	58.0	4.0	-0.011520000000000863	0.027000000000001023	0.011800644050220965	0.9893416558709222	0.9933197992217409
29	G	Gly	measured	1.0	8.14606	108.75688000000001	16546200.0	11311100000.0	40.26048	14.985270000000002	gaussian	peak fit	29Gly	 29GlyN	None	6.0	62.0	5.0	-0.01440000000000019	-0.0017799999999965621	0.010197884094261981	0.980259961846985	0.9007947884811417
30	G	Gly	unassigned	0.0	NaN	NaN	NaN	NaN	NaN	NaN	NaN	NaN	30Gly	NaN	None	NaN	NaN	NaN	NaN	NaN	NaN	NaN	NaN
31	A	Ala	measured	1.0	7.88093	123.15671999999999	14079700.0	8452270000.0	35.51481	14.917810000000001	gaussian	peak fit	31Ala	 31AlaN	None	7.0	17.0	6.0	-0.014100000000000001	0.009349999999997749	0.010272515514711918	1.2280378885671424	1.2843150513208177
32	F	Phe	measured	1.0	7.99763	120.08185	13618700.0	12176100000.0	44.28375	17.81812	gaussian	peak fit	32Phe	 32PheN	None	8.0	32.0	7.0	-0.01093999999999884	0.02732000000000312	0.01058718886201617	1.1743396942286302	0.9962689314907092
33	P	Pro	unassigned	0.0	NaN	NaN	NaN	NaN	NaN	NaN	NaN	NaN	33Pro	NaN	None	NaN	NaN	NaN	NaN	NaN	NaN	NaN	NaN
34	A	Ala	measured	1.0	8.35007	124.83668	16714000.0	10050300000.0	34.96315	15.178370000000001	gaussian	peak fit	34Ala	 34AlaN	None	9.0	9.0	8.0	-0.010219999999998564	0.008169999999992683	0.007542985019206716	1.0851062448468165	1.1021866511085692
35	S	Ser	measured	1.0	8.14617	115.12216000000001	18031000.0	12321700000.0	36.83895	16.37107	gaussian	peak fit	35Ser	 35SerN	None	10.0	52.0	9.0	-0.014960000000000306	0.001360000000005357	0.010584435365195708	0.8101417107734334	0.5973781046527976
36	Q	Gln	measured	1.0	8.21022	122.11424	16806300.0	119083000000.0	62.23605	100.47765	gaussian	peak fit	36Gln	 36GlnN	None	11.0	23.0	10.0	-0.004040000000001598	-0.001310000000003697	0.0028776599868655666	0.7637422063875812	3.1620468347136623
37	T	Thr	measured	1.0	8.09708	118.53607	13260500.0	17381500000.0	43.99762	26.292559999999998	gaussian	peak fit	37Thr	 37ThrN	None	12.0	42.0	11.0	-0.009489999999999554	0.029749999999992838	0.010343327559347908	0.8199767496506264	1.2947692261851553
38	P	Pro	unassigned	0.0	NaN	NaN	NaN	NaN	NaN	NaN	NaN	NaN	38Pro	NaN	None	NaN	NaN	NaN	NaN	NaN	NaN	NaN	NaN
39	S	Ser	measured	1.0	8.288689999999999	117.03556	11839400.0	9687890000.0	38.8695	18.57917	gaussian	peak fit	39Ser	 39SerN	None	13.0	49.0	12.0	-0.009070000000001244	0.022290000000012355	0.008712722708777654	0.8015191724436742	0.7864696140669903
40	K	Lys	measured	1.0	8.17175	124.22287	17428600.0	24037100000.0	57.14228000000001	21.30092	gaussian	peak fit	40Lys	 40LysN	None	14.0	13.0	13.0	-0.007010000000001071	0.001589999999993097	0.004974637373719413	0.8696645809007715	0.6421366174231293
41	P	Pro	unassigned	0.0	NaN	NaN	NaN	NaN	NaN	NaN	NaN	NaN	41Pro	NaN	None	NaN	NaN	NaN	NaN	NaN	NaN	NaN	NaN
42	A	Ala	measured	1.0	8.25731	124.46837	14167200.0	18710600000.0	67.43485	17.2844	gaussian	peak fit	42Ala	 42AlaN	None	15.0	10.0	14.0	-0.015839999999998966	0.006079999999997199	0.01131549592373137	1.0540051929500867	1.1247933536523052
43	S	Ser	measured	1.0	8.10529	114.65693	11050400.0	9523120000.0	39.77068	19.12377	gaussian	peak fit	43Ser	 43SerN	None	16.0	54.0	15.0	-0.010260000000000602	0.02884000000001663	0.010528817217526066	0.8303327221904963	0.7831448754533269
44	A	Ala	measured	1.0	8.1153	125.99016999999999	15353600.0	10826500000.0	37.25734	16.70324	gaussian	peak fit	44Ala	 44AlaN	None	17.0	5.0	16.0	-0.012780000000001124	0.001480000000000814	0.009045304196101672	1.0376718346602507	1.096467685776151
45	D	Asp	measured	0.5	8.157910000000001	121.86128000000001	23521100.0	49351200000.0	67.87544	27.281209999999998	gaussian	peak fit	45Asp	 45AspN	None	18.0	25.0	17.0	0.015200000000000102	0.0866800000000012	0.02532705209849769	0.5904290702432142	0.9631983262030416
46	G	Gly	measured	1.0	8.04222	108.88408999999999	22555500.0	19931400000.0	39.36892	19.80923	gaussian	peak fit	46Gly	 46GlyN	None	19.0	61.0	18.0	-0.008509999999999351	0.008809999999982665	0.0066311130287429075	0.9369041932335044	1.142678599070098
47	H	His	measured	1.0	8.0484	119.26158000000001	17547100.0	16314000000.0	41.25526	19.88899	gaussian	peak fit	47His	 47HisN	None	20.0	37.0	19.0	-0.01641000000000048	0.030810000000016657	0.014180690286445146	0.7765303051759541	0.8481105444564013
48	R	Arg	measured	1.0	8.18554	122.7307	26554800.0	30112900000.0	46.036359999999995	21.73925	gaussian	peak fit	48Arg	 48ArgN	None	21.0	68.0	20.0	0.006600000000000605	-0.03731000000000506	0.010918906859206668	0.8693807395766832	0.9211457692860661
49	G	Gly	measured	1.0	8.04537	109.98423000000001	15065000.0	10957800000.0	39.5931	16.21322	gaussian	peak fit	49Gly	 49GlyN	None	22.0	59.0	21.0	-0.017979999999999663	-0.00025999999998305157	0.012714045776226899	1.086674264610413	1.2424246203664755
50	P	Pro	unassigned	0.0	NaN	NaN	NaN	NaN	NaN	NaN	NaN	NaN	50Pro	NaN	None	NaN	NaN	NaN	NaN	NaN	NaN	NaN	NaN
51	S	Ser	measured	1.0	8.294	116.35226000000002	19414400.0	15470200000.0	39.886	17.63136	gaussian	peak fit	51Ser	 51SerN	None	23.0	51.0	22.0	-0.01311999999999891	0.0035300000000120235	0.009324133364554137	0.9505679592636115	1.0763300888465257
52	A	Ala	measured	1.0	8.2977	126.29636	20854500.0	20832700000.0	40.65938	21.68313	gaussian	peak fit	52Ala	 52AlaN	None	24.0	4.0	23.0	-0.003959999999999297	0.009740000000007853	0.0038054608130958234	0.4000817256779778	0.542299332300764
53	A	Ala	measured	1.0	7.9407	122.69384	16481900.0	15897300000.0	43.03328	19.78094	gaussian	peak fit	53Ala	 53AlaN	None	25.0	20.0	24.0	-0.00946000000000069	0.03160999999998637	0.010709306560181486	1.0976152263237458	1.1853042051893827
54	F	Phe	measured	1.0	8.00641	118.91175	27356400.0	19023800000.0	37.62507	16.31155	gaussian	peak fit	54Phe	 54PheN	None	26.0	40.0	25.0	-0.009349999999999525	0.036739999999994666	0.01175581481650541	1.008326422292254	0.9981792900805415
55	A	Ala	measured	1.0	7.887630000000001	127.35691000000001	10486900.0	9050040000.0	39.81828	19.12743	gaussian	peak fit	55Ala	 55AlaN	None	27.0	1.0	26.0	-0.013080000000000425	0.0004700000000212867	0.009249792592269674	1.2474677483628838	1.5541004888955288
56	P	Pro	unassigned	0.0	NaN	NaN	NaN	NaN	NaN	NaN	NaN	NaN	56Pro	NaN	None	NaN	NaN	NaN	NaN	NaN	NaN	NaN	NaN
57	A	Ala	measured	1.0	8.20363	124.32543000000001	16388900.0	28705100000.0	66.501	23.2443	gaussian	peak fit	57Ala	 57AlaN	None	28.0	11.0	27.0	-0.01144999999999996	-0.026019999999988386	0.010627515137601885	0.8971518034563738	0.354233947846776
58	A	Ala	measured	1.0	8.11534	123.69013999999999	23551200.0	30746800000.0	56.22076	20.49398	gaussian	peak fit	58Ala	 58AlaN	None	29.0	14.0	28.0	-0.009270000000000778	0.011279999999970869	0.007202300882354277	0.9931139176453225	1.1246086320409656
59	A	Ala	measured	1.0	8.05844	123.47685	19866700.0	48278500000.0	89.90257	23.85564	gaussian	peak fit	59Ala	 59AlaN	None	30.0	15.0	29.0	-0.015249999999999986	0.013310000000004152	0.011343816685754734	1.3163031379200678	1.075383902597663
60	E	Glu	measured	1.0	7.8465	119.15677	16664800.0	18167900000.0	40.06471	24.01476	gaussian	peak fit	60Glu	 60GluN	None	31.0	38.0	30.0	-0.01034999999999986	0.025869999999997617	0.010020440758768545	1.2074104665232102	1.5035793794638792
61	P	Pro	unassigned	0.0	NaN	NaN	NaN	NaN	NaN	NaN	NaN	NaN	61Pro	NaN	None	NaN	NaN	NaN	NaN	NaN	NaN	NaN	NaN
62	K	Lys	measured	0.5	8.20359	121.6225	18671800.0	84291800000.0	50.048	79.60651999999999	gaussian	peak fit	62Lys	 62LysN	None	32.0	70.0	31.0	-0.003149999999999764	-0.021610000000009677	0.006136016378728837	0.8693372815226602	0.2655997529650496
63	L	Leu	measured	1.0	8.0204	123.38306999999999	19919600.0	31221800000.0	60.033469999999994	23.04195	gaussian	peak fit	63Leu	 63LeuN	None	33.0	16.0	32.0	-0.01796000000000042	-0.001600000000010482	0.01270669115072881	1.3594212789189928	0.9320079404170212
64	F	Phe	measured	1.0	8.172239999999999	121.23213999999999	23001100.0	29440500000.0	48.84492	23.12666	gaussian	peak fit	64Phe	 64PheN	None	34.0	26.0	33.0	0.0026799999999980173	-0.0028900000000220416	0.002043488928280162	1.2357545801321657	0.24072363041700737
65	G	Gly	measured	1.0	8.174719999999999	111.18524	13805500.0	11256800000.0	37.93163	18.97115	gaussian	peak fit	65Gly	 65GlyN	None	35.0	57.0	34.0	-0.013570000000001414	0.010819999999995389	0.010187231714259238	1.1033190278676865	1.2580297632085973
66	G	Gly	measured	1.0	7.524839999999999	107.75545	17873000.0	11553400000.0	36.896209999999996	15.46209	gaussian	peak fit	66Gly	 66GlyN	None	36.0	66.0	35.0	-0.016540000000000887	0.00392999999999688	0.011761389798829567	1.5446107577433628	1.5091357482849246
67	F	Phe	measured	1.0	7.962969999999999	119.84074	19697300.0	16477400000.0	39.48131	18.69925	gaussian	peak fit	67Phe	 67PheN	None	37.0	34.0	36.0	-0.014730000000000132	-0.0025200000000182854	0.010437000431158772	1.2097963946810797	1.2368099080502908
68	N	Asn	unassigned	0.0	NaN	NaN	NaN	NaN	NaN	NaN	NaN	NaN	68Asn	NaN	None	NaN	NaN	NaN	NaN	NaN	NaN	NaN	NaN
69	S	Ser	measured	1.0	8.17275	117.05246000000001	20347100.0	21023400000.0	40.109609999999996	22.73463	gaussian	peak fit	69Ser	 69SerN	None	38.0	50.0	37.0	-0.013779999999998793	-0.001889999999988845	0.009756753917158125	0.6791331223882191	0.5515202392507673
70	S	Ser	measured	1.0	8.19241	117.36521	25454900.0	20493300000.0	37.98532	18.70504	gaussian	peak fit	70Ser	 70SerN	None	39.0	47.0	38.0	-0.01436999999999955	0.0008700000000203545	0.01016373125382583	0.6979280052423633	0.6894576063625781
71	D	Asp	unassigned	0.0	NaN	NaN	NaN	NaN	NaN	NaN	NaN	NaN	71Asp	NaN	None	NaN	NaN	NaN	NaN	NaN	NaN	NaN	NaN
72	T	Thr	measured	1.0	7.86562	114.3937	28683900.0	16980000000.0	34.50291	15.14184	gaussian	peak fit	72Thr	 72ThrN	None	40.0	55.0	39.0	-0.0103800000000005	0.007010000000008176	0.007570469404205608	1.031820945131712	1.1531252546654713
73	V	Val	measured	1.0	7.994680000000001	122.99951000000001	20813300.0	20252000000.0	39.778490000000005	21.588060000000002	gaussian	peak fit	73Val	 73ValN	None	41.0	18.0	40.0	-0.011209999999998388	0.015280000000004179	0.00889806372195608	1.0994992023159251	1.2523576009053188
74	T	Thr	measured	1.0	8.0765	118.12456999999999	20817200.0	15775900000.0	37.4347	17.86628	gaussian	peak fit	74Thr	 74ThrN	None	42.0	44.0	41.0	-0.010989999999999611	0.011589999999984002	0.008354221507715111	0.9903803153277448	0.9682981021826127
75	S	Ser	measured	1.0	8.12535	119.72887	20089500.0	18005800000.0	42.252759999999995	18.72077	gaussian	peak fit	75Ser	 75SerN	None	43.0	35.0	42.0	-0.011200000000000543	-0.00016000000000815362	0.007919709085566606	1.015688197702637	0.9928701799273233
76	P	Pro	unassigned	0.0	NaN	NaN	NaN	NaN	NaN	NaN	NaN	NaN	76Pro	NaN	None	NaN	NaN	NaN	NaN	NaN	NaN	NaN	NaN
77	Q	Gln	measured	1.0	8.2582	120.43593999999999	15452300.0	18071500000.0	46.23285	22.32474	gaussian	peak fit	77Gln	 77GlnN	None	44.0	29.0	43.0	-0.011309999999999931	0.008229999999983306	0.008288507284184529	1.1674272072044847	1.2024179436168019
78	R	Arg	measured	1.0	8.16194	122.79512	26785800.0	28760100000.0	45.07313	21.02346	gaussian	peak fit	78Arg	 78ArgN	None	45.0	19.0	44.0	-0.010899999999999466	0.013530000000002929	0.00849819174883691	0.8740333222389726	0.8909434488313378
79	A	Ala	measured	1.0	8.20348	125.61995	31696400.0	19208900000.0	34.772059999999996	15.38151	gaussian	peak fit	79Ala	 79AlaN	None	46.0	6.0	45.0	-0.010320000000000107	0.0006699999999995043	0.007299494708539835	3.4174679400786214	1.489674052129945
80	G	Gly	measured	1.0	8.050419999999999	108.54642	26524900.0	34222500000.0	50.88808	22.375729999999997	gaussian	peak fit	80Gly	 80GlyN	None	47.0	63.0	46.0	-0.003920000000000812	0.004809999999991987	0.0031617732366498825	1.3195220352305006	1.021472639845268
81	P	Pro	unassigned	0.0	NaN	NaN	NaN	NaN	NaN	NaN	NaN	NaN	81Pro	NaN	None	NaN	NaN	NaN	NaN	NaN	NaN	NaN	NaN
82	L	Leu	measured	1.0	8.18524	121.7902	21507500.0	109122000000.0	71.50341	62.622640000000004	gaussian	peak fit	82Leu	 82LeuN	None	48.0	69.0	47.0	-0.001809999999998979	-0.011420000000001096	0.003281340884455607	0.8737416414114741	1.0587892842242124
83	A	Ala	measured	1.0	8.07886	124.98851	10811300.0	9461800000.0	39.07142	19.76846	gaussian	peak fit	83Ala	 83AlaN	None	49.0	8.0	48.0	-0.009700000000000486	0.013510000000010791	0.0077344299725335365	1.5886448328964229	1.421790122993005
84	G	Gly	measured	1.0	8.152610000000001	108.02831	14859500.0	13311800000.0	42.157579999999996	18.75398	gaussian	peak fit	84Gly	 84GlyN	None	50.0	65.0	49.0	-0.010879999999998446	-0.008939999999995507	0.00819631380560646	1.3492567941814748	1.1140047700740616
85	G	Gly	measured	0.5	8.00666	108.42026000000001	21965000.0	35734600000.0	70.372	20.40296	gaussian	peak fit	85Gly	 85GlyN	None	51.0	71.0	50.0	-0.014450000000000074	-0.011859999999984439	0.010884264329754407	1.361436000421478	0.942624183256528
