Res#	1-letter	3-letter	Peak Status	Merit	Position F1	Position F2	Height	Volume	Line Width F1 (Hz)	Line Width F2 (Hz)	Fit Method	Vol. Method	Assign F1	Assign F2	Details	Number	#	index	H1_delta	N15_delta	CSP	Height_ratio	Vol_ratio
1	M	Met	unassigned	0.0	NaN	NaN	NaN	NaN	NaN	NaN	NaN	NaN	1Met	NaN	None	NaN	NaN	NaN	NaN	NaN	NaN	NaN	NaN
2	A	Ala	measured	1.0	8.33629	124.05065	7022290.0	55422300.0	16.90212	12.2826	gaussian	box sum	2Ala	 2AlaN	Max1	1.0	17.0	0.0	0.0	0.0	0.0	1.0	1.0
3	L	Leu	measured	1.0	8.09143	117.2689	9617220.0	81032700.0	20.1902	15.42045	gaussian	box sum	3Leu	 3LeuN	Max1	2.0	120.0	1.0	0.0	0.0	0.0	1.0	1.0
4	K	Lys	measured	1.0	7.9116800000000005	117.51068000000001	10142700.0	82687800.0	18.95305	12.68458	gaussian	box sum	4Lys	 4LysN	Max1	3.0	75.0	2.0	0.0	0.0	0.0	1.0	1.0
5	R	Arg	measured	1.0	7.7480199999999995	121.2897	6121270.0	50576200.0	20.83372	12.252939999999999	gaussian	box sum	5Arg	 5ArgN	Max1	4.0	44.0	3.0	0.0	0.0	0.0	1.0	1.0
6	I	Ile	measured	1.0	8.7186	122.42945	4670720.0	38297700.0	19.90211	13.189739999999999	gaussian	box sum	6Ile	 6IleN	Max1	5.0	28.0	4.0	0.0	0.0	0.0	1.0	1.0
7	Q	Gln	measured	1.0	8.52833	117.40682	7784790.0	61946100.0	18.03537	13.11314	gaussian	box sum	7Gln	 7GlnN	Max1	6.0	81.0	5.0	0.0	0.0	0.0	1.0	1.0
8	K	Lys	measured	1.0	7.869789999999999	122.46198999999999	8332450.0	68055900.0	21.83833	14.03006	lorentzian	box sum	8Lys	 8LysN	Max1	7.0	27.0	6.0	0.0	0.0	0.0	1.0	1.0
9	E	Glu	measured	1.0	8.61962	119.36118	6912620.0	57640700.0	19.45315	13.40388	gaussian	box sum	9Glu	 9GluN	Max1	8.0	63.0	7.0	0.0	0.0	0.0	1.0	1.0
10	L	Leu	measured	0.8	8.79295	120.37298	7558480.0	61329000.0	18.318479999999997	13.0378	gaussian	box sum	10Leu	 10LeuN	Max1	9.0	52.0	8.0	0.0	0.0	0.0	1.0	1.0
11	S	Ser	measured	1.0	8.21601	114.65385	3675230.0	31290800.0	31.05157	13.258779999999998	gaussian	box sum	11Ser	 11SerN	Max1	10.0	94.0	9.0	0.0	0.0	0.0	1.0	1.0
12	D	Asp	measured	1.0	8.51718	122.30053999999998	10470100.0	80926000.0	20.13093	12.59291	gaussian	box sum	12Asp	 12AspN	Max1	11.0	29.0	10.0	0.0	0.0	0.0	1.0	1.0
13	L	Leu	measured	1.0	8.20417	122.20858	5227420.0	44417900.0	30.103379999999998	14.086429999999998	gaussian	box sum	13Leu	 13LeuN	Max1	12.0	32.0	11.0	0.0	0.0	0.0	1.0	1.0
14	Q	Gln	measured	1.0	8.03566	115.06419	8307780.0	68652000.0	20.3316	12.79001	gaussian	box sum	14Gln	 14GlnN	Max1	13.0	92.0	12.0	0.0	0.0	0.0	1.0	1.0
15	R	Arg	measured	1.0	7.67702	118.07731000000001	3237020.0	27086000.0	20.72825	13.50335	gaussian	box sum	15Arg	 15ArgN	Max1	14.0	74.0	13.0	0.0	0.0	0.0	1.0	1.0
16	D	Asp	measured	1.0	7.7023600000000005	116.91747	7477390.0	62266200.0	26.0397	11.39423	gaussian	box sum	16Asp	 16AspN	Joao10	15.0	119.0	14.0	0.0	0.0	0.0	1.0	1.0
17	P	Pro	unassigned	0.0	NaN	NaN	NaN	NaN	NaN	NaN	NaN	NaN	17Pro	NaN	None	NaN	NaN	NaN	NaN	NaN	NaN	NaN	NaN
18	P	Pro	unassigned	0.0	NaN	NaN	NaN	NaN	NaN	NaN	NaN	NaN	18Pro	NaN	None	NaN	NaN	NaN	NaN	NaN	NaN	NaN	NaN
19	A	Ala	unassigned	0.0	NaN	NaN	NaN	NaN	NaN	NaN	NaN	NaN	19Ala	NaN	None	NaN	NaN	NaN	NaN	NaN	NaN	NaN	NaN
20	H	His	measured	1.0	7.951110000000001	121.69424	3046410.0	26674000.0	30.757070000000002	42.07391	parabolic	box sum	20His	 20HisN	Max3	16.0	107.0	15.0	0.0	0.0	0.0	1.0	1.0
21	C	Cys	measured	0.5	8.41457	114.68331	5331070.0	45567800.0	24.60497	12.43873	parabolic	box sum	21Cys	 21CysN	Max1	17.0	121.0	16.0	0.0	0.0	0.0	1.0	1.0
22	S	Ser	measured	1.0	8.19304	111.50983000000001	3256660.0	21318900.0	22.42539	14.082360000000001	gaussian	box sum	22Ser	 22SerN	Max1	18.0	102.0	17.0	0.0	0.0	0.0	1.0	1.0
23	A	Ala	measured	1.0	8.271930000000001	121.7454	8206150.0	68523000.0	19.2933	14.706710000000001	gaussian	box sum	23Ala	 23AlaN	Max1	19.0	38.0	18.0	0.0	0.0	0.0	1.0	1.0
24	G	Gly	measured	1.0	8.04804	103.94998000000001	6236570.0	52288700.0	22.46408	13.461739999999999	gaussian	box sum	24Gly	 24GlyN	Max1	20.0	112.0	19.0	0.0	0.0	0.0	1.0	1.0
25	P	Pro	unassigned	0.0	NaN	NaN	NaN	NaN	NaN	NaN	NaN	NaN	25Pro	NaN	None	NaN	NaN	NaN	NaN	NaN	NaN	NaN	NaN
26	V	Val	measured	1.0	8.5293	123.03648000000001	4708540.0	86529400.0	20.953670000000002	14.71628	gaussian	box sum	26Val	 26ValN	Max1	21.0	30.0	20.0	0.0	0.0	0.0	1.0	1.0
27	G	Gly	measured	1.0	8.7693	115.30611999999999	2219910.0	18557100.0	18.952479999999998	15.91211	gaussian	box sum	27Gly	 27GlyN	Max1	22.0	91.0	21.0	0.0	0.0	0.0	1.0	1.0
28	D	Asp	measured	1.0	8.57259	123.04592	4714760.0	38868800.0	24.22093	17.466910000000002	lorentzian	box sum	28Asp	 28AspN	Max1	23.0	25.0	22.0	0.0	0.0	0.0	1.0	1.0
29	D	Asp	measured	0.5	7.97761	119.72807	4745780.0	40884000.0	27.03261	31.019340000000003	parabolic	box sum	29Asp	 29AspN	Joao7	24.0	60.0	23.0	0.0	0.0	0.0	1.0	1.0
30	L	Leu	measured	1.0	8.697	125.78738	3640390.0	30307800.0	18.497989999999998	13.899560000000001	gaussian	box sum	30Leu	 30LeuN	Joao10	25.0	11.0	24.0	0.0	0.0	0.0	1.0	1.0
31	F	Phe	measured	1.0	8.41948	112.14177	3277060.0	28322000.0	25.69172	14.31412	parabolic	box sum	31Phe	 31PheN	Joao10	26.0	105.0	25.0	0.0	0.0	0.0	1.0	1.0
32	H	His	measured	0.5	8.02568	119.73086	1742760.0	15771100.0	82.32953	40.80369	parabolic	box sum	32His	 32HisN	Joao7	27.0	114.0	26.0	0.0	0.0	0.0	1.0	1.0
33	W	Trp	measured	1.0	9.72353	123.89573	2346370.0	19563200.0	25.189020000000003	17.6383	gaussian	box sum	33Trp	 33TrpN	Max1	28.0	19.0	27.0	0.0	0.0	0.0	1.0	1.0
34	Q	Gln	measured	1.0	8.71955	119.43933	3321800.0	27747800.0	25.41289	13.991589999999999	gaussian	box sum	34Gln	 34GlnN	Max1	29.0	58.0	28.0	0.0	0.0	0.0	1.0	1.0
35	A	Ala	measured	1.0	8.94163	126.18932	3959530.0	45876300.0	21.42935	15.6083	gaussian	box sum	35Ala	 35AlaN	Max1	30.0	18.0	29.0	0.0	0.0	0.0	1.0	1.0
36	T	Thr	measured	1.0	8.89927	113.78623	4875380.0	41213000.0	22.90411	12.60459	gaussian	box sum	36Thr	 36ThrN	Max1	31.0	101.0	30.0	0.0	0.0	0.0	1.0	1.0
37	I	Ile	unassigned	0.0	NaN	NaN	NaN	NaN	NaN	NaN	NaN	NaN	37Ile	NaN	None	NaN	NaN	NaN	NaN	NaN	NaN	NaN	NaN
38	M	Met	unassigned	0.0	NaN	NaN	NaN	NaN	NaN	NaN	NaN	NaN	38Met	NaN	None	NaN	NaN	NaN	NaN	NaN	NaN	NaN	NaN
39	G	Gly	measured	1.0	8.982619999999999	108.98308999999999	3861840.0	32591600.0	20.56251	14.72874	gaussian	box sum	39Gly	 39GlyN	Max1	32.0	110.0	31.0	0.0	0.0	0.0	1.0	1.0
40	P	Pro	unassigned	0.0	NaN	NaN	NaN	NaN	NaN	NaN	NaN	NaN	40Pro	NaN	None	NaN	NaN	NaN	NaN	NaN	NaN	NaN	NaN
41	P	Pro	unassigned	0.0	NaN	NaN	NaN	NaN	NaN	NaN	NaN	NaN	41Pro	NaN	None	NaN	NaN	NaN	NaN	NaN	NaN	NaN	NaN
42	D	Asp	measured	1.0	8.70379	116.06938999999998	5124860.0	42511600.0	23.22803	12.762	gaussian	box sum	42Asp	 42AspN	Max1	33.0	85.0	32.0	0.0	0.0	0.0	1.0	1.0
43	S	Ser	measured	1.0	7.9166300000000005	114.32767	8093550.0	67682600.0	22.31771	12.72003	gaussian	box sum	43Ser	 43SerN	Max1	34.0	97.0	33.0	0.0	0.0	0.0	1.0	1.0
44	A	Ala	measured	1.0	9.22739	123.61927	1325830.0	11285600.0	25.78868	14.255920000000001	gaussian	box sum	44Ala	 44AlaN	Max1	35.0	20.0	34.0	0.0	0.0	0.0	1.0	1.0
45	Y	Tyr	measured	1.0	7.4661800000000005	114.60936000000001	4179340.0	35228000.0	22.83397	12.71237	gaussian	box sum	45Tyr	 45TyrN	Max1	36.0	95.0	35.0	0.0	0.0	0.0	1.0	1.0
46	Q	Gln	measured	1.0	7.182110000000001	121.25119	7428110.0	60625800.0	18.31604	12.11433	gaussian	box sum	46Gln	 46GlnN	Max1	37.0	45.0	36.0	0.0	0.0	0.0	1.0	1.0
47	G	Gly	measured	1.0	9.20255	115.84028	4315990.0	32295400.0	21.40311	12.75094	gaussian	box sum	47Gly	 47GlyN	Max1	38.0	87.0	37.0	0.0	0.0	0.0	1.0	1.0
48	G	Gly	measured	1.0	8.37658	106.54823	7443550.0	60828300.0	18.83493	11.731539999999999	gaussian	box sum	48Gly	 48GlyN	Max1	39.0	111.0	38.0	0.0	0.0	0.0	1.0	1.0
49	V	Val	measured	1.0	8.795869999999999	125.50493999999999	6071040.0	52407800.0	22.90119	12.96851	parabolic	box sum	49Val	 49ValN	Max1	40.0	12.0	39.0	0.0	0.0	0.0	1.0	1.0
50	F	Phe	measured	1.0	8.77396	124.0932	5502750.0	43185400.0	24.88331	12.23305	gaussian	box sum	50Phe	 50PheN	Max1	41.0	15.0	40.0	0.0	0.0	0.0	1.0	1.0
51	F	Phe	measured	1.0	9.26907	121.13637	2779130.0	23068800.0	26.101110000000002	13.05987	gaussian	box sum	51Phe	 51PheN	Max1	42.0	46.0	41.0	0.0	0.0	0.0	1.0	1.0
52	L	Leu	measured	1.0	9.205110000000001	120.79581	5012170.0	42556100.0	23.38703	12.4475	gaussian	box sum	52Leu	 52LeuN	Max1	43.0	48.0	42.0	0.0	0.0	0.0	1.0	1.0
53	T	Thr	measured	1.0	9.161480000000001	113.96328999999999	4083650.0	34701500.0	23.02921	14.08407	gaussian	box sum	53Thr	 53ThrN	Max1	44.0	99.0	43.0	0.0	0.0	0.0	1.0	1.0
54	V	Val	measured	1.0	8.26817	122.18857	4069160.0	33244300.0	71.9033	17.68755	parabolic	box sum	54Val	 54ValN	Max1	45.0	33.0	44.0	0.0	0.0	0.0	1.0	1.0
55	H	His	measured	0.9	8.9189	125.94736999999999	3787000.0	33596500.0	24.3525	14.50242	gaussian	box sum	55His	 55HisN	Joao9	46.0	9.0	45.0	0.0	0.0	0.0	1.0	1.0
56	F	Phe	measured	0.9	8.99202	126.3458	1988440.0	16529300.0	86.80694	16.845029999999998	gaussian	box sum	56Phe	 56PheN	Joao9	47.0	8.0	46.0	0.0	0.0	0.0	1.0	1.0
57	P	Pro	unassigned	0.0	NaN	NaN	NaN	NaN	NaN	NaN	NaN	NaN	57Pro	NaN	None	NaN	NaN	NaN	NaN	NaN	NaN	NaN	NaN
58	T	Thr	measured	1.0	8.47204	110.70598999999999	3822840.0	31914500.0	18.89247	14.486670000000002	gaussian	box sum	58Thr	 58ThrN	Max1	48.0	108.0	47.0	0.0	0.0	0.0	1.0	1.0
59	D	Asp	measured	0.5	8.40355	114.69152	6033020.0	50927300.0	22.58106	12.15986	parabolic	box sum	59Asp	 59AspN	Max1	49.0	93.0	48.0	0.0	0.0	0.0	1.0	1.0
60	Y	Tyr	measured	1.0	7.568389999999999	123.40395	6962800.0	58080000.0	18.96591	12.8253	gaussian	box sum	60Tyr	 60TyrN	Max1	50.0	22.0	49.0	0.0	0.0	0.0	1.0	1.0
61	P	Pro	unassigned	0.0	NaN	NaN	NaN	NaN	NaN	NaN	NaN	NaN	61Pro	NaN	None	NaN	NaN	NaN	NaN	NaN	NaN	NaN	NaN
62	F	Phe	measured	0.9	9.006039999999999	124.66681000000001	5056470.0	31471700.0	23.67624	14.342139999999999	gaussian	box sum	62Phe	 62PheN	Joao9	51.0	115.0	50.0	0.0	0.0	0.0	1.0	1.0
63	K	Lys	measured	1.0	7.04828	118.74068	8223130.0	69793000.0	22.1231	12.21614	gaussian	box sum	63Lys	 63LysN	Joao10	52.0	70.0	51.0	0.0	0.0	0.0	1.0	1.0
64	P	Pro	unassigned	0.0	NaN	NaN	NaN	NaN	NaN	NaN	NaN	NaN	64Pro	NaN	None	NaN	NaN	NaN	NaN	NaN	NaN	NaN	NaN
65	P	Pro	unassigned	0.0	NaN	NaN	NaN	NaN	NaN	NaN	NaN	NaN	65Pro	NaN	None	NaN	NaN	NaN	NaN	NaN	NaN	NaN	NaN
66	K	Lys	measured	1.0	8.32273	120.78171	4280340.0	36973500.0	29.68634	16.24677	parabolic	box sum	66Lys	 66LysN	Max1	53.0	49.0	52.0	0.0	0.0	0.0	1.0	1.0
67	I	Ile	measured	1.0	8.71536	128.12991	4111370.0	34356200.0	20.45203	14.159239999999999	gaussian	box sum	67Ile	 67IleN	Max1	54.0	4.0	53.0	0.0	0.0	0.0	1.0	1.0
68	A	Ala	measured	1.0	8.23916	127.70188	6467680.0	55358000.0	25.71901	12.7277	gaussian	box sum	68Ala	 68AlaN	Max1	55.0	6.0	54.0	0.0	0.0	0.0	1.0	1.0
69	F	Phe	measured	1.0	9.773	122.28158	3442460.0	29446800.0	28.57273	15.02289	gaussian	box sum	69Phe	 69PheN	Max1	56.0	31.0	55.0	0.0	0.0	0.0	1.0	1.0
70	T	Thr	measured	1.0	9.59855	116.99496	3117910.0	25790700.0	19.834120000000002	12.315660000000001	gaussian	box sum	70Thr	 70ThrN	Max1	57.0	82.0	56.0	0.0	0.0	0.0	1.0	1.0
71	T	Thr	measured	1.0	7.56071	121.90083	8260080.0	67936500.0	18.88964	12.654539999999999	gaussian	box sum	71Thr	 71ThrN	Max1	58.0	36.0	57.0	0.0	0.0	0.0	1.0	1.0
72	K	Lys	measured	1.0	8.54006	128.27653	8072130.0	65430400.0	18.61198	12.40221	gaussian	box sum	72Lys	 72LysN	Max1	59.0	3.0	58.0	0.0	0.0	0.0	1.0	1.0
73	I	Ile	measured	1.0	8.31475	119.8631	7464220.0	63115600.0	22.594070000000002	13.5747	parabolic	box sum	73Ile	 73IleN	Max1	60.0	56.0	59.0	0.0	0.0	0.0	1.0	1.0
74	Y	Tyr	measured	1.0	8.669030000000001	131.95565	2060320.0	16823900.0	20.74022	16.9854	lorentzian	box sum	74Tyr	 74TyrN	Max1	61.0	2.0	60.0	0.0	0.0	0.0	1.0	1.0
75	H	His	measured	1.0	8.56836	129.95476000000002	4974650.0	41980800.0	23.93732	13.2297	parabolic	box sum	75His	 75HisN	Max1	62.0	1.0	61.0	0.0	0.0	0.0	1.0	1.0
76	P	Pro	unassigned	0.0	NaN	NaN	NaN	NaN	NaN	NaN	NaN	NaN	76Pro	NaN	None	NaN	NaN	NaN	NaN	NaN	NaN	NaN	NaN
77	N	Asn	unassigned	0.0	NaN	NaN	NaN	NaN	NaN	NaN	NaN	NaN	77Asn	NaN	None	NaN	NaN	NaN	NaN	NaN	NaN	NaN	NaN
78	I	Ile	measured	1.0	7.098560000000001	120.08921000000001	5920920.0	50518400.0	23.577070000000003	13.3975	gaussian	box sum	78Ile	 78IleN	Max1	63.0	54.0	62.0	0.0	0.0	0.0	1.0	1.0
79	N	Asn	measured	1.0	7.948689999999999	121.3723	6479540.0	55576100.0	30.861159999999998	16.59778	lorentzian	box sum	79Asn	 79AsnN	Max1	64.0	41.0	63.0	0.0	0.0	0.0	1.0	1.0
80	S	Ser	lost	0.0	NaN	NaN	NaN	NaN	NaN	NaN	NaN	NaN	80Ser	NaN	None	NaN	NaN	NaN	NaN	NaN	NaN	NaN	NaN
81	N	Asn	measured	1.0	7.59053	118.24713	3227930.0	27089900.0	20.92374	13.8171	gaussian	box sum	81Asn	 81AsnN	Max1	65.0	122.0	64.0	0.0	0.0	0.0	1.0	1.0
82	G	Gly	measured	1.0	8.4435	110.09442	5876720.0	49431300.0	20.07878	13.09825	gaussian	box sum	82Gly	 82GlyN	Max1	66.0	109.0	65.0	0.0	0.0	0.0	1.0	1.0
83	S	Ser	measured	1.0	7.74735	115.41703000000001	7602320.0	62482000.0	19.701810000000002	12.291789999999999	gaussian	box sum	83Ser	 83SerN	Max1	67.0	90.0	66.0	0.0	0.0	0.0	1.0	1.0
84	I	Ile	measured	1.0	8.52288	120.14703	5711040.0	47944200.0	26.485429999999997	13.468020000000001	gaussian	box sum	84Ile	 84IleN	Max1	68.0	53.0	67.0	0.0	0.0	0.0	1.0	1.0
85	C	Cys	measured	1.0	8.62278	127.75046999999999	4727030.0	39578200.0	21.65425	13.776829999999999	gaussian	box sum	85Cys	 85CysN	Max2	69.0	5.0	68.0	0.0	0.0	0.0	1.0	1.0
86	L	Leu	measured	1.0	7.31717	126.68943	4505230.0	37247900.0	25.95532	13.47845	parabolic	box sum	86Leu	 86LeuN	Max2	70.0	7.0	69.0	0.0	0.0	0.0	1.0	1.0
87	D	Asp	unassigned	0.0	NaN	NaN	NaN	NaN	NaN	NaN	NaN	NaN	87Asp	NaN	None	NaN	NaN	NaN	NaN	NaN	NaN	NaN	NaN
88	I	Ile	measured	1.0	8.35851	116.38358000000001	1891340.0	12649400.0	16.530839999999998	15.808229999999998	gaussian	box sum	88Ile	 88IleN	Max1	71.0	84.0	70.0	0.0	0.0	0.0	1.0	1.0
89	L	Leu	measured	1.0	7.144010000000001	113.85973	5448140.0	45602200.0	22.28971	13.22361	gaussian	box sum	89Leu	 89LeuN	Max1	72.0	100.0	71.0	0.0	0.0	0.0	1.0	1.0
90	R	Arg	measured	1.0	7.90694	121.33967	8716460.0	74438200.0	25.49632	12.53846	gaussian	box sum	90Arg	 90ArgN	Max1	73.0	42.0	72.0	0.0	0.0	0.0	1.0	1.0
91	S	Ser	lost	0.0	NaN	NaN	NaN	NaN	NaN	NaN	NaN	NaN	91Ser	NaN	None	NaN	NaN	NaN	NaN	NaN	NaN	NaN	NaN
92	Q	Gln	measured	1.0	7.82102	117.62357	5504120.0	47161200.0	22.87035	12.7195	parabolic	box sum	92Gln	 92GlnN	Max1	74.0	83.0	73.0	0.0	0.0	0.0	1.0	1.0
93	W	Trp	measured	1.0	7.4297	121.30571	7146240.0	59424500.0	20.3584	11.800980000000001	gaussian	box sum	93Trp	 93TrpN	Max1	75.0	43.0	74.0	0.0	0.0	0.0	1.0	1.0
94	S	Ser	measured	1.0	5.55547	120.89748	8229320.0	68796300.0	19.502229999999997	12.08295	gaussian	box sum	94Ser	 94SerN	Max1	76.0	47.0	75.0	0.0	0.0	0.0	1.0	1.0
95	P	Pro	unassigned	0.0	NaN	NaN	NaN	NaN	NaN	NaN	NaN	NaN	95Pro	NaN	None	NaN	NaN	NaN	NaN	NaN	NaN	NaN	NaN
96	A	Ala	measured	1.0	7.235060000000001	118.52553	4617550.0	38380800.0	19.424789999999998	12.97441	gaussian	box sum	96Ala	 96AlaN	Max1	77.0	72.0	76.0	0.0	0.0	0.0	1.0	1.0
97	L	Leu	measured	1.0	7.320119999999999	119.56403999999999	8370700.0	68778600.0	18.79253	12.27483	gaussian	box sum	97Leu	 97LeuN	Max1	78.0	59.0	77.0	0.0	0.0	0.0	1.0	1.0
98	T	Thr	measured	1.0	6.11297	101.73092	3951950.0	34282400.0	24.73607	16.12521	parabolic	box sum	98Thr	 98ThrN	Max1	79.0	113.0	78.0	0.0	0.0	0.0	1.0	1.0
99	V	Val	measured	1.0	10.25043	123.55325	3833080.0	30583300.0	21.449379999999998	13.729270000000001	gaussian	box sum	99Val	 99ValN	Max1	80.0	21.0	79.0	0.0	0.0	0.0	1.0	1.0
100	S	Ser	unassigned	0.0	NaN	NaN	NaN	NaN	NaN	NaN	NaN	NaN	100Ser	NaN	None	NaN	NaN	NaN	NaN	NaN	NaN	NaN	NaN
101	K	Lys	measured	1.0	7.68112	119.91682	3607710.0	30452700.0	27.746679999999998	13.368429999999998	parabolic	box sum	101Lys	 101LysN	Joao10	81.0	55.0	80.0	0.0	0.0	0.0	1.0	1.0
102	V	Val	measured	1.0	8.49179	121.82888	4525630.0	38913800.0	33.83323	33.5869	parabolic	box sum	102Val	 102ValN	Joao10	82.0	37.0	81.0	0.0	0.0	0.0	1.0	1.0
103	L	Leu	measured	1.0	8.91501	119.70244	4484160.0	37581600.0	26.01614	14.37854	parabolic	box sum	103Leu	 103LeuN	Joao10	83.0	62.0	82.0	0.0	0.0	0.0	1.0	1.0
104	L	Leu	measured	1.0	8.17102	120.52203999999999	5647500.0	46597400.0	18.96354	16.01473	gaussian	box sum	104Leu	 104LeuN	Joao10	84.0	51.0	83.0	0.0	0.0	0.0	1.0	1.0
105	S	Ser	measured	1.0	8.077589999999999	117.4473	8456800.0	71445100.0	21.853270000000002	14.934370000000001	gaussian	box sum	105Ser	 105SerN	Max2	85.0	80.0	84.0	0.0	0.0	0.0	1.0	1.0
106	I	Ile	measured	1.0	8.51116	124.44752	807512.0	7088460.0	25.56706	28.365790000000004	gaussian	box sum	106Ile	 106IleN	Max2	86.0	117.0	85.0	0.0	0.0	0.0	1.0	1.0
107	C	Cys	measured	1.0	8.30007	119.18268	5364170.0	43391500.0	17.58686	12.86178	gaussian	box sum	107Cys	 107CysN	Max2	87.0	65.0	86.0	0.0	0.0	0.0	1.0	1.0
108	S	Ser	measured	1.0	8.15581	114.51978000000001	8435290.0	69119000.0	16.593629999999997	12.73964	gaussian	box sum	108Ser	 108SerN	Max2	88.0	96.0	87.0	0.0	0.0	0.0	1.0	1.0
109	L	Leu	measured	1.0	7.85681	124.22061000000001	7579660.0	61509300.0	18.667679999999997	12.9646	gaussian	box sum	109Leu	 109LeuN	Max2	89.0	16.0	88.0	0.0	0.0	0.0	1.0	1.0
110	L	Leu	measured	0.8	8.0181	119.47684	6573770.0	55556000.0	23.790010000000002	14.256979999999999	gaussian	box sum	110Leu	 110LeuN	Joao8	90.0	79.0	89.0	0.0	0.0	0.0	1.0	1.0
111	C	Cys	measured	1.0	7.23855	114.21756	6393730.0	53683900.0	21.08107	13.39381	gaussian	box sum	111Cys	 111CysN	Joao10	91.0	98.0	90.0	0.0	0.0	0.0	1.0	1.0
112	D	Asp	measured	1.0	8.1678	118.90658	7152280.0	61810900.0	24.69599	13.58872	parabolic	box sum	112Asp	 112AspN	Joao10	92.0	66.0	91.0	0.0	0.0	0.0	1.0	1.0
113	P	Pro	unassigned	0.0	NaN	NaN	NaN	NaN	NaN	NaN	NaN	NaN	113Pro	NaN	None	NaN	NaN	NaN	NaN	NaN	NaN	NaN	NaN
114	N	Asn	measured	1.0	8.61135	115.47195	5006120.0	43422600.0	28.308909999999997	13.27484	parabolic	box sum	114Asn	 114AsnN	Joao10	93.0	89.0	92.0	0.0	0.0	0.0	1.0	1.0
115	P	Pro	unassigned	0.0	NaN	NaN	NaN	NaN	NaN	NaN	NaN	NaN	115Pro	NaN	None	NaN	NaN	NaN	NaN	NaN	NaN	NaN	NaN
116	D	Asp	measured	1.0	7.67656	118.0671	9706390.0	82687800.0	23.4315	16.59812	parabolic	box sum	116Asp	 116AspN	Joao9	94.0	116.0	93.0	0.0	0.0	0.0	1.0	1.0
117	D	Asp	measured	1.0	6.70883	118.37818	7447530.0	62580800.0	22.560679999999998	11.722760000000001	gaussian	box sum	117Asp	 117AspN	Joao10	95.0	73.0	94.0	0.0	0.0	0.0	1.0	1.0
118	P	Pro	unassigned	0.0	NaN	NaN	NaN	NaN	NaN	NaN	NaN	NaN	118Pro	NaN	None	NaN	NaN	NaN	NaN	NaN	NaN	NaN	NaN
119	L	Leu	measured	1.0	8.59924	118.88123	3036440.0	29495500.0	32.89833	14.19846	parabolic	box sum	119Leu	 119LeuN	Joao10	96.0	68.0	95.0	0.0	0.0	0.0	1.0	1.0
120	V	Val	measured	1.0	7.5625800000000005	118.58138999999998	4891200.0	41474900.0	25.28783	11.58343	gaussian	box sum	120Val	 120ValN	Joao9	97.0	71.0	96.0	0.0	0.0	0.0	1.0	1.0
121	P	Pro	unassigned	0.0	NaN	NaN	NaN	NaN	NaN	NaN	NaN	NaN	121Pro	NaN	None	NaN	NaN	NaN	NaN	NaN	NaN	NaN	NaN
122	D	Asp	unassigned	0.0	NaN	NaN	NaN	NaN	NaN	NaN	NaN	NaN	122Asp	NaN	None	NaN	NaN	NaN	NaN	NaN	NaN	NaN	NaN
123	I	Ile	measured	1.0	6.90373	118.92018	5682260.0	47481900.0	21.78155	12.23945	gaussian	box sum	123Ile	 123IleN	Max1	98.0	67.0	97.0	0.0	0.0	0.0	1.0	1.0
124	A	Ala	measured	1.0	7.752739999999999	121.97438000000001	7702420.0	62562300.0	18.44355	12.1795	gaussian	box sum	124Ala	 124AlaN	Max1	99.0	35.0	98.0	0.0	0.0	0.0	1.0	1.0
125	Q	Gln	measured	1.0	7.99903	115.52143999999998	10599500.0	85893400.0	17.97857	12.24478	gaussian	box sum	125Gln	 125GlnN	Max1	100.0	88.0	99.0	0.0	0.0	0.0	1.0	1.0
126	I	Ile	measured	1.0	7.554130000000001	122.17735	7926020.0	65839300.0	21.31363	13.3587	gaussian	box sum	126Ile	 126IleN	Max1	101.0	34.0	100.0	0.0	0.0	0.0	1.0	1.0
127	Y	Tyr	measured	1.0	8.50197	119.17918999999999	6975420.0	56900400.0	17.72441	13.23396	gaussian	box sum	127Tyr	 127TyrN	Max1	102.0	64.0	101.0	0.0	0.0	0.0	1.0	1.0
128	K	Lys	measured	1.0	7.658939999999999	112.04778	7557200.0	62895100.0	20.060370000000002	13.20186	gaussian	box sum	128Lys	 128LysN	Max1	103.0	106.0	102.0	0.0	0.0	0.0	1.0	1.0
129	S	Ser	measured	1.0	7.88271	112.69363	7591580.0	64966000.0	22.87164	12.35731	parabolic	box sum	129Ser	 129SerN	Max1	104.0	103.0	103.0	0.0	0.0	0.0	1.0	1.0
130	D	Asp	measured	1.0	9.03921	124.77821999999999	8611480.0	72555200.0	24.33997	12.62546	gaussian	box sum	130Asp	 130AspN	Max1	105.0	14.0	104.0	0.0	0.0	0.0	1.0	1.0
131	K	Lys	measured	1.0	8.6619	125.2428	8122360.0	65684400.0	17.96666	12.52466	gaussian	box sum	131Lys	 131LysN	Max1	106.0	13.0	105.0	0.0	0.0	0.0	1.0	1.0
132	E	Glu	measured	0.5	8.241769999999999	117.6818	9953560.0	80830900.0	17.11638	12.8477	gaussian	box sum	132Glu	 132GluN	Max1	107.0	118.0	106.0	0.0	0.0	0.0	1.0	1.0
133	K	Lys	measured	1.0	7.604830000000001	123.22623999999999	10108800.0	83493100.0	18.18354	12.75596	gaussian	box sum	133Lys	 133LysN	Max1	108.0	23.0	107.0	0.0	0.0	0.0	1.0	1.0
134	Y	Tyr	measured	1.0	8.233310000000001	118.7708	6662180.0	53591300.0	20.6928	13.74376	gaussian	box sum	134Tyr	 134TyrN	Max1	109.0	69.0	108.0	0.0	0.0	0.0	1.0	1.0
135	N	Asn	measured	1.0	8.65359	117.49108000000001	7231430.0	59648200.0	17.89604	12.73645	gaussian	box sum	135Asn	 135AsnN	Max1	110.0	78.0	109.0	0.0	0.0	0.0	1.0	1.0
136	R	Arg	measured	1.0	7.88593	120.59495	9481510.0	77079600.0	16.28686	12.42485	gaussian	box sum	136Arg	 136ArgN	Max1	111.0	50.0	110.0	0.0	0.0	0.0	1.0	1.0
137	H	His	measured	1.0	7.9749	119.55508999999999	9282730.0	76640300.0	18.30826	13.69935	gaussian	box sum	137His	 137HisN	Max1	112.0	77.0	111.0	0.0	0.0	0.0	1.0	1.0
138	A	Ala	measured	1.0	8.53749	121.45562	8479270.0	70118800.0	18.32948	13.98205	gaussian	box sum	138Ala	 138AlaN	Max1	113.0	40.0	112.0	0.0	0.0	0.0	1.0	1.0
139	R	Arg	measured	1.0	8.502839999999999	121.54597	9002780.0	75417400.0	19.535320000000002	13.268229999999999	gaussian	box sum	139Arg	 139ArgN	Max1	114.0	39.0	113.0	0.0	0.0	0.0	1.0	1.0
140	E	Glu	measured	1.0	8.44768	122.36295	9878320.0	79565000.0	17.61042	12.269680000000001	gaussian	box sum	140Glu	 140GluN	Max1	115.0	123.0	114.0	0.0	0.0	0.0	1.0	1.0
141	W	Trp	measured	1.0	9.28759	119.70342	4958140.0	41137100.0	18.63158	13.128829999999999	gaussian	box sum	141Trp	 141TrpN	Max1	116.0	57.0	115.0	0.0	0.0	0.0	1.0	1.0
142	T	Thr	measured	1.0	8.50769	124.6817	5776370.0	47852000.0	17.7871	15.00976	gaussian	box sum	142Thr	 142ThrN	Max1	117.0	124.0	116.0	0.0	0.0	0.0	1.0	1.0
143	Q	Gln	measured	1.0	8.09246	119.54071	8693060.0	72151100.0	19.251479999999997	12.73986	gaussian	box sum	143Gln	 143GlnN	Max1	118.0	61.0	117.0	0.0	0.0	0.0	1.0	1.0
144	K	Lys	measured	1.0	7.90563	116.00846000000001	9898500.0	80763500.0	18.611279999999997	12.29606	gaussian	box sum	144Lys	 144LysN	Max1	119.0	86.0	118.0	0.0	0.0	0.0	1.0	1.0
145	Y	Tyr	measured	1.0	7.98338	112.46638999999999	6187420.0	53404900.0	24.46355	12.64405	parabolic	box sum	145Tyr	 145TyrN	Max1	120.0	104.0	119.0	0.0	0.0	0.0	1.0	1.0
146	A	Ala	measured	1.0	8.21621	123.12631	6403460.0	55426300.0	25.765970000000003	14.84707	parabolic	box sum	146Ala	 146AlaN	Max1	121.0	24.0	120.0	0.0	0.0	0.0	1.0	1.0
147	M	Met	measured	1.0	7.246339999999999	122.60221000000001	12906400.0	111401000.0	21.238020000000002	11.83	parabolic	box sum	147Met	 147MetN	Max1	122.0	26.0	121.0	0.0	0.0	0.0	1.0	1.0
