Res#	1-letter	3-letter	Peak Status	Merit	Position F1	Position F2	Height	Volume	Line Width F1 (Hz)	Line Width F2 (Hz)	Fit Method	Vol. Method	Assign F1	Assign F2	Details	Number	#	index	H1_delta	N15_delta	CSP	Height_ratio	Vol_ratio
31	P	Pro	unassigned	0.0	NaN	NaN	NaN	NaN	NaN	NaN	NaN	NaN	31Pro	NaN	None	NaN	NaN	NaN	NaN	NaN	NaN	NaN	NaN
32	V	Val	measured	1.0	8.209710000000001	120.55859	9596250.0	2139650000.0	19.97441	12.317680000000001	parabolic	peak fit	32Val	 32ValN	None	1.0	1.0	0.0	0.0	0.0	0.0	1.0	1.0
33	T	Thr	unassigned	0.0	NaN	NaN	NaN	NaN	NaN	NaN	NaN	NaN	33Thr	NaN	None	NaN	NaN	NaN	NaN	NaN	NaN	NaN	NaN
34	S	Ser	unassigned	0.0	NaN	NaN	NaN	NaN	NaN	NaN	NaN	NaN	34Ser	NaN	None	NaN	NaN	NaN	NaN	NaN	NaN	NaN	NaN
35	F	Phe	measured	1.0	8.47467	120.74826999999999	4762420.0	12754500000.0	30.26231	14.06644	parabolic	peak fit	35Phe	 35PheN	None	2.0	2.0	1.0	0.0	0.0	0.0	1.0	1.0
36	D	Asp	measured	1.0	7.58558	117.88415	20687100.0	1653710000.0	21.10803	11.22444	parabolic	peak fit	36Asp	 36AspN	None	3.0	3.0	2.0	0.0	0.0	0.0	1.0	1.0
37	C	Cys	measured	1.0	8.92868	125.68731000000001	12961600.0	1093180000.0	22.16974	12.209439999999999	parabolic	peak fit	37Cys	 37CysN	None	4.0	4.0	3.0	0.0	0.0	0.0	1.0	1.0
38	A	Ala	measured	1.0	8.827639999999999	130.38482	6652800.0	770642000.0	34.8942	11.39609	parabolic	peak fit	38Ala	 38AlaN	None	5.0	5.0	4.0	0.0	0.0	0.0	1.0	1.0
39	V	Val	measured	1.0	9.51895	120.34435	18609900.0	1640190000.0	22.16059	10.94747	parabolic	peak fit	39Val	 39ValN	None	6.0	6.0	5.0	0.0	0.0	0.0	1.0	1.0
40	C	Cys	measured	1.0	8.27935	118.5734	18829600.0	1535860000.0	20.925639999999998	11.76418	parabolic	peak fit	40Cys	 40CysN	None	7.0	7.0	6.0	0.0	0.0	0.0	1.0	1.0
41	L	Leu	measured	1.0	8.02873	118.39016000000001	19989600.0	1526720000.0	20.748160000000002	12.238480000000001	parabolic	peak fit	41Leu	 41LeuN	None	8.0	8.0	7.0	0.0	0.0	0.0	1.0	1.0
42	E	Glu	measured	1.0	8.26648	121.17218000000001	23058300.0	2354290000.0	21.218120000000003	12.13684	parabolic	peak fit	42Glu	 42GluN	None	9.0	9.0	8.0	0.0	0.0	0.0	1.0	1.0
43	V	Val	measured	1.0	8.41216	120.35608	23633500.0	3023500000.0	25.63111	16.169539999999998	parabolic	peak fit	43Val	 43ValN	None	10.0	10.0	9.0	0.0	0.0	0.0	1.0	1.0
44	L	Leu	measured	1.0	8.57426	126.91795	17163000.0	1314170000.0	19.67898	12.51929	parabolic	peak fit	44Leu	 44LeuN	None	11.0	11.0	10.0	0.0	0.0	0.0	1.0	1.0
45	H	His	measured	1.0	8.39072	122.48069	9019590.0	1350880000.0	27.621909999999996	13.98255	parabolic	peak fit	45His	 45HisN	None	12.0	12.0	11.0	0.0	0.0	0.0	1.0	1.0
46	Q	Gln	measured	1.0	8.95399	121.49337	6379470.0	592828000.0	29.07178	13.131089999999999	parabolic	peak fit	46Gln	 46GlnN	None	13.0	13.0	12.0	0.0	0.0	0.0	1.0	1.0
47	P	Pro	unassigned	0.0	NaN	NaN	NaN	NaN	NaN	NaN	NaN	NaN	47Pro	NaN	None	NaN	NaN	NaN	NaN	NaN	NaN	NaN	NaN
48	V	Val	unassigned	0.0	NaN	NaN	NaN	NaN	NaN	NaN	NaN	NaN	48Val	NaN	None	NaN	NaN	NaN	NaN	NaN	NaN	NaN	NaN
49	R	Arg	unassigned	0.0	NaN	NaN	NaN	NaN	NaN	NaN	NaN	NaN	49Arg	NaN	None	NaN	NaN	NaN	NaN	NaN	NaN	NaN	NaN
50	T	Thr	unassigned	0.0	NaN	NaN	NaN	NaN	NaN	NaN	NaN	NaN	50Thr	NaN	None	NaN	NaN	NaN	NaN	NaN	NaN	NaN	NaN
51	R	Arg	unassigned	0.0	NaN	NaN	NaN	NaN	NaN	NaN	NaN	NaN	51Arg	NaN	None	NaN	NaN	NaN	NaN	NaN	NaN	NaN	NaN
52	C	Cys	measured	1.0	7.5815	113.2739	19711600.0	1582500000.0	20.83237	12.96198	parabolic	peak fit	52Cys	 52CysN	None	14.0	14.0	13.0	0.0	0.0	0.0	1.0	1.0
53	G	Gly	measured	1.0	8.05702	110.20188	21215000.0	1487410000.0	19.27907	11.44587	parabolic	peak fit	53Gly	 53GlyN	None	15.0	15.0	14.0	0.0	0.0	0.0	1.0	1.0
54	H	His	measured	1.0	7.650110000000001	122.76983	17495100.0	1403200000.0	21.93481	11.144860000000001	parabolic	peak fit	54His	 54HisN	None	16.0	16.0	15.0	0.0	0.0	0.0	1.0	1.0
55	V	Val	measured	1.0	7.8708	120.1597	19375900.0	1857860000.0	22.97891	12.22079	parabolic	peak fit	55Val	 55ValN	None	17.0	17.0	16.0	0.0	0.0	0.0	1.0	1.0
56	F	Phe	measured	1.0	8.55287	122.04545	23960000.0	2403030000.0	23.59437	20.3482	parabolic	peak fit	56Phe	 56PheN	None	18.0	18.0	17.0	0.0	0.0	0.0	1.0	1.0
57	C	Cys	unassigned	0.0	NaN	NaN	NaN	NaN	NaN	NaN	NaN	NaN	57Cys	NaN	None	NaN	NaN	NaN	NaN	NaN	NaN	NaN	NaN
58	R	Arg	unassigned	0.0	NaN	NaN	NaN	NaN	NaN	NaN	NaN	NaN	58Arg	NaN	None	NaN	NaN	NaN	NaN	NaN	NaN	NaN	NaN
59	S	Ser	unassigned	0.0	NaN	NaN	NaN	NaN	NaN	NaN	NaN	NaN	59Ser	NaN	None	NaN	NaN	NaN	NaN	NaN	NaN	NaN	NaN
60	C	Cys	unassigned	0.0	NaN	NaN	NaN	NaN	NaN	NaN	NaN	NaN	60Cys	NaN	None	NaN	NaN	NaN	NaN	NaN	NaN	NaN	NaN
61	I	Ile	unassigned	0.0	NaN	NaN	NaN	NaN	NaN	NaN	NaN	NaN	61Ile	NaN	None	NaN	NaN	NaN	NaN	NaN	NaN	NaN	NaN
62	A	Ala	unassigned	0.0	NaN	NaN	NaN	NaN	NaN	NaN	NaN	NaN	62Ala	NaN	None	NaN	NaN	NaN	NaN	NaN	NaN	NaN	NaN
63	T	Thr	unassigned	0.0	NaN	NaN	NaN	NaN	NaN	NaN	NaN	NaN	63Thr	NaN	None	NaN	NaN	NaN	NaN	NaN	NaN	NaN	NaN
64	S	Ser	unassigned	0.0	NaN	NaN	NaN	NaN	NaN	NaN	NaN	NaN	64Ser	NaN	None	NaN	NaN	NaN	NaN	NaN	NaN	NaN	NaN
65	L	Leu	unassigned	0.0	NaN	NaN	NaN	NaN	NaN	NaN	NaN	NaN	65Leu	NaN	None	NaN	NaN	NaN	NaN	NaN	NaN	NaN	NaN
66	K	Lys	unassigned	0.0	NaN	NaN	NaN	NaN	NaN	NaN	NaN	NaN	66Lys	NaN	None	NaN	NaN	NaN	NaN	NaN	NaN	NaN	NaN
67	N	Asn	unassigned	0.0	NaN	NaN	NaN	NaN	NaN	NaN	NaN	NaN	67Asn	NaN	None	NaN	NaN	NaN	NaN	NaN	NaN	NaN	NaN
68	N	Asn	unassigned	0.0	NaN	NaN	NaN	NaN	NaN	NaN	NaN	NaN	68Asn	NaN	None	NaN	NaN	NaN	NaN	NaN	NaN	NaN	NaN
69	K	Lys	unassigned	0.0	NaN	NaN	NaN	NaN	NaN	NaN	NaN	NaN	69Lys	NaN	None	NaN	NaN	NaN	NaN	NaN	NaN	NaN	NaN
70	W	Trp	unassigned	0.0	NaN	NaN	NaN	NaN	NaN	NaN	NaN	NaN	70Trp	NaN	None	NaN	NaN	NaN	NaN	NaN	NaN	NaN	NaN
71	T	Thr	unassigned	0.0	NaN	NaN	NaN	NaN	NaN	NaN	NaN	NaN	71Thr	NaN	None	NaN	NaN	NaN	NaN	NaN	NaN	NaN	NaN
72	C	Cys	unassigned	0.0	NaN	NaN	NaN	NaN	NaN	NaN	NaN	NaN	72Cys	NaN	None	NaN	NaN	NaN	NaN	NaN	NaN	NaN	NaN
73	P	Pro	unassigned	0.0	NaN	NaN	NaN	NaN	NaN	NaN	NaN	NaN	73Pro	NaN	None	NaN	NaN	NaN	NaN	NaN	NaN	NaN	NaN
74	Y	Tyr	unassigned	0.0	NaN	NaN	NaN	NaN	NaN	NaN	NaN	NaN	74Tyr	NaN	None	NaN	NaN	NaN	NaN	NaN	NaN	NaN	NaN
75	C	Cys	unassigned	0.0	NaN	NaN	NaN	NaN	NaN	NaN	NaN	NaN	75Cys	NaN	None	NaN	NaN	NaN	NaN	NaN	NaN	NaN	NaN
76	R	Arg	unassigned	0.0	NaN	NaN	NaN	NaN	NaN	NaN	NaN	NaN	76Arg	NaN	None	NaN	NaN	NaN	NaN	NaN	NaN	NaN	NaN
77	A	Ala	unassigned	0.0	NaN	NaN	NaN	NaN	NaN	NaN	NaN	NaN	77Ala	NaN	None	NaN	NaN	NaN	NaN	NaN	NaN	NaN	NaN
78	Y	Tyr	unassigned	0.0	NaN	NaN	NaN	NaN	NaN	NaN	NaN	NaN	78Tyr	NaN	None	NaN	NaN	NaN	NaN	NaN	NaN	NaN	NaN
79	L	Leu	unassigned	0.0	NaN	NaN	NaN	NaN	NaN	NaN	NaN	NaN	79Leu	NaN	None	NaN	NaN	NaN	NaN	NaN	NaN	NaN	NaN
80	P	Pro	unassigned	0.0	NaN	NaN	NaN	NaN	NaN	NaN	NaN	NaN	80Pro	NaN	None	NaN	NaN	NaN	NaN	NaN	NaN	NaN	NaN
81	S	Ser	measured	1.0	9.5578	123.02646999999999	10748600.0	1191460000.0	25.76053	13.6955	parabolic	peak fit	81Ser	 81SerN	None	19.0	19.0	18.0	0.0	0.0	0.0	1.0	1.0
82	E	Glu	unassigned	0.0	NaN	NaN	NaN	NaN	NaN	NaN	NaN	NaN	82Glu	NaN	None	NaN	NaN	NaN	NaN	NaN	NaN	NaN	NaN
83	G	Gly	unassigned	0.0	NaN	NaN	NaN	NaN	NaN	NaN	NaN	NaN	83Gly	NaN	None	NaN	NaN	NaN	NaN	NaN	NaN	NaN	NaN
84	V	Val	unassigned	0.0	NaN	NaN	NaN	NaN	NaN	NaN	NaN	NaN	84Val	NaN	None	NaN	NaN	NaN	NaN	NaN	NaN	NaN	NaN
85	P	Pro	unassigned	0.0	NaN	NaN	NaN	NaN	NaN	NaN	NaN	NaN	85Pro	NaN	None	NaN	NaN	NaN	NaN	NaN	NaN	NaN	NaN
86	A	Ala	measured	1.0	8.800130000000001	130.74546	14237000.0	1116850000.0	20.71255	13.301060000000001	parabolic	peak fit	86Ala	 86AlaN	None	20.0	20.0	19.0	0.0	0.0	0.0	1.0	1.0
87	T	Thr	measured	1.0	7.83663	116.75956000000001	4867600.0	441846000.0	21.71051	17.49054	parabolic	peak fit	87Thr	 87ThrN	None	21.0	21.0	20.0	0.0	0.0	0.0	1.0	1.0
88	D	Asp	unassigned	0.0	NaN	NaN	NaN	NaN	NaN	NaN	NaN	NaN	88Asp	NaN	None	NaN	NaN	NaN	NaN	NaN	NaN	NaN	NaN
89	V	Val	measured	1.0	7.400189999999999	123.92385	21404300.0	1497420000.0	18.21077	12.00628	parabolic	peak fit	89Val	 89ValN	None	22.0	22.0	21.0	0.0	0.0	0.0	1.0	1.0
90	A	Ala	measured	1.0	8.07737	120.98938000000001	26212000.0	2046670000.0	20.01701	16.52475	parabolic	peak fit	90Ala	 90AlaN	None	23.0	23.0	22.0	0.0	0.0	0.0	1.0	1.0
91	K	Lys	measured	1.0	8.051110000000001	117.24654	38499800.0	2063170000.0	14.91782	11.52843	parabolic	peak fit	91Lys	 91LysN	None	24.0	24.0	23.0	0.0	0.0	0.0	1.0	1.0
92	R	Arg	measured	1.0	7.6781	120.48656000000001	30347700.0	1845250000.0	16.802570000000003	11.47294	parabolic	peak fit	92Arg	 92ArgN	None	25.0	25.0	24.0	0.0	0.0	0.0	1.0	1.0
93	M	Met	measured	1.0	8.07515	116.70568	47519300.0	1268040000.0	18.106189999999998	13.02793	parabolic	peak fit	93Met	 93MetN	None	26.0	26.0	25.0	0.0	0.0	0.0	1.0	1.0
94	K	Lys	measured	1.0	7.0716	114.52221999999999	15667000.0	1348920000.0	20.37904	13.76106	parabolic	peak fit	94Lys	 94LysN	None	27.0	27.0	26.0	0.0	0.0	0.0	1.0	1.0
95	S	Ser	measured	1.0	7.39319	110.35101999999999	15177300.0	1547760000.0	23.40794	12.34412	parabolic	peak fit	95Ser	 95SerN	None	28.0	28.0	27.0	0.0	0.0	0.0	1.0	1.0
96	E	Glu	measured	1.0	6.9527600000000005	121.6511	17295900.0	1454600000.0	25.08747	10.80505	parabolic	peak fit	96Glu	 96GluN	None	29.0	29.0	28.0	0.0	0.0	0.0	1.0	1.0
97	Y	Tyr	measured	1.0	8.78812	120.76123999999999	21995300.0	2116870000.0	22.22247	11.22127	parabolic	peak fit	97Tyr	 97TyrN	None	30.0	30.0	29.0	0.0	0.0	0.0	1.0	1.0
98	K	Lys	measured	1.0	8.914760000000001	121.0646	28710100.0	2004790000.0	19.04148	10.81742	parabolic	peak fit	98Lys	 98LysN	None	31.0	31.0	30.0	0.0	0.0	0.0	1.0	1.0
99	N	Asn	measured	1.0	8.53401	121.84188999999999	32406300.0	2259770000.0	17.95842	13.76208	parabolic	peak fit	99Asn	 99AsnN	None	32.0	32.0	31.0	0.0	0.0	0.0	1.0	1.0
100	C	Cys	measured	1.0	8.92625	126.89198999999999	22134300.0	1373370000.0	19.31738	11.53819	parabolic	peak fit	100Cys	 100CysN	None	33.0	33.0	32.0	0.0	0.0	0.0	1.0	1.0
101	A	Ala	measured	1.0	9.025210000000001	133.17565	9291870.0	674828000.0	17.29609	13.76095	parabolic	peak fit	101Ala	 101AlaN	None	34.0	34.0	33.0	0.0	0.0	0.0	1.0	1.0
102	E	Glu	measured	1.0	8.99386	115.49192	19904600.0	1501730000.0	21.521910000000002	11.27568	parabolic	peak fit	102Glu	 102GluN	None	35.0	35.0	34.0	0.0	0.0	0.0	1.0	1.0
103	C	Cys	measured	1.0	8.331430000000001	117.76075	14037100.0	2211550000.0	23.708	12.724960000000001	parabolic	peak fit	103Cys	 103CysN	None	36.0	36.0	35.0	0.0	0.0	0.0	1.0	1.0
104	D	Asp	measured	1.0	8.05917	121.17455	25099300.0	2224130000.0	23.19997	14.40644	parabolic	peak fit	104Asp	 104AspN	None	37.0	37.0	36.0	0.0	0.0	0.0	1.0	1.0
105	T	Thr	measured	1.0	8.3361	119.54191999999999	27144600.0	1710100000.0	18.37349	11.52957	parabolic	peak fit	105Thr	 105ThrN	None	38.0	38.0	37.0	0.0	0.0	0.0	1.0	1.0
106	L	Leu	measured	1.0	8.59123	128.70417	30147900.0	1867300000.0	16.85973	11.75286	parabolic	peak fit	106Leu	 106LeuN	None	39.0	39.0	38.0	0.0	0.0	0.0	1.0	1.0
107	V	Val	measured	1.0	8.71689	129.24898000000002	21922400.0	2796550000.0	22.539839999999998	11.7529	parabolic	peak fit	107Val	 107ValN	None	40.0	40.0	39.0	0.0	0.0	0.0	1.0	1.0
108	C	Cys	measured	1.0	8.79124	127.16358999999999	31893700.0	1823580000.0	15.945689999999999	11.29895	parabolic	peak fit	108Cys	 108CysN	None	41.0	41.0	40.0	0.0	0.0	0.0	1.0	1.0
109	L	Leu	measured	1.0	9.124130000000001	129.64173	19243200.0	1224440000.0	16.38662	12.38401	parabolic	peak fit	109Leu	 109LeuN	None	42.0	42.0	41.0	0.0	0.0	0.0	1.0	1.0
110	S	Ser	measured	1.0	7.61782	112.56993999999999	19886500.0	1632270000.0	17.06701	15.985079999999998	parabolic	peak fit	110Ser	 110SerN	None	43.0	43.0	42.0	0.0	0.0	0.0	1.0	1.0
111	E	Glu	measured	1.0	7.89549	118.44481999999999	24745300.0	2281160000.0	21.81449	11.69595	parabolic	peak fit	111Glu	 111GluN	None	44.0	44.0	43.0	0.0	0.0	0.0	1.0	1.0
112	M	Met	measured	1.0	7.502669999999999	121.87121	32353500.0	1749670000.0	15.37548	11.38233	parabolic	peak fit	112Met	 112MetN	None	45.0	45.0	44.0	0.0	0.0	0.0	1.0	1.0
113	R	Arg	measured	1.0	8.73599	119.74223	10130800.0	885260000.0	34.31819	12.44634	parabolic	peak fit	113Arg	 113ArgN	None	46.0	46.0	45.0	0.0	0.0	0.0	1.0	1.0
114	A	Ala	measured	1.0	7.93645	120.58311	32523100.0	1974620000.0	16.86317	11.65226	parabolic	peak fit	114Ala	 114AlaN	None	47.0	47.0	46.0	0.0	0.0	0.0	1.0	1.0
115	H	His	measured	1.0	8.3035	117.54652	24935800.0	1531890000.0	19.65074	12.647089999999999	parabolic	peak fit	115His	 115HisN	None	48.0	48.0	47.0	0.0	0.0	0.0	1.0	1.0
116	I	Ile	measured	1.0	8.42934	115.98073000000001	16561000.0	965801000.0	15.87318	11.98447	parabolic	peak fit	116Ile	 116IleN	None	49.0	49.0	48.0	0.0	0.0	0.0	1.0	1.0
117	R	Arg	measured	1.0	7.096419999999999	115.86615	22562700.0	1270880000.0	15.25329	11.59577	parabolic	peak fit	117Arg	 117ArgN	None	50.0	50.0	49.0	0.0	0.0	0.0	1.0	1.0
118	T	Thr	measured	1.0	7.23758	105.54983	14679800.0	845826000.0	22.231920000000002	10.79377	parabolic	peak fit	118Thr	 118ThrN	None	51.0	51.0	50.0	0.0	0.0	0.0	1.0	1.0
119	C	Cys	measured	1.0	7.3627899999999995	127.6771	21065100.0	1470770000.0	19.69177	11.7833	parabolic	peak fit	119Cys	 119CysN	None	52.0	52.0	51.0	0.0	0.0	0.0	1.0	1.0
120	Q	Gln	unassigned	0.0	NaN	NaN	NaN	NaN	NaN	NaN	NaN	NaN	120Gln	NaN	None	NaN	NaN	NaN	NaN	NaN	NaN	NaN	NaN
121	K	Lys	measured	1.0	8.08212	116.71813	48496100.0	1499350000.0	17.78351	12.79445	parabolic	peak fit	121Lys	 121LysN	None	53.0	53.0	52.0	0.0	0.0	0.0	1.0	1.0
122	Y	Tyr	measured	1.0	8.02795	123.20831000000001	20021700.0	1218740000.0	16.48775	11.88257	parabolic	peak fit	122Tyr	 122TyrN	None	54.0	54.0	53.0	0.0	0.0	0.0	1.0	1.0
123	I	Ile	measured	1.0	8.484119999999999	121.56138999999999	16620300.0	1091910000.0	19.01334	11.27897	parabolic	peak fit	123Ile	 123IleN	None	55.0	55.0	54.0	0.0	0.0	0.0	1.0	1.0
124	D	Asp	measured	1.0	8.66188	120.8099	23351100.0	1194070000.0	14.64974	11.16617	parabolic	peak fit	124Asp	 124AspN	None	56.0	56.0	55.0	0.0	0.0	0.0	1.0	1.0
125	K	Lys	measured	1.0	7.24547	118.81655	20599900.0	1649450000.0	18.10039	11.77477	parabolic	peak fit	125Lys	 125LysN	None	57.0	57.0	56.0	0.0	0.0	0.0	1.0	1.0
126	Y	Tyr	measured	1.0	8.2682	116.54928000000001	20158700.0	2151930000.0	20.64506	12.99242	parabolic	peak fit	126Tyr	 126TyrN	None	58.0	58.0	57.0	0.0	0.0	0.0	1.0	1.0
127	G	Gly	measured	1.0	8.24545	111.17896999999999	22350400.0	1237480000.0	17.03956	10.269630000000001	parabolic	peak fit	127Gly	 127GlyN	None	59.0	59.0	58.0	0.0	0.0	0.0	1.0	1.0
128	P	Pro	unassigned	0.0	NaN	NaN	NaN	NaN	NaN	NaN	NaN	NaN	128Pro	NaN	None	NaN	NaN	NaN	NaN	NaN	NaN	NaN	NaN
