Res#	1-letter	3-letter	Peak Status	Merit	Position F1	Position F2	Height	Volume	Line Width F1 (Hz)	Line Width F2 (Hz)	Fit Method	Vol. Method	Assign F1	Assign F2	Details	Number	#	index	H1_delta	N15_delta	CSP	Height_ratio	Vol_ratio
31	P	Pro	unassigned	0.0	NaN	NaN	NaN	NaN	NaN	NaN	NaN	NaN	31Pro	NaN	None	NaN	NaN	NaN	NaN	NaN	NaN	NaN	NaN
32	V	Val	measured	1.0	8.20752	120.54626999999999	7548640.0	2795780000.0	22.781660000000002	12.3887	parabolic	peak fit	32Val	 32ValN	None	1.0	29.0	0.0	-0.0021900000000005804	-0.012320000000002551	0.003608714175437793	0.7866239416438713	1.3066529572593648
33	T	Thr	unassigned	0.0	NaN	NaN	NaN	NaN	NaN	NaN	NaN	NaN	33Thr	NaN	None	NaN	NaN	NaN	NaN	NaN	NaN	NaN	NaN
34	S	Ser	unassigned	0.0	NaN	NaN	NaN	NaN	NaN	NaN	NaN	NaN	34Ser	NaN	None	NaN	NaN	NaN	NaN	NaN	NaN	NaN	NaN
35	F	Phe	measured	1.0	8.4882	120.83997	2238420.0	140049000.0	20.38268	14.836170000000001	parabolic	peak fit	35Phe	 35PheN	None	2.0	56.0	1.0	0.013530000000001152	0.091700000000003	0.026079738303902786	0.4700173441233659	0.010980359872986005
36	D	Asp	measured	1.0	7.58754	117.89738	15683200.0	1315050000.0	21.839579999999998	11.795760000000001	parabolic	peak fit	36Asp	 36AspN	None	3.0	39.0	2.0	0.0019599999999995177	0.01322999999999297	0.0037647181833420193	0.758114960530959	0.7952119779163215
37	C	Cys	measured	1.0	8.92539	125.80706	6743600.0	994102000.0	22.35725	16.90622	parabolic	peak fit	37Cys	 37CysN	None	4.0	10.0	3.0	-0.003289999999999793	0.11974999999999625	0.03176816684985044	0.5202752746574497	0.90936716734664
38	A	Ala	lost	0.0	NaN	NaN	NaN	NaN	NaN	NaN	NaN	NaN	38Ala	NaN	None	NaN	NaN	NaN	-0.00986999999999938	0.021830000000022665	0.00905907682934984	NaN	NaN
39	V	Val	lost	0.0	NaN	NaN	NaN	NaN	NaN	NaN	NaN	NaN	39Val	NaN	None	NaN	NaN	NaN	0.0	0.0	0.0	NaN	NaN
40	C	Cys	measured	1.0	8.26249	118.54293999999999	8752370.0	864835000.0	25.80387	13.03135	parabolic	peak fit	40Cys	 40CysN	None	5.0	36.0	4.0	-0.016860000000001207	-0.03046000000001925	0.014390156774688122	0.4648197518800187	0.5630949435495423
41	L	Leu	measured	1.0	8.005519999999999	118.18443	1812100.0	172229000.0	49.07585	35.00029	parabolic	peak fit	41Leu	 41LeuN	None	6.0	38.0	5.0	-0.02321000000000062	-0.20573000000000263	0.05685147626051667	0.09065213911233841	0.1128098145042968
42	E	Glu	measured	1.0	8.27615	121.17027	14613500.0	1718560000.0	22.72952	12.743219999999999	parabolic	peak fit	42Glu	 42GluN	None	7.0	22.0	6.0	0.009669999999999845	-0.0019100000000094042	0.006856370541328774	0.6337631134992606	0.7299695449583526
43	V	Val	measured	1.0	8.41995	120.3415	19572000.0	1845830000.0	24.09807	13.18689	parabolic	peak fit	43Val	 43ValN	None	8.0	31.0	7.0	0.007789999999999964	-0.014580000000009363	0.006724760070070814	0.82814648697823	0.610494460062841
44	L	Leu	measured	1.0	8.572389999999999	126.98461	10288800.0	2770420000.0	22.03791	13.55451	parabolic	peak fit	44Leu	 44LeuN	None	9.0	8.0	8.0	-0.0018700000000020367	0.06665999999999883	0.01768607763185475	0.5994756161510225	2.108113866546946
45	H	His	measured	1.0	8.40477	122.46275	5814180.0	1751660000.0	38.93148	13.15639	parabolic	peak fit	45His	 45HisN	None	10.0	15.0	9.0	0.01404999999999923	-0.017939999999995848	0.01101046329633675	0.6446168839160095	1.296680682221959
46	Q	Gln	measured	1.0	8.95595	121.52773	4524300.0	591753000.0	27.59678	15.36646	parabolic	peak fit	46Gln	 46GlnN	None	11.0	21.0	10.0	0.001960000000000406	0.03436000000000661	0.00919583992901315	0.7091968455059746	0.998186657850169
47	P	Pro	unassigned	0.0	NaN	NaN	NaN	NaN	NaN	NaN	NaN	NaN	47Pro	NaN	None	NaN	NaN	NaN	NaN	NaN	NaN	NaN	NaN
48	V	Val	unassigned	0.0	NaN	NaN	NaN	NaN	NaN	NaN	NaN	NaN	48Val	NaN	None	NaN	NaN	NaN	NaN	NaN	NaN	NaN	NaN
49	R	Arg	unassigned	0.0	NaN	NaN	NaN	NaN	NaN	NaN	NaN	NaN	49Arg	NaN	None	NaN	NaN	NaN	NaN	NaN	NaN	NaN	NaN
50	T	Thr	unassigned	0.0	NaN	NaN	NaN	NaN	NaN	NaN	NaN	NaN	50Thr	NaN	None	NaN	NaN	NaN	NaN	NaN	NaN	NaN	NaN
51	R	Arg	unassigned	0.0	NaN	NaN	NaN	NaN	NaN	NaN	NaN	NaN	51Arg	NaN	None	NaN	NaN	NaN	NaN	NaN	NaN	NaN	NaN
52	C	Cys	measured	1.0	7.58356	113.24817	13751100.0	1079030000.0	21.38625	13.3503	parabolic	peak fit	52Cys	 52CysN	None	12.0	50.0	11.0	0.002060000000000173	-0.025729999999995812	0.00696161640712739	0.6976146025690456	0.6818515007898894
53	G	Gly	measured	1.0	8.05454	110.19423	14621400.0	1289760000.0	21.56392	12.16049	parabolic	peak fit	53Gly	 53GlyN	None	13.0	54.0	12.0	-0.0024800000000002598	-0.007649999999998158	0.002987883866551347	0.6892010370021211	0.8671180105014757
54	H	His	measured	1.0	7.65946	122.78383999999998	10898200.0	1020820000.0	25.275570000000002	12.53099	parabolic	peak fit	54His	 54HisN	None	14.0	14.0	13.0	0.009349999999999525	0.014009999999984757	0.007579634357933479	0.6229287057518963	0.727494298745724
55	V	Val	measured	1.0	7.883439999999999	120.27091999999999	8350520.0	1380890000.0	26.06103	18.70394	parabolic	peak fit	55Val	 55ValN	None	15.0	32.0	14.0	0.012639999999999318	0.11121999999998877	0.03075348741199633	0.43097456118167415	0.7432691376099383
56	F	Phe	measured	1.0	8.54692	122.00294	11620000.0	2355390000.0	33.43022	25.82726	parabolic	peak fit	56Phe	 56PheN	None	16.0	16.0	15.0	-0.005950000000000344	-0.04251000000000715	0.01200825786698656	0.48497495826377296	0.9801750290258548
57	C	Cys	unassigned	0.0	NaN	NaN	NaN	NaN	NaN	NaN	NaN	NaN	57Cys	NaN	None	NaN	NaN	NaN	NaN	NaN	NaN	NaN	NaN
58	R	Arg	unassigned	0.0	NaN	NaN	NaN	NaN	NaN	NaN	NaN	NaN	58Arg	NaN	None	NaN	NaN	NaN	NaN	NaN	NaN	NaN	NaN
59	S	Ser	unassigned	0.0	NaN	NaN	NaN	NaN	NaN	NaN	NaN	NaN	59Ser	NaN	None	NaN	NaN	NaN	NaN	NaN	NaN	NaN	NaN
60	C	Cys	unassigned	0.0	NaN	NaN	NaN	NaN	NaN	NaN	NaN	NaN	60Cys	NaN	None	NaN	NaN	NaN	NaN	NaN	NaN	NaN	NaN
61	I	Ile	unassigned	0.0	NaN	NaN	NaN	NaN	NaN	NaN	NaN	NaN	61Ile	NaN	None	NaN	NaN	NaN	NaN	NaN	NaN	NaN	NaN
62	A	Ala	unassigned	0.0	NaN	NaN	NaN	NaN	NaN	NaN	NaN	NaN	62Ala	NaN	None	NaN	NaN	NaN	NaN	NaN	NaN	NaN	NaN
63	T	Thr	unassigned	0.0	NaN	NaN	NaN	NaN	NaN	NaN	NaN	NaN	63Thr	NaN	None	NaN	NaN	NaN	NaN	NaN	NaN	NaN	NaN
64	S	Ser	unassigned	0.0	NaN	NaN	NaN	NaN	NaN	NaN	NaN	NaN	64Ser	NaN	None	NaN	NaN	NaN	NaN	NaN	NaN	NaN	NaN
65	L	Leu	unassigned	0.0	NaN	NaN	NaN	NaN	NaN	NaN	NaN	NaN	65Leu	NaN	None	NaN	NaN	NaN	NaN	NaN	NaN	NaN	NaN
66	K	Lys	unassigned	0.0	NaN	NaN	NaN	NaN	NaN	NaN	NaN	NaN	66Lys	NaN	None	NaN	NaN	NaN	NaN	NaN	NaN	NaN	NaN
67	N	Asn	unassigned	0.0	NaN	NaN	NaN	NaN	NaN	NaN	NaN	NaN	67Asn	NaN	None	NaN	NaN	NaN	NaN	NaN	NaN	NaN	NaN
68	N	Asn	unassigned	0.0	NaN	NaN	NaN	NaN	NaN	NaN	NaN	NaN	68Asn	NaN	None	NaN	NaN	NaN	NaN	NaN	NaN	NaN	NaN
69	K	Lys	unassigned	0.0	NaN	NaN	NaN	NaN	NaN	NaN	NaN	NaN	69Lys	NaN	None	NaN	NaN	NaN	NaN	NaN	NaN	NaN	NaN
70	W	Trp	unassigned	0.0	NaN	NaN	NaN	NaN	NaN	NaN	NaN	NaN	70Trp	NaN	None	NaN	NaN	NaN	NaN	NaN	NaN	NaN	NaN
71	T	Thr	unassigned	0.0	NaN	NaN	NaN	NaN	NaN	NaN	NaN	NaN	71Thr	NaN	None	NaN	NaN	NaN	NaN	NaN	NaN	NaN	NaN
72	C	Cys	unassigned	0.0	NaN	NaN	NaN	NaN	NaN	NaN	NaN	NaN	72Cys	NaN	None	NaN	NaN	NaN	NaN	NaN	NaN	NaN	NaN
73	P	Pro	unassigned	0.0	NaN	NaN	NaN	NaN	NaN	NaN	NaN	NaN	73Pro	NaN	None	NaN	NaN	NaN	NaN	NaN	NaN	NaN	NaN
74	Y	Tyr	unassigned	0.0	NaN	NaN	NaN	NaN	NaN	NaN	NaN	NaN	74Tyr	NaN	None	NaN	NaN	NaN	NaN	NaN	NaN	NaN	NaN
75	C	Cys	unassigned	0.0	NaN	NaN	NaN	NaN	NaN	NaN	NaN	NaN	75Cys	NaN	None	NaN	NaN	NaN	NaN	NaN	NaN	NaN	NaN
76	R	Arg	unassigned	0.0	NaN	NaN	NaN	NaN	NaN	NaN	NaN	NaN	76Arg	NaN	None	NaN	NaN	NaN	NaN	NaN	NaN	NaN	NaN
77	A	Ala	unassigned	0.0	NaN	NaN	NaN	NaN	NaN	NaN	NaN	NaN	77Ala	NaN	None	NaN	NaN	NaN	NaN	NaN	NaN	NaN	NaN
78	Y	Tyr	unassigned	0.0	NaN	NaN	NaN	NaN	NaN	NaN	NaN	NaN	78Tyr	NaN	None	NaN	NaN	NaN	NaN	NaN	NaN	NaN	NaN
79	L	Leu	unassigned	0.0	NaN	NaN	NaN	NaN	NaN	NaN	NaN	NaN	79Leu	NaN	None	NaN	NaN	NaN	NaN	NaN	NaN	NaN	NaN
80	P	Pro	unassigned	0.0	NaN	NaN	NaN	NaN	NaN	NaN	NaN	NaN	80Pro	NaN	None	NaN	NaN	NaN	NaN	NaN	NaN	NaN	NaN
81	S	Ser	measured	1.0	9.54365	123.13661	3405350.0	252840000.0	31.19047	20.697589999999998	parabolic	peak fit	81Ser	 81SerN	None	17.0	13.0	16.0	-0.014150000000000773	0.11014000000001545	0.030810203212576336	0.31681800420519884	0.212210229466369
82	E	Glu	unassigned	0.0	NaN	NaN	NaN	NaN	NaN	NaN	NaN	NaN	82Glu	NaN	None	NaN	NaN	NaN	NaN	NaN	NaN	NaN	NaN
83	G	Gly	unassigned	0.0	NaN	NaN	NaN	NaN	NaN	NaN	NaN	NaN	83Gly	NaN	None	NaN	NaN	NaN	NaN	NaN	NaN	NaN	NaN
84	V	Val	unassigned	0.0	NaN	NaN	NaN	NaN	NaN	NaN	NaN	NaN	84Val	NaN	None	NaN	NaN	NaN	NaN	NaN	NaN	NaN	NaN
85	P	Pro	unassigned	0.0	NaN	NaN	NaN	NaN	NaN	NaN	NaN	NaN	85Pro	NaN	None	NaN	NaN	NaN	NaN	NaN	NaN	NaN	NaN
86	A	Ala	measured	1.0	8.80522	130.75326	8944640.0	916753000.0	22.92401	13.2588	parabolic	peak fit	86Ala	 86AlaN	None	18.0	2.0	17.0	0.005089999999999151	0.007800000000003138	0.00414883718648962	0.6282671911217251	0.8208380713614183
87	T	Thr	measured	1.0	7.83868	116.76285	3617000.0	550472000.0	22.71781	14.40277	parabolic	peak fit	87Thr	 87ThrN	None	19.0	43.0	18.0	0.002049999999999663	0.0032899999999926877	0.001690839140780678	0.7430766702276276	1.245845837690055
88	D	Asp	unassigned	0.0	NaN	NaN	NaN	NaN	NaN	NaN	NaN	NaN	88Asp	NaN	None	NaN	NaN	NaN	NaN	NaN	NaN	NaN	NaN
89	V	Val	measured	1.0	7.3989	123.95671000000002	14520600.0	1066300000.0	20.2421	12.95425	parabolic	peak fit	89Val	 89ValN	None	20.0	11.0	19.0	-0.0012899999999991252	0.032860000000013656	0.00874166013981679	0.6783963969856525	0.7120914639847203
90	A	Ala	measured	1.0	8.06301	120.9676	14208100.0	3904590000.0	29.702340000000003	23.05051	parabolic	peak fit	90Ala	 90AlaN	None	21.0	25.0	20.0	-0.014359999999999928	-0.021780000000006794	0.011675212546245987	0.5420456279566611	1.9077770231644573
91	K	Lys	measured	1.0	8.04589	117.24193000000001	24665700.0	1561100000.0	17.91563	11.99601	parabolic	peak fit	91Lys	 91LysN	None	22.0	42.0	21.0	-0.005220000000001335	-0.004609999999985348	0.0038873959150049933	0.6406708606278474	0.7566511727099561
92	R	Arg	measured	1.0	7.687239999999999	120.54318	16572500.0	1199610000.0	20.395570000000003	12.78475	parabolic	peak fit	92Arg	 92ArgN	None	23.0	30.0	22.0	0.009139999999999482	0.05661999999999523	0.01631494737962576	0.5460875123979742	0.6501070315675382
93	M	Met	measured	0.5	8.06749	116.66554	17364100.0	541951000.0	35.84838	13.39836	parabolic	peak fit	93Met	 93MetN	None	24.0	57.0	23.0	-0.007660000000001332	-0.04014000000000806	0.011921542349883067	0.3654115275267102	0.4273926690009779
94	K	Lys	measured	1.0	7.0641	114.5062	11575800.0	1060640000.0	21.51414	14.39998	parabolic	peak fit	94Lys	 94LysN	None	25.0	49.0	24.0	-0.007500000000000284	-0.01601999999998327	0.006788948961361001	0.7388651305291377	0.7862882898911722
95	S	Ser	measured	1.0	7.402080000000001	110.33707	11087900.0	1052290000.0	24.96705	13.25975	parabolic	peak fit	95Ser	 95SerN	None	26.0	53.0	25.0	0.008890000000000953	-0.013949999999994134	0.00728959703961728	0.7305581361638763	0.679879309453662
96	E	Glu	measured	1.0	6.94273	121.58525	8796670.0	1856540000.0	30.122120000000002	13.753070000000001	parabolic	peak fit	96Glu	 96GluN	None	27.0	19.0	26.0	-0.010030000000000427	-0.06584999999999752	0.01881052963103329	0.5085985696032007	1.2763233878729547
97	Y	Tyr	measured	1.0	8.794889999999999	120.73593000000001	14334100.0	1285090000.0	24.83336	11.88758	parabolic	peak fit	97Tyr	 97TyrN	None	28.0	27.0	27.0	0.006769999999999499	-0.025309999999976185	0.008231535518960737	0.6516892245161466	0.6070708168191717
98	K	Lys	measured	1.0	8.90413	121.00475	14039700.0	3148410000.0	22.50516	12.5386	parabolic	peak fit	98Lys	 98LysN	None	29.0	24.0	28.0	-0.010630000000000805	-0.059849999999997294	0.01752826360481796	0.48901606055012	1.570443787129824
99	N	Asn	measured	1.0	8.52816	121.78159	19373800.0	1686120000.0	20.42705	16.740660000000002	parabolic	peak fit	99Asn	 99AsnN	None	30.0	18.0	29.0	-0.005850000000000577	-0.06029999999999802	0.016481430459762487	0.5978405433511386	0.7461467317470362
100	C	Cys	measured	1.0	8.92779	126.86508	13412900.0	1117930000.0	21.24517	12.85476	parabolic	peak fit	100Cys	 100CysN	None	31.0	9.0	30.0	0.001540000000000319	-0.026909999999986667	0.007202511159307583	0.6059780521633844	0.8140049658868331
101	A	Ala	measured	1.0	9.021939999999999	133.19259	5353160.0	1076160000.0	23.049889999999998	12.72898	parabolic	peak fit	101Ala	 101AlaN	None	32.0	1.0	31.0	-0.0032700000000023266	0.016940000000005284	0.005043203545368771	0.5761122357501773	1.594717468747592
102	E	Glu	measured	1.0	8.99704	115.40948999999999	10440400.0	1563190000.0	21.32545	16.186339999999998	parabolic	peak fit	102Glu	 102GluN	None	33.0	48.0	32.0	0.0031800000000004047	-0.08243000000000222	0.021924542024863984	0.5245219697959266	1.0409261318612533
103	C	Cys	measured	1.0	8.32633	117.75878	10040300.0	4574130000.0	24.043570000000003	13.21055	parabolic	peak fit	103Cys	 103CysN	None	34.0	40.0	33.0	-0.0051000000000005485	-0.0019700000000000273	0.0036437155487225956	0.7152688233324547	2.068291469783636
104	D	Asp	measured	1.0	8.05349	121.09253000000001	14952400.0	3861220000.0	27.781290000000002	21.685570000000002	parabolic	peak fit	104Asp	 104AspN	None	35.0	23.0	34.0	-0.005679999999999907	-0.08201999999998577	0.02206900151796261	0.5957297613877678	1.7360585936973107
105	T	Thr	measured	0.9	8.35078	119.64153999999999	9974850.0	930849000.0	27.828609999999998	14.74422	parabolic	peak fit	105Thr	 105ThrN	None	36.0	34.0	35.0	0.014680000000000248	0.0996200000000016	0.02832739500907251	0.3674708781857165	0.5443243085199696
106	L	Leu	measured	1.0	8.59716	128.79142	17313800.0	1364050000.0	18.331970000000002	13.18607	parabolic	peak fit	106Leu	 106LeuN	None	37.0	5.0	36.0	0.005930000000001101	0.08724999999998317	0.023461922875156693	0.5742953903920339	0.7304932255127724
107	V	Val	measured	1.0	8.71261	129.29758999999999	15058100.0	1970760000.0	23.028589999999998	12.47028	parabolic	peak fit	107Val	 107ValN	None	38.0	4.0	37.0	-0.0042799999999996174	0.04860999999996807	0.01321228394335291	0.6868819107397001	0.7047111619674241
108	C	Cys	measured	1.0	8.78589	127.19531	20525000.0	1238370000.0	17.075670000000002	11.96547	parabolic	peak fit	108Cys	 108CysN	None	39.0	7.0	38.0	-0.005349999999999966	0.03172000000002129	0.009205560167642943	0.6435440228007412	0.6790872898364755
109	L	Leu	measured	1.0	9.135580000000001	129.67029	10008000.0	721042000.0	20.38155	12.72892	parabolic	peak fit	109Leu	 109LeuN	None	40.0	3.0	39.0	0.01144999999999996	0.02855999999999881	0.011074673900390693	0.5200798204040908	0.5888749142465127
110	S	Ser	measured	1.0	7.61654	112.68253999999999	15232000.0	1071020000.0	18.68594	12.95158	parabolic	peak fit	110Ser	 110SerN	None	41.0	51.0	40.0	-0.001280000000000392	0.11260000000000048	0.029804905636488906	0.7659467477937294	0.656153700061877
111	E	Glu	measured	1.0	7.894589999999999	118.42103999999999	16957700.0	1998080000.0	22.97488	12.16182	parabolic	peak fit	111Glu	 111GluN	None	42.0	37.0	41.0	-0.000900000000000567	-0.023780000000002133	0.006323700498917356	0.6852897317874506	0.8759052411930772
112	M	Met	measured	1.0	7.508360000000001	121.86981999999999	20444800.0	1269130000.0	17.06416	12.20304	parabolic	peak fit	112Met	 112MetN	None	43.0	17.0	42.0	0.005690000000001305	-0.0013900000000148793	0.0040402100192948286	0.6319192668490271	0.7253539238827893
113	R	Arg	measured	1.0	8.71745	119.77368999999999	5089080.0	169767000.0	36.39517	14.68861	parabolic	peak fit	113Arg	 113ArgN	None	44.0	33.0	43.0	-0.01853999999999978	0.03145999999998139	0.01552890891208761	0.5023374264618786	0.19177077920610894
114	A	Ala	measured	1.0	7.928710000000001	120.63508	19815100.0	1424710000.0	17.66614	13.14974	parabolic	peak fit	114Ala	 114AlaN	None	45.0	28.0	44.0	-0.007739999999999192	0.051969999999997185	0.014799171024080142	0.6092623396908659	0.7215109742634026
115	H	His	measured	1.0	8.29232	117.5021	12544300.0	337418000.0	26.4815	18.56482	parabolic	peak fit	115His	 115HisN	None	46.0	41.0	45.0	-0.011179999999999524	-0.044420000000002346	0.01416388887276405	0.5030638680130576	0.2202625514886839
116	I	Ile	measured	1.0	8.43404	115.80543	6703760.0	717707000.0	22.5728	19.519	parabolic	peak fit	116Ile	 116IleN	None	47.0	47.0	46.0	0.004699999999999704	-0.17530000000000712	0.046498938697567854	0.4047919811605579	0.7431209949047475
117	R	Arg	measured	1.0	7.092789999999999	115.95822	12884100.0	889173000.0	18.51673	12.651019999999999	parabolic	peak fit	117Arg	 117ArgN	None	48.0	46.0	47.0	-0.003630000000000244	0.09206999999999255	0.02449429307001745	0.5710353814038214	0.6996514226362835
118	T	Thr	measured	1.0	7.244210000000001	105.45131	9294000.0	786187000.0	22.1662	12.499089999999999	parabolic	peak fit	118Thr	 118ThrN	None	49.0	55.0	48.0	0.006630000000000358	-0.0985199999999935	0.02648417976830532	0.6331148925734683	0.9294902261221575
119	C	Cys	measured	1.0	7.3413	127.67665	8894790.0	878123000.0	25.330270000000002	13.484470000000002	parabolic	peak fit	119Cys	 119CysN	None	50.0	6.0	49.0	-0.02148999999999912	-0.0004500000000007276	0.015196191134622556	0.4222524459888631	0.5970498446392026
120	Q	Gln	unassigned	0.0	NaN	NaN	NaN	NaN	NaN	NaN	NaN	NaN	120Gln	NaN	None	NaN	NaN	NaN	NaN	NaN	NaN	NaN	NaN
121	K	Lys	measured	0.5	8.08886	116.69086999999999	22798000.0	2022210000.0	29.82944	12.53613	parabolic	peak fit	121Lys	 121LysN	None	51.0	44.0	50.0	0.006740000000000634	-0.027260000000012496	0.008644728567170398	0.4700996574982318	1.3487244472604796
122	Y	Tyr	measured	1.0	8.04695	123.40106999999999	4850060.0	529905000.0	25.25875	16.25133	parabolic	peak fit	122Tyr	 122TyrN	None	52.0	12.0	51.0	0.019000000000000128	0.1927599999999785	0.052739446641005085	0.24224016941618345	0.434797413722369
123	I	Ile	measured	1.0	8.521510000000001	121.54413999999998	4141800.0	208208000.0	31.39623	42.70223	parabolic	peak fit	123Ile	 123IleN	None	53.0	20.0	52.0	0.03739000000000203	-0.017250000000004206	0.02682974888067509	0.24920127795527156	0.19068238224762113
124	D	Asp	measured	1.0	8.68496	120.82705	7919610.0	668504000.0	27.29549	11.454360000000001	parabolic	peak fit	124Asp	 124AspN	None	54.0	26.0	53.0	0.02308000000000021	0.017150000000000887	0.016939060629208663	0.33915361588961546	0.5598532749336304
125	K	Lys	measured	1.0	7.22003	118.60036000000001	9105860.0	856093000.0	21.38664	15.50704	parabolic	peak fit	125Lys	 125LysN	None	55.0	35.0	54.0	-0.025439999999999685	-0.21618999999999744	0.059960528074725246	0.44203418463196426	0.5190172481736336
126	Y	Tyr	measured	1.0	8.26308	116.40703	6918920.0	624690000.0	26.314259999999997	13.286760000000001	parabolic	peak fit	126Tyr	 126TyrN	None	56.0	45.0	55.0	-0.005119999999999791	-0.1422500000000042	0.037809543438133225	0.3432225292305555	0.29029289986198437
127	G	Gly	measured	1.0	8.26688	111.21651000000001	8497640.0	683702000.0	25.83977	10.90511	parabolic	peak fit	127Gly	 127GlyN	None	57.0	52.0	56.0	0.021430000000000504	0.03754000000002122	0.019249613242872443	0.3802008017753597	0.5524953938649514
128	P	Pro	unassigned	0.0	NaN	NaN	NaN	NaN	NaN	NaN	NaN	NaN	128Pro	NaN	None	NaN	NaN	NaN	NaN	NaN	NaN	NaN	NaN
