Res#	1-letter	3-letter	Peak Status	Merit	Position F1	Position F2	Height	Volume	Line Width F1 (Hz)	Line Width F2 (Hz)	Fit Method	Vol. Method	Assign F1	Assign F2	Details	Number	#	index	H1_delta	N15_delta	CSP	Height_ratio	Vol_ratio
31	P	Pro	unassigned	0.0	NaN	NaN	NaN	NaN	NaN	NaN	NaN	NaN	31Pro	NaN	None	NaN	NaN	NaN	NaN	NaN	NaN	NaN	NaN
32	V	Val	measured	1.0	8.1913	120.49101	11087200.0	1117250000.0	29.73372	20.083029999999997	parabolic	peak fit	32Val	 32ValN	None	1.0	28.0	0.0	-0.018410000000001148	-0.06757999999999242	0.022116916557240737	1.1553679822847467	0.5221648400439324
33	T	Thr	unassigned	0.0	NaN	NaN	NaN	NaN	NaN	NaN	NaN	NaN	33Thr	NaN	None	NaN	NaN	NaN	NaN	NaN	NaN	NaN	NaN
34	S	Ser	unassigned	0.0	NaN	NaN	NaN	NaN	NaN	NaN	NaN	NaN	34Ser	NaN	None	NaN	NaN	NaN	NaN	NaN	NaN	NaN	NaN
35	F	Phe	lost	0.0	NaN	NaN	NaN	NaN	NaN	NaN	NaN	NaN	35Phe	NaN	None	NaN	NaN	NaN	0.013530000000001152	0.091700000000003	0.026079738303902786	NaN	NaN
36	D	Asp	measured	1.0	7.593030000000001	117.95128000000001	9409730.0	1051260000.0	31.180090000000003	22.47146	parabolic	peak fit	36Asp	 36AspN	None	2.0	36.0	1.0	0.007450000000000401	0.06713000000000591	0.018525707354917882	0.45485979185096026	0.6356979155958421
37	C	Cys	measured	1.0	8.90217	126.43386000000001	4606140.0	280724000.0	27.6682	21.48824	parabolic	peak fit	37Cys	 37CysN	None	3.0	10.0	2.0	-0.026510000000000034	0.7465499999999992	0.19840608162301862	0.35536816442414515	0.256795770138495
38	A	Ala	lost	0.0	NaN	NaN	NaN	NaN	NaN	NaN	NaN	NaN	38Ala	NaN	None	NaN	NaN	NaN	-0.00986999999999938	0.021830000000022665	0.00905907682934984	NaN	NaN
39	V	Val	lost	0.0	NaN	NaN	NaN	NaN	NaN	NaN	NaN	NaN	39Val	NaN	None	NaN	NaN	NaN	0.0	0.0	0.0	NaN	NaN
40	C	Cys	measured	1.0	8.15415	118.4263	5266650.0	365123000.0	43.86136	25.952939999999998	parabolic	peak fit	40Cys	 40CysN	None	4.0	34.0	3.0	-0.1252000000000013	-0.1471000000000089	0.09670681827048364	0.2797005778136551	0.23773195473545766
41	L	Leu	lost	0.0	NaN	NaN	NaN	NaN	NaN	NaN	NaN	NaN	41Leu	NaN	None	NaN	NaN	NaN	-0.02321000000000062	-0.20573000000000263	0.05685147626051667	NaN	NaN
42	E	Glu	measured	1.0	8.32598	121.1991	8555750.0	661559000.0	32.73261	24.222379999999998	parabolic	peak fit	42Glu	 42GluN	None	5.0	21.0	4.0	0.059499999999999886	0.02691999999998984	0.04267145472092503	0.3710486028891983	0.28100149089534426
43	V	Val	measured	1.0	8.44749	120.0511	9838970.0	844059000.0	55.28061999999999	22.17109	parabolic	peak fit	43Val	 43ValN	None	6.0	30.0	5.0	0.035330000000000084	-0.3049800000000005	0.08446893202829088	0.416314553493981	0.27916619811476767
44	L	Leu	measured	1.0	8.56247	127.25715	3803780.0	216940000.0	13.488570000000001	23.65059	parabolic	peak fit	44Leu	 44LeuN	None	7.0	8.0	6.0	-0.0117900000000013	0.33919999999999106	0.09013027709931658	0.22162675522927228	0.1650775774823653
45	H	His	measured	1.0	8.45536	122.4398	4419250.0	219404000.0	24.41977	21.32749	parabolic	peak fit	45His	 45HisN	foo	8.0	15.0	7.0	0.0646400000000007	-0.04088999999999032	0.04697024853031959	0.48996129535821475	0.16241561056496506
46	Q	Gln	measured	0.5	8.98024	121.63186	2137590.0	32162900.0	58.24828	18.55765	parabolic	peak fit	46Gln	 46GlnN	None	9.0	20.0	8.0	0.026250000000000995	0.13849000000000444	0.04107426027331609	0.33507328978739614	0.05425334161004541
47	P	Pro	unassigned	0.0	NaN	NaN	NaN	NaN	NaN	NaN	NaN	NaN	47Pro	NaN	None	NaN	NaN	NaN	NaN	NaN	NaN	NaN	NaN
48	V	Val	unassigned	0.0	NaN	NaN	NaN	NaN	NaN	NaN	NaN	NaN	48Val	NaN	None	NaN	NaN	NaN	NaN	NaN	NaN	NaN	NaN
49	R	Arg	unassigned	0.0	NaN	NaN	NaN	NaN	NaN	NaN	NaN	NaN	49Arg	NaN	None	NaN	NaN	NaN	NaN	NaN	NaN	NaN	NaN
50	T	Thr	unassigned	0.0	NaN	NaN	NaN	NaN	NaN	NaN	NaN	NaN	50Thr	NaN	None	NaN	NaN	NaN	NaN	NaN	NaN	NaN	NaN
51	R	Arg	unassigned	0.0	NaN	NaN	NaN	NaN	NaN	NaN	NaN	NaN	51Arg	NaN	None	NaN	NaN	NaN	NaN	NaN	NaN	NaN	NaN
52	C	Cys	measured	1.0	7.578760000000001	113.08221999999999	16583700.0	5289880000.0	37.11776	21.595270000000003	parabolic	peak fit	52Cys	 52CysN	None	10.0	46.0	9.0	-0.0027399999999992986	-0.19168000000000518	0.0507507573145479	0.8413167880841738	3.342736176935229
53	G	Gly	measured	1.0	8.048639999999999	110.16122	6602660.0	390773000.0	33.07438	18.78193	parabolic	peak fit	53Gly	 53GlyN	None	11.0	50.0	10.0	-0.00838000000000072	-0.04066000000000258	0.014157533683520835	0.3112260193259486	0.2627204335052205
54	H	His	measured	1.0	7.70582	122.87325	7452010.0	881849000.0	28.923370000000002	21.34468	parabolic	peak fit	54His	 54HisN	None	12.0	14.0	11.0	0.05570999999999948	0.10341999999999985	0.04796353612902169	0.42594840841149806	0.6284556727480045
55	V	Val	measured	0.8	7.94079	120.86331000000001	9229300.0	377770000.0	128.94288999999998	22.30736	parabolic	peak fit	55Val	 55ValN	None	13.0	31.0	12.0	0.06998999999999977	0.7036100000000118	0.19262396605044024	0.47632884149897553	0.20333609636894062
56	F	Phe	measured	1.0	8.46503	121.84615	4841180.0	514295000.0	58.433080000000004	44.49969	parabolic	peak fit	56Phe	 56PheN	None	14.0	16.0	13.0	-0.08783999999999992	-0.19930000000000803	0.08147617504522545	0.20205258764607678	0.21401938386120856
57	C	Cys	unassigned	0.0	NaN	NaN	NaN	NaN	NaN	NaN	NaN	NaN	57Cys	NaN	None	NaN	NaN	NaN	NaN	NaN	NaN	NaN	NaN
58	R	Arg	unassigned	0.0	NaN	NaN	NaN	NaN	NaN	NaN	NaN	NaN	58Arg	NaN	None	NaN	NaN	NaN	NaN	NaN	NaN	NaN	NaN
59	S	Ser	unassigned	0.0	NaN	NaN	NaN	NaN	NaN	NaN	NaN	NaN	59Ser	NaN	None	NaN	NaN	NaN	NaN	NaN	NaN	NaN	NaN
60	C	Cys	unassigned	0.0	NaN	NaN	NaN	NaN	NaN	NaN	NaN	NaN	60Cys	NaN	None	NaN	NaN	NaN	NaN	NaN	NaN	NaN	NaN
61	I	Ile	unassigned	0.0	NaN	NaN	NaN	NaN	NaN	NaN	NaN	NaN	61Ile	NaN	None	NaN	NaN	NaN	NaN	NaN	NaN	NaN	NaN
62	A	Ala	unassigned	0.0	NaN	NaN	NaN	NaN	NaN	NaN	NaN	NaN	62Ala	NaN	None	NaN	NaN	NaN	NaN	NaN	NaN	NaN	NaN
63	T	Thr	unassigned	0.0	NaN	NaN	NaN	NaN	NaN	NaN	NaN	NaN	63Thr	NaN	None	NaN	NaN	NaN	NaN	NaN	NaN	NaN	NaN
64	S	Ser	unassigned	0.0	NaN	NaN	NaN	NaN	NaN	NaN	NaN	NaN	64Ser	NaN	None	NaN	NaN	NaN	NaN	NaN	NaN	NaN	NaN
65	L	Leu	unassigned	0.0	NaN	NaN	NaN	NaN	NaN	NaN	NaN	NaN	65Leu	NaN	None	NaN	NaN	NaN	NaN	NaN	NaN	NaN	NaN
66	K	Lys	unassigned	0.0	NaN	NaN	NaN	NaN	NaN	NaN	NaN	NaN	66Lys	NaN	None	NaN	NaN	NaN	NaN	NaN	NaN	NaN	NaN
67	N	Asn	unassigned	0.0	NaN	NaN	NaN	NaN	NaN	NaN	NaN	NaN	67Asn	NaN	None	NaN	NaN	NaN	NaN	NaN	NaN	NaN	NaN
68	N	Asn	unassigned	0.0	NaN	NaN	NaN	NaN	NaN	NaN	NaN	NaN	68Asn	NaN	None	NaN	NaN	NaN	NaN	NaN	NaN	NaN	NaN
69	K	Lys	unassigned	0.0	NaN	NaN	NaN	NaN	NaN	NaN	NaN	NaN	69Lys	NaN	None	NaN	NaN	NaN	NaN	NaN	NaN	NaN	NaN
70	W	Trp	unassigned	0.0	NaN	NaN	NaN	NaN	NaN	NaN	NaN	NaN	70Trp	NaN	None	NaN	NaN	NaN	NaN	NaN	NaN	NaN	NaN
71	T	Thr	unassigned	0.0	NaN	NaN	NaN	NaN	NaN	NaN	NaN	NaN	71Thr	NaN	None	NaN	NaN	NaN	NaN	NaN	NaN	NaN	NaN
72	C	Cys	unassigned	0.0	NaN	NaN	NaN	NaN	NaN	NaN	NaN	NaN	72Cys	NaN	None	NaN	NaN	NaN	NaN	NaN	NaN	NaN	NaN
73	P	Pro	unassigned	0.0	NaN	NaN	NaN	NaN	NaN	NaN	NaN	NaN	73Pro	NaN	None	NaN	NaN	NaN	NaN	NaN	NaN	NaN	NaN
74	Y	Tyr	unassigned	0.0	NaN	NaN	NaN	NaN	NaN	NaN	NaN	NaN	74Tyr	NaN	None	NaN	NaN	NaN	NaN	NaN	NaN	NaN	NaN
75	C	Cys	unassigned	0.0	NaN	NaN	NaN	NaN	NaN	NaN	NaN	NaN	75Cys	NaN	None	NaN	NaN	NaN	NaN	NaN	NaN	NaN	NaN
76	R	Arg	unassigned	0.0	NaN	NaN	NaN	NaN	NaN	NaN	NaN	NaN	76Arg	NaN	None	NaN	NaN	NaN	NaN	NaN	NaN	NaN	NaN
77	A	Ala	unassigned	0.0	NaN	NaN	NaN	NaN	NaN	NaN	NaN	NaN	77Ala	NaN	None	NaN	NaN	NaN	NaN	NaN	NaN	NaN	NaN
78	Y	Tyr	unassigned	0.0	NaN	NaN	NaN	NaN	NaN	NaN	NaN	NaN	78Tyr	NaN	None	NaN	NaN	NaN	NaN	NaN	NaN	NaN	NaN
79	L	Leu	unassigned	0.0	NaN	NaN	NaN	NaN	NaN	NaN	NaN	NaN	79Leu	NaN	None	NaN	NaN	NaN	NaN	NaN	NaN	NaN	NaN
80	P	Pro	unassigned	0.0	NaN	NaN	NaN	NaN	NaN	NaN	NaN	NaN	80Pro	NaN	None	NaN	NaN	NaN	NaN	NaN	NaN	NaN	NaN
81	S	Ser	measured	1.0	9.44932	123.92492	3185400.0	270526000.0	43.36031	39.41021	parabolic	peak fit	81Ser	 81SerN	None	15.0	13.0	14.0	-0.10848000000000013	0.8984500000000111	0.24977754778002248	0.2963548741231416	0.22705420240713076
82	E	Glu	unassigned	0.0	NaN	NaN	NaN	NaN	NaN	NaN	NaN	NaN	82Glu	NaN	None	NaN	NaN	NaN	NaN	NaN	NaN	NaN	NaN
83	G	Gly	unassigned	0.0	NaN	NaN	NaN	NaN	NaN	NaN	NaN	NaN	83Gly	NaN	None	NaN	NaN	NaN	NaN	NaN	NaN	NaN	NaN
84	V	Val	unassigned	0.0	NaN	NaN	NaN	NaN	NaN	NaN	NaN	NaN	84Val	NaN	None	NaN	NaN	NaN	NaN	NaN	NaN	NaN	NaN
85	P	Pro	unassigned	0.0	NaN	NaN	NaN	NaN	NaN	NaN	NaN	NaN	85Pro	NaN	None	NaN	NaN	NaN	NaN	NaN	NaN	NaN	NaN
86	A	Ala	measured	1.0	8.83196	130.78427	4378860.0	246159000.0	31.73357	21.245160000000002	parabolic	peak fit	86Ala	 86AlaN	None	16.0	2.0	15.0	0.03182999999999936	0.0388099999999838	0.024738827316586606	0.30756901032520895	0.22040470967453105
87	T	Thr	measured	1.0	7.8213	116.7556	3812800.0	190275000.0	18.4214	29.433790000000002	parabolic	peak fit	87Thr	 87ThrN	None	17.0	40.0	16.0	-0.01533000000000051	-0.003960000000006403	0.010890461973672712	0.7833018325252691	0.4306364660990481
88	D	Asp	unassigned	0.0	NaN	NaN	NaN	NaN	NaN	NaN	NaN	NaN	88Asp	NaN	None	NaN	NaN	NaN	NaN	NaN	NaN	NaN	NaN
89	V	Val	measured	1.0	7.39045	124.10238999999999	6972220.0	777336000.0	28.13368	21.041520000000002	parabolic	peak fit	89Val	 89ValN	None	18.0	11.0	17.0	-0.009739999999998972	0.17853999999998393	0.047736684132851	0.3257392206238933	0.5191168810353809
90	A	Ala	measured	0.7	8.03515	120.79578000000001	9153840.0	554104000.0	129.26744	25.77761	parabolic	peak fit	90Ala	 90AlaN	None	19.0	24.0	18.0	-0.04222000000000037	-0.19360000000000355	0.059286856890883595	0.3492232565237296	0.27073441248467023
91	K	Lys	measured	1.0	8.02163	117.2117	12456000.0	888500000.0	30.081590000000002	21.72501	parabolic	peak fit	91Lys	 91LysN	mal	20.0	39.0	19.0	-0.029480000000001283	-0.03484000000000265	0.022792608275492534	0.32353414822934146	0.4306479834429543
92	R	Arg	measured	1.0	7.73727	120.80606999999999	10690400.0	699857000.0	29.374540000000003	21.535220000000002	parabolic	peak fit	92Arg	 92ArgN	None	21.0	29.0	20.0	0.059169999999999945	0.31950999999997975	0.0943218387066277	0.3522639277441124	0.3792748950006774
93	M	Met	measured	0.5	8.01029	116.4133	7031340.0	744283000.0	32.19103	24.77347	parabolic	peak fit	93Met	 93MetN	None	22.0	52.0	21.0	-0.06486000000000125	-0.2923799999999943	0.08993016350479882	0.14796808875551618	0.5869554588183338
94	K	Lys	measured	1.0	7.029310000000001	114.42838	7994440.0	2870100000.0	37.4433	23.78099	parabolic	peak fit	94Lys	 94LysN	None	23.0	45.0	22.0	-0.042289999999999495	-0.09383999999998593	0.038866929927636344	0.5102725473926086	2.1277021617293834
95	S	Ser	measured	1.0	7.43416	110.24415	11106600.0	1284180000.0	27.96565	22.2059	parabolic	peak fit	95Ser	 95SerN	None	24.0	49.0	23.0	0.04097000000000062	-0.10686999999998648	0.04048152952890766	0.731790239370639	0.8297022794231664
96	E	Glu	measured	1.0	6.87855	121.16933999999999	9512410.0	632046000.0	27.81985	21.52007	parabolic	peak fit	96Glu	 96GluN	None	25.0	19.0	24.0	-0.07421000000000078	-0.4817600000000084	0.1378406720891937	0.549980631247868	0.4345153306750997
97	Y	Tyr	measured	1.0	8.839139999999999	120.62756999999999	14720600.0	1788450000.0	38.613820000000004	22.79351	parabolic	peak fit	97Tyr	 97TyrN	None	26.0	26.0	25.0	0.0510199999999994	-0.13366999999999507	0.05051986760671367	0.6692611603387997	0.8448558484932943
98	K	Lys	measured	1.0	8.85754	120.62756999999999	12290900.0	455305000.0	47.05455	23.3888	parabolic	peak fit	98Lys	 98LysN	None	27.0	23.0	26.0	-0.05722000000000094	-0.43703000000000713	0.12250195779252057	0.42810369869836745	0.2271085749629637
99	N	Asn	measured	0.8	8.50333	121.50943000000001	13128300.0	1189500000.0	26.97212	22.75972	parabolic	peak fit	99Asn	 99AsnN	foo	28.0	18.0	27.0	-0.030680000000000263	-0.3324599999999833	0.09059639513799228	0.4051156719526759	0.5263810033764498
100	C	Cys	measured	1.0	8.94998	126.71041000000001	5928130.0	646605000.0	26.38425	22.26446	parabolic	peak fit	100Cys	 100CysN	None	29.0	9.0	28.0	0.023730000000000473	-0.18157999999998253	0.050887593753286935	0.2678255015970688	0.47081631315668754
101	A	Ala	measured	1.0	8.999130000000001	133.20622	1715630.0	27776600.0	23.60475	23.1348	parabolic	peak fit	101Ala	 101AlaN	None	30.0	1.0	29.0	-0.026080000000000325	0.030570000000011532	0.020137029150300644	0.18463775321867396	0.04116100695288281
102	E	Glu	measured	1.0	9.01222	114.90985	4244700.0	267813000.0	39.94292	19.03367	parabolic	peak fit	102Glu	 102GluN	None	31.0	44.0	30.0	0.018359999999999488	-0.5820699999999874	0.15454749672187826	0.21325221305627845	0.1783363187790082
103	C	Cys	measured	1.0	8.309289999999999	117.73021999999999	6673330.0	826068000.0	35.40793	28.47771	parabolic	peak fit	103Cys	 103CysN	None	32.0	37.0	31.0	-0.022140000000002047	-0.030530000000013047	0.01761634079484446	0.47540660107857036	0.37352445117677646
104	D	Asp	measured	1.0	8.00463	120.76863999999999	12157900.0	2051760000.0	75.82316999999999	26.48938	parabolic	peak fit	104Asp	 104AspN	None	33.0	22.0	32.0	-0.05453999999999937	-0.40591000000000577	0.11410832908688258	0.4843919949958764	0.9225000337210505
105	T	Thr	measured	1.0	8.40497	119.98456000000002	9757110.0	1476100000.0	55.59081	24.401510000000002	parabolic	peak fit	105Thr	 105ThrN	None	34.0	32.0	33.0	0.06887000000000043	0.4426400000000257	0.1268331593945433	0.3594493932494861	0.8631658967311853
106	L	Leu	measured	1.0	8.627289999999999	129.21983999999998	8671860.0	549433000.0	28.50487	20.96559	parabolic	peak fit	106Leu	 106LeuN	None	35.0	5.0	34.0	0.03605999999999909	0.5156699999999717	0.13879571399361698	0.28764391549660173	0.29423927595994215
107	V	Val	measured	1.0	8.69559	129.48663	5964810.0	4070040000.0	40.8968	25.25281	parabolic	peak fit	107Val	 107ValN	None	36.0	4.0	35.0	-0.021300000000000097	0.23764999999997372	0.06465501972004284	0.272087453928402	1.4553789490622373
108	C	Cys	measured	1.0	8.76792	127.31709	5373280.0	235371000.0	39.35835	21.53789	parabolic	peak fit	108Cys	 108CysN	None	37.0	7.0	36.0	-0.023320000000000007	0.15350000000000819	0.043832279201521974	0.16847465173372797	0.1290708386799592
109	L	Leu	measured	1.0	9.20885	129.76958	3953660.0	432894000.0	43.504540000000006	25.648320000000002	parabolic	peak fit	109Leu	 109LeuN	None	38.0	3.0	37.0	0.08471999999999902	0.12784999999999513	0.06879631367304377	0.2054575122640725	0.35354447747541734
110	S	Ser	measured	1.0	7.6040600000000005	113.08681999999999	15050200.0	667444000.0	40.5933	23.87572	parabolic	peak fit	110Ser	 110SerN	None	39.0	47.0	38.0	-0.01375999999999955	0.5168800000000005	0.13709928595000057	0.7568048676237649	0.4089053894269943
111	E	Glu	measured	1.0	7.89532	118.32206000000001	7101710.0	1455930000.0	37.787040000000005	20.927570000000003	parabolic	peak fit	111Glu	 111GluN	None	40.0	35.0	39.0	-0.00016999999999978144	-0.12275999999998533	0.032479465543628454	0.2869922773213499	0.6382410703326378
112	M	Met	measured	1.0	7.53522	121.86401000000001	6610030.0	741358000.0	28.2355	23.75321	parabolic	peak fit	112Met	 112MetN	bem	41.0	17.0	40.0	0.03255000000000052	-0.007199999999997431	0.023095022190940076	0.2043064892515493	0.42371304303097157
113	R	Arg	lost	0.0	NaN	NaN	NaN	NaN	NaN	NaN	NaN	NaN	113Arg	NaN	None	NaN	NaN	NaN	-0.07316999999999929	0.022769999999994184	0.05208855491372293	NaN	NaN
114	A	Ala	measured	1.0	7.8929100000000005	120.88196	12474500.0	1025940000.0	114.08705	23.821379999999998	parabolic	peak fit	114Ala	 114AlaN	bem	42.0	27.0	41.0	-0.043539999999999246	0.2988500000000016	0.08485080067388896	0.3835581479010303	0.5195632577407299
115	H	His	measured	0.5	8.23891	117.24126000000001	3434350.0	504526000.0	37.75034	43.25002	parabolic	peak fit	115His	 115HisN	bem	43.0	38.0	42.0	-0.06458999999999904	-0.3052599999999899	0.09278356956918345	0.13772768469429494	0.3293487130276978
116	I	Ile	measured	1.0	8.44453	115.18946000000001	3963460.0	381473000.0	61.00068	28.1736	parabolic	peak fit	116Ile	 116IleN	bem	44.0	43.0	43.0	0.015190000000000481	-0.7912699999999973	0.20962572111503805	0.23932491999275407	0.39498095363330543
117	R	Arg	measured	1.0	7.08067	116.29778	7621270.0	599776000.0	23.982470000000003	27.1224	parabolic	peak fit	117Arg	 117ArgN	None	45.0	42.0	44.0	-0.01574999999999971	0.4316299999999984	0.1147403295838037	0.3377818257566692	0.4719375550799446
118	T	Thr	measured	1.0	7.2431	105.0861	5902430.0	520782000.0	30.5786	20.37515	parabolic	peak fit	118Thr	 118ThrN	None	46.0	51.0	45.0	0.005519999999999747	-0.4637299999999982	0.12275349731474	0.4020783661902751	0.6157081953025799
119	C	Cys	measured	1.0	7.24005	127.80565	5109840.0	244480000.0	33.08058	22.780070000000002	parabolic	peak fit	119Cys	 119CysN	None	47.0	6.0	46.0	-0.1227399999999994	0.12855000000000416	0.09321647373184637	0.2425737357050287	0.16622585448438573
120	Q	Gln	unassigned	0.0	NaN	NaN	NaN	NaN	NaN	NaN	NaN	NaN	120Gln	NaN	None	NaN	NaN	NaN	NaN	NaN	NaN	NaN	NaN
121	K	Lys	measured	0.5	8.13975	116.52566000000002	9061710.0	1059250000.0	36.45105	21.03689	parabolic	peak fit	121Lys	 121LysN	None	48.0	41.0	47.0	0.057629999999999626	-0.19246999999998593	0.06522068316875866	0.18685440684921056	0.7064728048821156
122	Y	Tyr	measured	1.0	8.14415	124.1322	3461460.0	121994000.0	48.878009999999996	41.95267	parabolic	peak fit	122Tyr	 122TyrN	None	49.0	12.0	48.0	0.11619999999999919	0.9238899999999859	0.25787848155090043	0.17288541932003776	0.10009846234635772
123	I	Ile	lost	0.0	NaN	NaN	NaN	NaN	NaN	NaN	NaN	NaN	123Ile	NaN	None	NaN	NaN	NaN	0.061380000000001544	-0.088799999999992	0.04935314579639271	NaN	NaN
124	D	Asp	measured	1.0	8.7739	120.90108000000001	9345960.0	543216000.0	26.558040000000002	23.1772	parabolic	peak fit	124Asp	 124AspN	None	50.0	25.0	49.0	0.11201999999999934	0.09118000000000848	0.08280220811065388	0.40023639143338	0.45492810304253517
125	K	Lys	measured	1.0	7.155069999999999	118.34176000000001	2964060.0	169952000.0	81.61278	20.59423	parabolic	peak fit	125Lys	 125LysN	None	51.0	33.0	50.0	-0.0904000000000007	-0.4747899999999987	0.14094633051981162	0.1438871062480886	0.10303555730698112
126	Y	Tyr	lost	0.0	NaN	NaN	NaN	NaN	NaN	NaN	NaN	NaN	126Tyr	NaN	None	NaN	NaN	NaN	-0.00791000000000075	-0.7759700000000009	0.20537854053673696	NaN	NaN
127	G	Gly	measured	1.0	8.355410000000001	111.34656000000001	9159210.0	693297000.0	25.2554	21.27277	parabolic	peak fit	127Gly	 127GlyN	None	52.0	48.0	51.0	0.10996000000000095	0.16759000000001834	0.09409697981338572	0.4098007194502112	0.5602490545301743
128	P	Pro	unassigned	0.0	NaN	NaN	NaN	NaN	NaN	NaN	NaN	NaN	128Pro	NaN	None	NaN	NaN	NaN	NaN	NaN	NaN	NaN	NaN
