Res#	1-letter	3-letter	Peak Status	Merit	Position F1	Position F2	Height	Volume	Line Width F1 (Hz)	Line Width F2 (Hz)	Fit Method	Vol. Method	Assign F1	Assign F2	Details	Number	#	index	H1_delta	N15_delta	CSP	Height_ratio	Vol_ratio
31	P	Pro	unassigned	0.0	NaN	NaN	NaN	NaN	NaN	NaN	NaN	NaN	31Pro	NaN	None	NaN	NaN	NaN	NaN	NaN	NaN	NaN	NaN
32	V	Val	measured	1.0	8.197330000000001	120.49691000000001	7226730.0	487884000.0	22.236929999999997	19.18769	parabolic	peak fit	32Val	 32ValN	None	1.0	29.0	0.0	-0.01238000000000028	-0.061679999999981305	0.018518686994488623	0.7530785463071512	0.22802047063772113
33	T	Thr	unassigned	0.0	NaN	NaN	NaN	NaN	NaN	NaN	NaN	NaN	33Thr	NaN	None	NaN	NaN	NaN	NaN	NaN	NaN	NaN	NaN
34	S	Ser	unassigned	0.0	NaN	NaN	NaN	NaN	NaN	NaN	NaN	NaN	34Ser	NaN	None	NaN	NaN	NaN	NaN	NaN	NaN	NaN	NaN
35	F	Phe	lost	0.0	NaN	NaN	NaN	NaN	NaN	NaN	NaN	NaN	35Phe	NaN	None	NaN	NaN	NaN	0.013530000000001152	0.091700000000003	0.026079738303902786	NaN	NaN
36	D	Asp	measured	1.0	7.593030000000001	117.93531000000002	8041600.0	1243530000.0	25.444779999999998	20.820729999999998	parabolic	peak fit	36Asp	 36AspN	None	2.0	38.0	1.0	0.007450000000000401	0.051160000000010086	0.01452464946220993	0.3887253409129361	0.7519637663193668
37	C	Cys	measured	1.0	8.905660000000001	126.35798999999999	2956430.0	207845000.0	30.521590000000003	29.146859999999997	parabolic	peak fit	37Cys	 37CysN	None	3.0	10.0	2.0	-0.02301999999999893	0.670679999999976	0.17819028191233585	0.22809143932847797	0.1901287985510163
38	A	Ala	lost	0.0	NaN	NaN	NaN	NaN	NaN	NaN	NaN	NaN	38Ala	NaN	None	NaN	NaN	NaN	-0.00986999999999938	0.021830000000022665	0.00905907682934984	NaN	NaN
39	V	Val	lost	0.0	NaN	NaN	NaN	NaN	NaN	NaN	NaN	NaN	39Val	NaN	None	NaN	NaN	NaN	0.0	0.0	0.0	NaN	NaN
40	C	Cys	measured	1.0	8.17861	118.44227	4007710.0	307266000.0	36.43629	21.221220000000002	parabolic	peak fit	40Cys	 40CysN	None	4.0	36.0	3.0	-0.10074000000000005	-0.13113000000001307	0.07923338427077468	0.21284095254280494	0.20006120349511022
41	L	Leu	lost	0.0	NaN	NaN	NaN	NaN	NaN	NaN	NaN	NaN	41Leu	NaN	None	NaN	NaN	NaN	-0.02321000000000062	-0.20573000000000263	0.05685147626051667	NaN	NaN
42	E	Glu	measured	1.0	8.318489999999999	121.17513999999998	6764960.0	525824000.0	29.605729999999998	20.61636	parabolic	peak fit	42Glu	 42GluN	None	5.0	22.0	4.0	0.052009999999999224	0.0029599999999732063	0.03678496108465997	0.29338502838457303	0.22334716623695466
43	V	Val	measured	1.0	8.4445	120.111	6202490.0	507423000.0	46.92597	25.36267	parabolic	peak fit	43Val	 43ValN	None	6.0	31.0	5.0	0.03233999999999959	-0.24508000000000152	0.06875632514903657	0.26244483466266105	0.16782636017860095
44	L	Leu	measured	1.0	8.56592	127.22261	3030680.0	633564000.0	39.79899	20.17928	parabolic	peak fit	44Leu	 44LeuN	None	7.0	8.0	6.0	-0.008340000000000458	0.3046599999999984	0.08082090009397282	0.1765821826021092	0.48210201115532997
45	H	His	measured	1.0	8.44558	122.40298999999999	3004890.0	309915000.0	25.56707	30.14905	parabolic	peak fit	45His	 45HisN	None	8.0	15.0	7.0	0.05485999999999969	-0.07770000000000721	0.043902392873282674	0.33315150688667666	0.22941712069169726
46	Q	Gln	measured	1.0	8.971039999999999	121.59505	2610470.0	260487000.0	32.78111	22.51845	parabolic	peak fit	46Gln	 46GlnN	None	9.0	21.0	8.0	0.017049999999999343	0.10168000000000177	0.029479973168237687	0.4091985697871453	0.43939726193769524
47	P	Pro	unassigned	0.0	NaN	NaN	NaN	NaN	NaN	NaN	NaN	NaN	47Pro	NaN	None	NaN	NaN	NaN	NaN	NaN	NaN	NaN	NaN
48	V	Val	unassigned	0.0	NaN	NaN	NaN	NaN	NaN	NaN	NaN	NaN	48Val	NaN	None	NaN	NaN	NaN	NaN	NaN	NaN	NaN	NaN
49	R	Arg	unassigned	0.0	NaN	NaN	NaN	NaN	NaN	NaN	NaN	NaN	49Arg	NaN	None	NaN	NaN	NaN	NaN	NaN	NaN	NaN	NaN
50	T	Thr	unassigned	0.0	NaN	NaN	NaN	NaN	NaN	NaN	NaN	NaN	50Thr	NaN	None	NaN	NaN	NaN	NaN	NaN	NaN	NaN	NaN
51	R	Arg	unassigned	0.0	NaN	NaN	NaN	NaN	NaN	NaN	NaN	NaN	51Arg	NaN	None	NaN	NaN	NaN	NaN	NaN	NaN	NaN	NaN
52	C	Cys	measured	1.0	7.583360000000001	113.12822	11030300.0	2765340000.0	35.0214	24.23931	parabolic	peak fit	52Cys	 52CysN	None	10.0	49.0	9.0	0.001860000000000639	-0.1456799999999987	0.03856573826597871	0.5595842042249234	1.7474502369668246
53	G	Gly	measured	1.0	8.05612	110.15202	5733450.0	373103000.0	26.33	19.50505	parabolic	peak fit	53Gly	 53GlyN	None	11.0	53.0	10.0	-0.0008999999999996788	-0.04986000000000956	0.015779954372560624	0.27025453688427997	0.25084072313618977
54	H	His	measured	1.0	7.698919999999999	122.85485	5233690.0	600709000.0	34.00731	20.728089999999998	parabolic	peak fit	54His	 54HisN	None	12.0	14.0	11.0	0.04880999999999869	0.0850200000000001	0.0411970396751992	0.2991517624934982	0.42809934435575825
55	V	Val	measured	0.8	7.935039999999999	120.78511	6994650.0	425803000.0	120.72322	22.97265	parabolic	peak fit	55Val	 55ValN	None	13.0	32.0	12.0	0.06423999999999896	0.6254100000000022	0.17158970122650175	0.36099742463575885	0.22919003584769573
56	F	Phe	measured	0.5	8.46963	121.85075	3975900.0	311184000.0	49.83278	36.12688	parabolic	peak fit	56Phe	 56PheN	None	14.0	16.0	13.0	-0.08323999999999998	-0.19469999999999743	0.0782177415935792	0.1659390651085142	0.1294965106552977
57	C	Cys	unassigned	0.0	NaN	NaN	NaN	NaN	NaN	NaN	NaN	NaN	57Cys	NaN	None	NaN	NaN	NaN	NaN	NaN	NaN	NaN	NaN
58	R	Arg	unassigned	0.0	NaN	NaN	NaN	NaN	NaN	NaN	NaN	NaN	58Arg	NaN	None	NaN	NaN	NaN	NaN	NaN	NaN	NaN	NaN
59	S	Ser	unassigned	0.0	NaN	NaN	NaN	NaN	NaN	NaN	NaN	NaN	59Ser	NaN	None	NaN	NaN	NaN	NaN	NaN	NaN	NaN	NaN
60	C	Cys	unassigned	0.0	NaN	NaN	NaN	NaN	NaN	NaN	NaN	NaN	60Cys	NaN	None	NaN	NaN	NaN	NaN	NaN	NaN	NaN	NaN
61	I	Ile	unassigned	0.0	NaN	NaN	NaN	NaN	NaN	NaN	NaN	NaN	61Ile	NaN	None	NaN	NaN	NaN	NaN	NaN	NaN	NaN	NaN
62	A	Ala	unassigned	0.0	NaN	NaN	NaN	NaN	NaN	NaN	NaN	NaN	62Ala	NaN	None	NaN	NaN	NaN	NaN	NaN	NaN	NaN	NaN
63	T	Thr	unassigned	0.0	NaN	NaN	NaN	NaN	NaN	NaN	NaN	NaN	63Thr	NaN	None	NaN	NaN	NaN	NaN	NaN	NaN	NaN	NaN
64	S	Ser	unassigned	0.0	NaN	NaN	NaN	NaN	NaN	NaN	NaN	NaN	64Ser	NaN	None	NaN	NaN	NaN	NaN	NaN	NaN	NaN	NaN
65	L	Leu	unassigned	0.0	NaN	NaN	NaN	NaN	NaN	NaN	NaN	NaN	65Leu	NaN	None	NaN	NaN	NaN	NaN	NaN	NaN	NaN	NaN
66	K	Lys	unassigned	0.0	NaN	NaN	NaN	NaN	NaN	NaN	NaN	NaN	66Lys	NaN	None	NaN	NaN	NaN	NaN	NaN	NaN	NaN	NaN
67	N	Asn	unassigned	0.0	NaN	NaN	NaN	NaN	NaN	NaN	NaN	NaN	67Asn	NaN	None	NaN	NaN	NaN	NaN	NaN	NaN	NaN	NaN
68	N	Asn	unassigned	0.0	NaN	NaN	NaN	NaN	NaN	NaN	NaN	NaN	68Asn	NaN	None	NaN	NaN	NaN	NaN	NaN	NaN	NaN	NaN
69	K	Lys	unassigned	0.0	NaN	NaN	NaN	NaN	NaN	NaN	NaN	NaN	69Lys	NaN	None	NaN	NaN	NaN	NaN	NaN	NaN	NaN	NaN
70	W	Trp	unassigned	0.0	NaN	NaN	NaN	NaN	NaN	NaN	NaN	NaN	70Trp	NaN	None	NaN	NaN	NaN	NaN	NaN	NaN	NaN	NaN
71	T	Thr	unassigned	0.0	NaN	NaN	NaN	NaN	NaN	NaN	NaN	NaN	71Thr	NaN	None	NaN	NaN	NaN	NaN	NaN	NaN	NaN	NaN
72	C	Cys	unassigned	0.0	NaN	NaN	NaN	NaN	NaN	NaN	NaN	NaN	72Cys	NaN	None	NaN	NaN	NaN	NaN	NaN	NaN	NaN	NaN
73	P	Pro	unassigned	0.0	NaN	NaN	NaN	NaN	NaN	NaN	NaN	NaN	73Pro	NaN	None	NaN	NaN	NaN	NaN	NaN	NaN	NaN	NaN
74	Y	Tyr	unassigned	0.0	NaN	NaN	NaN	NaN	NaN	NaN	NaN	NaN	74Tyr	NaN	None	NaN	NaN	NaN	NaN	NaN	NaN	NaN	NaN
75	C	Cys	unassigned	0.0	NaN	NaN	NaN	NaN	NaN	NaN	NaN	NaN	75Cys	NaN	None	NaN	NaN	NaN	NaN	NaN	NaN	NaN	NaN
76	R	Arg	unassigned	0.0	NaN	NaN	NaN	NaN	NaN	NaN	NaN	NaN	76Arg	NaN	None	NaN	NaN	NaN	NaN	NaN	NaN	NaN	NaN
77	A	Ala	unassigned	0.0	NaN	NaN	NaN	NaN	NaN	NaN	NaN	NaN	77Ala	NaN	None	NaN	NaN	NaN	NaN	NaN	NaN	NaN	NaN
78	Y	Tyr	unassigned	0.0	NaN	NaN	NaN	NaN	NaN	NaN	NaN	NaN	78Tyr	NaN	None	NaN	NaN	NaN	NaN	NaN	NaN	NaN	NaN
79	L	Leu	unassigned	0.0	NaN	NaN	NaN	NaN	NaN	NaN	NaN	NaN	79Leu	NaN	None	NaN	NaN	NaN	NaN	NaN	NaN	NaN	NaN
80	P	Pro	unassigned	0.0	NaN	NaN	NaN	NaN	NaN	NaN	NaN	NaN	80Pro	NaN	None	NaN	NaN	NaN	NaN	NaN	NaN	NaN	NaN
81	S	Ser	measured	1.0	9.47462	123.82372	1376720.0	29947600.0	49.38313	37.430640000000004	parabolic	peak fit	81Ser	 81SerN	None	15.0	13.0	14.0	-0.08318000000000048	0.7972500000000053	0.21897941815385444	0.12808365740654598	0.02513521226058785
82	E	Glu	unassigned	0.0	NaN	NaN	NaN	NaN	NaN	NaN	NaN	NaN	82Glu	NaN	None	NaN	NaN	NaN	NaN	NaN	NaN	NaN	NaN
83	G	Gly	unassigned	0.0	NaN	NaN	NaN	NaN	NaN	NaN	NaN	NaN	83Gly	NaN	None	NaN	NaN	NaN	NaN	NaN	NaN	NaN	NaN
84	V	Val	unassigned	0.0	NaN	NaN	NaN	NaN	NaN	NaN	NaN	NaN	84Val	NaN	None	NaN	NaN	NaN	NaN	NaN	NaN	NaN	NaN
85	P	Pro	unassigned	0.0	NaN	NaN	NaN	NaN	NaN	NaN	NaN	NaN	85Pro	NaN	None	NaN	NaN	NaN	NaN	NaN	NaN	NaN	NaN
86	A	Ala	measured	1.0	8.830810000000001	130.81646999999998	3381210.0	380369000.0	32.74648	21.39699	parabolic	peak fit	86Ala	 86AlaN	None	16.0	2.0	15.0	0.030680000000000263	0.0710099999999727	0.028698442588400798	0.2374945564374517	0.3405730402471236
87	T	Thr	measured	1.0	7.82763	116.76941000000001	2554780.0	212546000.0	37.569520000000004	24.58844	parabolic	peak fit	87Thr	 87ThrN	None	17.0	42.0	16.0	-0.009000000000000341	0.009850000000000136	0.0068768870137587155	0.5248541375626592	0.4810409056549114
88	D	Asp	unassigned	0.0	NaN	NaN	NaN	NaN	NaN	NaN	NaN	NaN	88Asp	NaN	None	NaN	NaN	NaN	NaN	NaN	NaN	NaN	NaN
89	V	Val	measured	1.0	7.39275	124.06098999999999	6627450.0	438726000.0	24.11056	19.477529999999998	parabolic	peak fit	89Val	 89ValN	None	18.0	11.0	17.0	-0.007439999999999003	0.13713999999998805	0.03666324279165392	0.30963170951631214	0.29298793925551947
90	A	Ala	measured	0.5	8.03458	120.81878	8278780.0	325295000.0	48.8296	22.61109	parabolic	peak fit	90Ala	 90AlaN	None	19.0	25.0	18.0	-0.042790000000000106	-0.1706000000000074	0.05433964712804254	0.31583931023958495	0.15893866622367064
91	K	Lys	measured	1.0	8.0268	117.2117	10334500.0	666753000.0	24.661089999999998	21.69964	parabolic	peak fit	91Lys	 91LysN	None	20.0	41.0	19.0	-0.024310000000001608	-0.03484000000000265	0.01950527728590527	0.26842996586995255	0.3231692007929545
92	R	Arg	measured	1.0	7.72772	120.75777	7454120.0	535963000.0	25.75546	20.629170000000002	parabolic	peak fit	92Arg	 92ArgN	None	21.0	30.0	20.0	0.04962	0.2712099999999822	0.07987435562806953	0.24562388582989814	0.29045549383552366
93	M	Met	measured	0.5	8.013160000000001	116.4731	4821860.0	380359000.0	46.147490000000005	23.36008	parabolic	peak fit	93Met	 93MetN	None	22.0	55.0	21.0	-0.06198999999999977	-0.23257999999999868	0.0755507908495996	0.10147161258688575	0.29995820321125516
94	K	Lys	measured	1.0	7.03563	114.42378000000001	7280640.0	474042000.0	28.08823	20.33076	parabolic	peak fit	94Lys	 94LysN	None	23.0	48.0	22.0	-0.035969999999999835	-0.09843999999998232	0.0364039943138078	0.46471181464224165	0.351423360910951
95	S	Ser	measured	1.0	7.42726	110.27175	7303790.0	1486770000.0	37.46002	22.91444	parabolic	peak fit	95Ser	 95SerN	None	24.0	52.0	23.0	0.03407000000000071	-0.07926999999999396	0.03194125471862302	0.48123118077655447	0.960594665839665
96	E	Glu	measured	1.0	6.892919999999999	121.24293999999999	5822340.0	530225000.0	31.22692	22.27552	parabolic	peak fit	96Glu	 96GluN	None	25.0	19.0	24.0	-0.059840000000001226	-0.4081600000000094	0.11598290301592132	0.3366312247411236	0.3645160181493194
97	Y	Tyr	measured	1.0	8.831660000000001	120.64137	8623390.0	782251000.0	43.901990000000005	22.07984	parabolic	peak fit	97Tyr	 97TyrN	None	26.0	27.0	25.0	0.04354000000000191	-0.1198699999999917	0.044200486230356606	0.3920560301518961	0.3695319032344924
98	K	Lys	measured	1.0	8.86219	120.70338999999998	8036120.0	458530000.0	49.22076	21.69343	parabolic	peak fit	98Lys	 98LysN	None	27.0	24.0	26.0	-0.052570000000001116	-0.361210000000014	0.10254213249684624	0.2799056777928325	0.22871722225270477
99	N	Asn	measured	0.8	8.507760000000001	121.56475	9659030.0	843220000.0	26.95048	25.10541	parabolic	peak fit	99Asn	 99AsnN	None	28.0	18.0	27.0	-0.02624999999999922	-0.2771399999999886	0.07563723832874611	0.2980602537160984	0.3731441695393779
100	C	Cys	measured	1.0	8.94538	126.75641	4896920.0	721800000.0	26.993470000000002	19.87416	parabolic	peak fit	100Cys	 100CysN	None	29.0	9.0	28.0	0.019130000000000535	-0.13557999999999026	0.03833684908804876	0.22123672309492506	0.5255684921033662
101	A	Ala	measured	1.0	9.00661	133.23843	1261260.0	100599000.0	31.9293	24.63415	parabolic	peak fit	101Ala	 101AlaN	None	30.0	1.0	29.0	-0.01860000000000106	0.06278000000000361	0.02118662285500102	0.13573801613668723	0.14907354170247827
102	E	Glu	measured	1.0	9.01107	114.96506000000001	3529500.0	1183560000.0	35.1035	29.73777	parabolic	peak fit	102Glu	 102GluN	None	31.0	47.0	30.0	0.01721000000000039	-0.526859999999985	0.1399242445825558	0.1773208203128925	0.7881310222210384
103	C	Cys	measured	1.0	8.320789999999999	117.73482	5258560.0	440254000.0	36.4114	23.03923	parabolic	peak fit	103Cys	 103CysN	None	32.0	39.0	31.0	-0.010640000000002203	-0.02593000000000245	0.010181863434560116	0.3746186890454581	0.1990703352852072
104	D	Asp	measured	0.5	8.00808	120.78244	8610920.0	496070000.0	46.1288	25.8317	parabolic	peak fit	104Asp	 104AspN	None	33.0	23.0	32.0	-0.0510900000000003	-0.3921100000000024	0.10985268179248128	0.34307410963652374	0.2230400201427075
105	T	Thr	measured	1.0	8.40325	119.95696000000001	6649270.0	480979000.0	47.18795	23.570339999999998	parabolic	peak fit	105Thr	 105ThrN	None	34.0	34.0	33.0	0.06714999999999982	0.41504000000001895	0.11963542686847024	0.24495737642109297	0.28125782118004794
106	L	Leu	measured	1.0	8.624989999999999	129.15084	6001420.0	419518000.0	26.35853	23.50836	parabolic	peak fit	106Leu	 106LeuN	None	35.0	5.0	34.0	0.033759999999999124	0.44666999999998325	0.12056473374498416	0.19906593825772276	0.22466555989931988
107	V	Val	measured	1.0	8.70019	129.45903	5061580.0	1017100000.0	32.69965	24.10564	parabolic	peak fit	107Val	 107ValN	None	36.0	4.0	35.0	-0.01670000000000016	0.2100499999999954	0.056814744345107	0.23088621683757252	0.36369812805063384
108	C	Cys	measured	1.0	8.76792	127.30328999999999	6748300.0	460491000.0	24.288629999999998	21.53265	parabolic	peak fit	108Cys	 108CysN	None	37.0	7.0	36.0	-0.023320000000000007	0.13970000000000482	0.040472675967868674	0.21158724136741738	0.25252031717829765
109	L	Leu	measured	1.0	9.19678	129.76498	3193990.0	416245000.0	30.996609999999997	24.07536	parabolic	peak fit	109Leu	 109LeuN	None	38.0	3.0	37.0	0.07264999999999944	0.12325000000001296	0.0608469442535957	0.16598019040492226	0.3399472411878083
110	S	Ser	measured	1.0	7.607989999999999	113.04931	10180500.0	630577000.0	35.259479999999996	27.45035	parabolic	peak fit	110Ser	 110SerN	None	39.0	50.0	38.0	-0.009830000000000894	0.47937000000001717	0.12701970804958246	0.5119302039071733	0.3863190526077181
111	E	Glu	measured	1.0	7.89589	118.35426000000001	6678780.0	482171000.0	29.01142	21.85214	parabolic	peak fit	111Glu	 111GluN	None	40.0	37.0	39.0	0.00039999999999995595	-0.09055999999998221	0.023961593269225118	0.2699009508876433	0.21137096915604342
112	M	Met	measured	1.0	7.528630000000001	121.85663999999998	5843350.0	753574000.0	28.55622	21.62311	parabolic	peak fit	112Met	 112MetN	None	41.0	17.0	40.0	0.025960000000001315	-0.0145700000000204	0.018756885215836763	0.18060951674471076	0.43069493104413975
113	R	Arg	measured	1.0	8.66282	119.765	1611240.0	110828000.0	53.1572	57.54772	parabolic	peak fit	113Arg	 113ArgN	None	42.0	33.0	41.0	-0.07316999999999929	0.022769999999994184	0.05208855491372293	0.15904370829549494	0.12519259878453787
114	A	Ala	measured	1.0	7.898510000000001	120.82864	10057300.0	764400000.0	49.16744	21.61448	parabolic	peak fit	114Ala	 114AlaN	None	43.0	28.0	42.0	-0.037939999999998975	0.24552999999998804	0.07028278923747655	0.3092355894733282	0.38711245708034964
115	H	His	measured	1.0	8.247539999999999	117.32406999999999	3530880.0	428067000.0	41.48855	25.6664	parabolic	peak fit	115His	 115HisN	None	44.0	40.0	43.0	-0.055960000000000676	-0.22245000000000914	0.07091996175267104	0.14159882578461488	0.2794371658539451
116	I	Ile	measured	1.0	8.44568	115.28606	3723790.0	279605000.0	37.25166	23.312520000000003	parabolic	peak fit	116Ile	 116IleN	None	45.0	46.0	44.0	0.016339999999999577	-0.6946700000000021	0.1841552237190143	0.22485296781595315	0.2895058091677271
117	R	Arg	measured	1.0	7.083539999999999	116.23796999999999	6150010.0	423252000.0	26.09468	24.113	parabolic	peak fit	117Arg	 117ArgN	None	46.0	45.0	45.0	-0.012880000000000003	0.3718199999999854	0.09879501540057191	0.2725742043283827	0.33303852448696963
118	T	Thr	measured	1.0	7.24138	105.1367	4457750.0	499442000.0	28.324540000000002	22.415029999999998	parabolic	peak fit	118Thr	 118ThrN	None	47.0	54.0	46.0	0.0038000000000000256	-0.41312999999999533	0.10933694610240278	0.30366558127494925	0.5904784199114239
119	C	Cys	measured	1.0	7.25845	127.76425	4414240.0	260453000.0	23.45634	19.482860000000002	parabolic	peak fit	119Cys	 119CysN	None	48.0	6.0	47.0	-0.10433999999999966	0.08715000000000828	0.07729861819592938	0.20955229265467526	0.17708615215159407
120	Q	Gln	unassigned	0.0	NaN	NaN	NaN	NaN	NaN	NaN	NaN	NaN	120Gln	NaN	None	NaN	NaN	NaN	NaN	NaN	NaN	NaN	NaN
121	K	Lys	measured	0.5	8.13342	116.56706000000001	6703980.0	844003000.0	35.41216	21.83483	parabolic	peak fit	121Lys	 121LysN	None	49.0	43.0	48.0	0.05129999999999946	-0.15106999999999005	0.05397587556492031	0.13823750775835583	0.5629125954580319
122	Y	Tyr	measured	1.0	8.12805	124.0126	2960720.0	265496000.0	37.26209	24.21122	parabolic	peak fit	122Tyr	 122TyrN	None	50.0	12.0	49.0	0.10009999999999941	0.8042899999999946	0.2242582736199477	0.14787555502280025	0.21784465923822965
123	I	Ile	measured	0.5	8.5455	121.47259	3162460.0	128513000.0	68.34783	39.67602	parabolic	peak fit	123Ile	 123IleN	None	51.0	20.0	50.0	0.061380000000001544	-0.088799999999992	0.04935314579639271	0.19027695047622487	0.11769559762251468
124	D	Asp	measured	1.0	8.76528	120.85507	5488650.0	511146000.0	27.64848	22.05131	parabolic	peak fit	124Asp	 124AspN	None	52.0	26.0	51.0	0.1034000000000006	0.04516999999999882	0.07408510662069709	0.23504888420673972	0.4280703811334344
125	K	Lys	measured	1.0	7.16542	118.37396000000001	2459470.0	202269000.0	72.48576	22.03527	parabolic	peak fit	125Lys	 125LysN	None	53.0	35.0	52.0	-0.08004999999999995	-0.4425899999999956	0.13006158086460323	0.11939232714721916	0.12262814877686501
126	Y	Tyr	measured	1.0	8.26029	115.77331000000001	1874780.0	133895000.0	27.6958	19.62997	parabolic	peak fit	126Tyr	 126TyrN	None	54.0	44.0	53.0	-0.00791000000000075	-0.7759700000000009	0.20537854053673696	0.09300103677320462	0.06222089008471465
127	G	Gly	measured	1.0	8.341510000000001	111.31324	5879100.0	451532000.0	27.5134	19.1128	parabolic	peak fit	127Gly	 127GlyN	None	55.0	51.0	54.0	0.09606000000000137	0.13427000000000078	0.08010371458303386	0.2630422721740998	0.3648802404887352
128	P	Pro	unassigned	0.0	NaN	NaN	NaN	NaN	NaN	NaN	NaN	NaN	128Pro	NaN	None	NaN	NaN	NaN	NaN	NaN	NaN	NaN	NaN
