Res#	1-letter	3-letter	Peak Status	Merit	Position F1	Position F2	Height	Volume	Line Width F1 (Hz)	Line Width F2 (Hz)	Fit Method	Vol. Method	Assign F1	Assign F2	Details	Number	#	index	H1_delta	N15_delta	CSP	Height_ratio	Vol_ratio
31	P	Pro	unassigned	0.0	NaN	NaN	NaN	NaN	NaN	NaN	NaN	NaN	31Pro	NaN	None	NaN	NaN	NaN	NaN	NaN	NaN	NaN	NaN
32	V	Val	measured	1.0	8.20357	120.52285	8623870.0	550129000.0	21.89339	18.13288	parabolic	peak fit	32Val	 32ValN	None	1.0	29.0	0.0	-0.006140000000002033	-0.03573999999998989	0.010405005141755668	0.8986708349615735	0.25711167714345806
33	T	Thr	unassigned	0.0	NaN	NaN	NaN	NaN	NaN	NaN	NaN	NaN	33Thr	NaN	None	NaN	NaN	NaN	NaN	NaN	NaN	NaN	NaN
34	S	Ser	unassigned	0.0	NaN	NaN	NaN	NaN	NaN	NaN	NaN	NaN	34Ser	NaN	None	NaN	NaN	NaN	NaN	NaN	NaN	NaN	NaN
35	F	Phe	lost	0.0	NaN	NaN	NaN	NaN	NaN	NaN	NaN	NaN	35Phe	NaN	None	NaN	NaN	NaN	0.013530000000001152	0.091700000000003	0.026079738303902786	NaN	NaN
36	D	Asp	measured	1.0	7.59013	117.91868000000001	13060100.0	912551000.0	23.33721	18.64281	parabolic	peak fit	36Asp	 36AspN	None	2.0	38.0	1.0	0.004550000000000054	0.034530000000003724	0.00968574793188519	0.6313161342092415	0.5518204521953668
37	C	Cys	measured	1.0	8.91191	126.05297	4246460.0	507035000.0	28.7428	30.06427	parabolic	peak fit	37Cys	 37CysN	None	3.0	10.0	2.0	-0.016769999999999285	0.3656599999999912	0.09746857412519964	0.32761850388840885	0.4638165718362941
38	A	Ala	lost	0.0	NaN	NaN	NaN	NaN	NaN	NaN	NaN	NaN	38Ala	NaN	None	NaN	NaN	NaN	-0.00986999999999938	0.021830000000022665	0.00905907682934984	NaN	NaN
39	V	Val	lost	0.0	NaN	NaN	NaN	NaN	NaN	NaN	NaN	NaN	39Val	NaN	None	NaN	NaN	NaN	0.0	0.0	0.0	NaN	NaN
40	C	Cys	measured	1.0	8.23509	118.50681999999999	4147180.0	308997000.0	52.12334	22.606460000000002	parabolic	peak fit	40Cys	 40CysN	None	4.0	36.0	3.0	-0.0442600000000013	-0.06658000000001607	0.03591345914835004	0.2202479075498152	0.20118825934655502
41	L	Leu	lost	0.0	NaN	NaN	NaN	NaN	NaN	NaN	NaN	NaN	41Leu	NaN	None	NaN	NaN	NaN	-0.02321000000000062	-0.20573000000000263	0.05685147626051667	NaN	NaN
42	E	Glu	measured	1.0	8.2987	121.1798	9614790.0	1223710000.0	28.67506	19.19612	parabolic	peak fit	42Glu	 42GluN	foo	5.0	22.0	4.0	0.03222000000000058	0.007619999999988636	0.022872007082895166	0.4169774007624153	0.5197787868104609
43	V	Val	measured	1.0	8.43621	120.25961000000001	10204000.0	2666520000.0	33.575520000000004	27.561759999999996	parabolic	peak fit	43Val	 43ValN	None	6.0	31.0	5.0	0.024050000000000793	-0.0964699999999965	0.03067007520368954	0.4317600016925128	0.8819315362989912
44	L	Leu	measured	1.0	8.570889999999999	127.09848000000001	5064720.0	525719000.0	33.67597	20.958389999999998	parabolic	peak fit	44Leu	 44LeuN	None	7.0	8.0	6.0	-0.0033700000000020935	0.18053000000000452	0.047823154569728264	0.29509526306589756	0.40003880776459666
45	H	His	measured	1.0	8.422	122.43279	3773590.0	578397000.0	47.33562	18.791439999999998	parabolic	peak fit	45His	 45HisN	None	8.0	15.0	7.0	0.03128000000000064	-0.0478999999999985	0.02549172218583927	0.41837711026776164	0.42816312329740613
46	Q	Gln	measured	1.0	8.961110000000001	121.5454	4053530.0	285324000.0	31.243540000000003	22.1423	parabolic	peak fit	46Gln	 46GlnN	None	9.0	21.0	8.0	0.007120000000002236	0.05203000000000202	0.014657614505779263	0.6354023139853311	0.48129305633337155
47	P	Pro	unassigned	0.0	NaN	NaN	NaN	NaN	NaN	NaN	NaN	NaN	47Pro	NaN	None	NaN	NaN	NaN	NaN	NaN	NaN	NaN	NaN
48	V	Val	unassigned	0.0	NaN	NaN	NaN	NaN	NaN	NaN	NaN	NaN	48Val	NaN	None	NaN	NaN	NaN	NaN	NaN	NaN	NaN	NaN
49	R	Arg	unassigned	0.0	NaN	NaN	NaN	NaN	NaN	NaN	NaN	NaN	49Arg	NaN	None	NaN	NaN	NaN	NaN	NaN	NaN	NaN	NaN
50	T	Thr	unassigned	0.0	NaN	NaN	NaN	NaN	NaN	NaN	NaN	NaN	50Thr	NaN	None	NaN	NaN	NaN	NaN	NaN	NaN	NaN	NaN
51	R	Arg	unassigned	0.0	NaN	NaN	NaN	NaN	NaN	NaN	NaN	NaN	51Arg	NaN	None	NaN	NaN	NaN	NaN	NaN	NaN	NaN	NaN
52	C	Cys	measured	1.0	7.583360000000001	113.17291000000002	12937400.0	1270960000.0	27.596829999999997	25.49113	parabolic	peak fit	52Cys	 52CysN	None	10.0	49.0	9.0	0.001860000000000639	-0.1009899999999817	0.02675179259413736	0.6563343412001055	0.8031342812006319
53	G	Gly	measured	1.0	8.05263	110.17998999999999	10467500.0	8089590000.0	25.01191	18.53438	parabolic	peak fit	53Gly	 53GlyN	None	11.0	53.0	10.0	-0.004389999999999006	-0.021890000000013288	0.007586386491608097	0.493400895592741	5.43870889667274
54	H	His	measured	1.0	7.679010000000001	122.834	7717510.0	3530780000.0	34.59877	18.36007	parabolic	peak fit	54His	 54HisN	None	12.0	14.0	11.0	0.028900000000000148	0.06417000000000428	0.026567841895796557	0.44112408617269977	2.516234321550741
55	V	Val	measured	0.8	7.92077	120.52195	8584610.0	416093000.0	29.07133	34.85115	parabolic	peak fit	55Val	 55ValN	None	13.0	32.0	12.0	0.04997000000000007	0.36225000000000307	0.10214820030230665	0.4430560644924881	0.22396359252042672
56	F	Phe	measured	0.9	8.49346	121.88888999999999	4537180.0	178401000.0	75.39206999999999	39.67235	parabolic	peak fit	56Phe	 56PheN	None	14.0	16.0	13.0	-0.05940999999999974	-0.15656000000001313	0.0589961558239202	0.18936477462437395	0.07424002197226003
57	C	Cys	unassigned	0.0	NaN	NaN	NaN	NaN	NaN	NaN	NaN	NaN	57Cys	NaN	None	NaN	NaN	NaN	NaN	NaN	NaN	NaN	NaN
58	R	Arg	unassigned	0.0	NaN	NaN	NaN	NaN	NaN	NaN	NaN	NaN	58Arg	NaN	None	NaN	NaN	NaN	NaN	NaN	NaN	NaN	NaN
59	S	Ser	unassigned	0.0	NaN	NaN	NaN	NaN	NaN	NaN	NaN	NaN	59Ser	NaN	None	NaN	NaN	NaN	NaN	NaN	NaN	NaN	NaN
60	C	Cys	unassigned	0.0	NaN	NaN	NaN	NaN	NaN	NaN	NaN	NaN	60Cys	NaN	None	NaN	NaN	NaN	NaN	NaN	NaN	NaN	NaN
61	I	Ile	unassigned	0.0	NaN	NaN	NaN	NaN	NaN	NaN	NaN	NaN	61Ile	NaN	None	NaN	NaN	NaN	NaN	NaN	NaN	NaN	NaN
62	A	Ala	unassigned	0.0	NaN	NaN	NaN	NaN	NaN	NaN	NaN	NaN	62Ala	NaN	None	NaN	NaN	NaN	NaN	NaN	NaN	NaN	NaN
63	T	Thr	unassigned	0.0	NaN	NaN	NaN	NaN	NaN	NaN	NaN	NaN	63Thr	NaN	None	NaN	NaN	NaN	NaN	NaN	NaN	NaN	NaN
64	S	Ser	unassigned	0.0	NaN	NaN	NaN	NaN	NaN	NaN	NaN	NaN	64Ser	NaN	None	NaN	NaN	NaN	NaN	NaN	NaN	NaN	NaN
65	L	Leu	unassigned	0.0	NaN	NaN	NaN	NaN	NaN	NaN	NaN	NaN	65Leu	NaN	None	NaN	NaN	NaN	NaN	NaN	NaN	NaN	NaN
66	K	Lys	unassigned	0.0	NaN	NaN	NaN	NaN	NaN	NaN	NaN	NaN	66Lys	NaN	None	NaN	NaN	NaN	NaN	NaN	NaN	NaN	NaN
67	N	Asn	unassigned	0.0	NaN	NaN	NaN	NaN	NaN	NaN	NaN	NaN	67Asn	NaN	None	NaN	NaN	NaN	NaN	NaN	NaN	NaN	NaN
68	N	Asn	unassigned	0.0	NaN	NaN	NaN	NaN	NaN	NaN	NaN	NaN	68Asn	NaN	None	NaN	NaN	NaN	NaN	NaN	NaN	NaN	NaN
69	K	Lys	unassigned	0.0	NaN	NaN	NaN	NaN	NaN	NaN	NaN	NaN	69Lys	NaN	None	NaN	NaN	NaN	NaN	NaN	NaN	NaN	NaN
70	W	Trp	unassigned	0.0	NaN	NaN	NaN	NaN	NaN	NaN	NaN	NaN	70Trp	NaN	None	NaN	NaN	NaN	NaN	NaN	NaN	NaN	NaN
71	T	Thr	unassigned	0.0	NaN	NaN	NaN	NaN	NaN	NaN	NaN	NaN	71Thr	NaN	None	NaN	NaN	NaN	NaN	NaN	NaN	NaN	NaN
72	C	Cys	unassigned	0.0	NaN	NaN	NaN	NaN	NaN	NaN	NaN	NaN	72Cys	NaN	None	NaN	NaN	NaN	NaN	NaN	NaN	NaN	NaN
73	P	Pro	unassigned	0.0	NaN	NaN	NaN	NaN	NaN	NaN	NaN	NaN	73Pro	NaN	None	NaN	NaN	NaN	NaN	NaN	NaN	NaN	NaN
74	Y	Tyr	unassigned	0.0	NaN	NaN	NaN	NaN	NaN	NaN	NaN	NaN	74Tyr	NaN	None	NaN	NaN	NaN	NaN	NaN	NaN	NaN	NaN
75	C	Cys	unassigned	0.0	NaN	NaN	NaN	NaN	NaN	NaN	NaN	NaN	75Cys	NaN	None	NaN	NaN	NaN	NaN	NaN	NaN	NaN	NaN
76	R	Arg	unassigned	0.0	NaN	NaN	NaN	NaN	NaN	NaN	NaN	NaN	76Arg	NaN	None	NaN	NaN	NaN	NaN	NaN	NaN	NaN	NaN
77	A	Ala	unassigned	0.0	NaN	NaN	NaN	NaN	NaN	NaN	NaN	NaN	77Ala	NaN	None	NaN	NaN	NaN	NaN	NaN	NaN	NaN	NaN
78	Y	Tyr	unassigned	0.0	NaN	NaN	NaN	NaN	NaN	NaN	NaN	NaN	78Tyr	NaN	None	NaN	NaN	NaN	NaN	NaN	NaN	NaN	NaN
79	L	Leu	unassigned	0.0	NaN	NaN	NaN	NaN	NaN	NaN	NaN	NaN	79Leu	NaN	None	NaN	NaN	NaN	NaN	NaN	NaN	NaN	NaN
80	P	Pro	unassigned	0.0	NaN	NaN	NaN	NaN	NaN	NaN	NaN	NaN	80Pro	NaN	None	NaN	NaN	NaN	NaN	NaN	NaN	NaN	NaN
81	S	Ser	measured	1.0	9.50727	123.519	1531930.0	56153300.0	62.14512	49.6515	parabolic	peak fit	81Ser	 81SerN	None	15.0	13.0	14.0	-0.050530000000000186	0.49253000000001634	0.13512085891157272	0.14252367750218634	0.04712982391351787
82	E	Glu	unassigned	0.0	NaN	NaN	NaN	NaN	NaN	NaN	NaN	NaN	82Glu	NaN	None	NaN	NaN	NaN	NaN	NaN	NaN	NaN	NaN
83	G	Gly	unassigned	0.0	NaN	NaN	NaN	NaN	NaN	NaN	NaN	NaN	83Gly	NaN	None	NaN	NaN	NaN	NaN	NaN	NaN	NaN	NaN
84	V	Val	unassigned	0.0	NaN	NaN	NaN	NaN	NaN	NaN	NaN	NaN	84Val	NaN	None	NaN	NaN	NaN	NaN	NaN	NaN	NaN	NaN
85	P	Pro	unassigned	0.0	NaN	NaN	NaN	NaN	NaN	NaN	NaN	NaN	85Pro	NaN	None	NaN	NaN	NaN	NaN	NaN	NaN	NaN	NaN
86	A	Ala	measured	1.0	8.81921	130.7752	6711040.0	483400000.0	25.53746	19.95589	parabolic	peak fit	86Ala	 86AlaN	None	16.0	2.0	15.0	0.019079999999998876	0.029740000000003874	0.01561844845047019	0.4713802065041793	0.4328244616555491
87	T	Thr	measured	1.0	7.83343	116.77972	3629810.0	251979000.0	23.71784	21.55444	parabolic	peak fit	87Thr	 87ThrN	None	17.0	42.0	16.0	-0.0032000000000005357	0.020159999999989964	0.0057939444249986895	0.7457083573013394	0.5702869325511604
88	D	Asp	unassigned	0.0	NaN	NaN	NaN	NaN	NaN	NaN	NaN	NaN	88Asp	NaN	None	NaN	NaN	NaN	NaN	NaN	NaN	NaN	NaN
89	V	Val	measured	1.0	7.39601	124.01083999999999	10983500.0	739310000.0	23.42644	19.311529999999998	parabolic	peak fit	89Val	 89ValN	None	18.0	11.0	17.0	-0.004179999999998962	0.08698999999998591	0.023204404905099896	0.5131445550660382	0.49372253609541744
90	A	Ala	measured	0.5	8.054260000000001	120.93385	12026600.0	465304000.0	37.88315	23.98009	parabolic	peak fit	90Ala	 90AlaN	None	19.0	25.0	18.0	-0.023109999999999076	-0.05553000000000452	0.02197468345619599	0.45882038760872884	0.22734686099859772
91	K	Lys	measured	1.0	8.035910000000001	117.22931000000001	16828800.0	1083780000.0	22.995929999999998	19.40106	parabolic	peak fit	91Lys	 91LysN	None	20.0	41.0	19.0	-0.015200000000000102	-0.017229999999983647	0.011674806336721912	0.43711395903355343	0.5252984485040011
92	R	Arg	measured	1.0	7.71128	120.66108	9928840.0	1401710000.0	28.325029999999998	20.17376	parabolic	peak fit	92Arg	 92ArgN	foo	21.0	30.0	20.0	0.03318000000000065	0.1745199999999869	0.05179249296953857	0.32716943952919003	0.7596314862484758
93	M	Met	measured	0.5	8.04417	116.56612	7320930.0	1030290000.0	79.07401	23.575029999999998	parabolic	peak fit	93Met	 93MetN	None	22.0	55.0	21.0	-0.03098000000000134	-0.13956000000000301	0.04293331750517424	0.1540622441828899	0.8125059146399167
94	K	Lys	measured	1.0	7.05081	114.47458999999999	9324100.0	655949000.0	29.80436	19.38508	parabolic	peak fit	94Lys	 94LysN	None	23.0	48.0	22.0	-0.020789999999999864	-0.04762999999999806	0.019362727932809062	0.5951426565392226	0.4862771698840554
95	S	Ser	measured	1.0	7.41696	110.30268000000001	11050400.0	1113060000.0	28.808559999999996	20.02272	parabolic	peak fit	95Ser	 95SerN	None	24.0	52.0	23.0	0.023770000000000735	-0.04833999999998184	0.02112059047469778	0.7280873409631489	0.719142502713599
96	E	Glu	measured	1.0	6.916980000000001	121.39506000000002	5967390.0	1188000000.0	34.67452	23.4536	parabolic	peak fit	96Glu	 96GluN	None	25.0	19.0	24.0	-0.03577999999999992	-0.2560399999999845	0.0723122251904852	0.34501760532843045	0.8167193730235116
97	Y	Tyr	measured	1.0	8.81471	120.69176000000002	11291300.0	807249000.0	32.836890000000004	19.59217	parabolic	peak fit	97Tyr	 97TyrN	None	26.0	27.0	25.0	0.026590000000000558	-0.06947999999997023	0.026295189255826346	0.5133505794419717	0.381340847572123
98	K	Lys	measured	1.0	8.885480000000001	120.85876999999999	8924270.0	685962000.0	31.36849	22.438489999999998	parabolic	peak fit	98Lys	 98LysN	None	27.0	24.0	26.0	-0.029279999999999973	-0.20583000000000595	0.05826043617241611	0.31084078425362505	0.34216152315205084
99	N	Asn	measured	0.8	8.524189999999999	121.70868	13035200.0	587296000.0	26.41205	27.291759999999996	parabolic	peak fit	99Asn	 99AsnN	None	28.0	18.0	27.0	-0.009820000000001272	-0.13320999999999117	0.035921574116397625	0.40224277378164125	0.2598919359049815
100	C	Cys	measured	1.0	8.936869999999999	126.81438999999999	8518040.0	621202000.0	24.9124	19.679170000000003	parabolic	peak fit	100Cys	 100CysN	None	29.0	9.0	28.0	0.010619999999999408	-0.07760000000000389	0.021861276266495422	0.3848343972928893	0.45231947690716995
101	A	Ala	measured	1.0	9.012830000000001	133.19576	3370450.0	185251000.0	24.758979999999998	20.35559	parabolic	peak fit	101Ala	 101AlaN	None	30.0	1.0	29.0	-0.01238000000000028	0.020110000000016726	0.010244073750225081	0.3627310756607658	0.2745158766381952
102	E	Glu	measured	1.0	9.00663	115.20682	5727420.0	909984000.0	28.439890000000002	31.6384	parabolic	peak fit	102Glu	 102GluN	None	31.0	47.0	30.0	0.012769999999999726	-0.2850999999999999	0.07596892226430485	0.2877435366699155	0.6059571294440412
103	C	Cys	measured	1.0	8.322569999999999	117.75023999999999	7921860.0	977660000.0	33.98576	21.696089999999998	parabolic	peak fit	103Cys	 103CysN	None	32.0	39.0	31.0	-0.008860000000002088	-0.010510000000010677	0.006854342200389051	0.5643516110877603	0.44207004137369715
104	D	Asp	measured	0.5	8.038089999999999	120.88176999999999	13699800.0	3071110000.0	33.86161	22.30044	parabolic	peak fit	104Asp	 104AspN	None	33.0	23.0	32.0	-0.02108000000000132	-0.2927800000000076	0.07888340882593968	0.5458239871231468	1.3808140711199435
105	T	Thr	measured	1.0	8.38141	119.81423999999998	6976570.0	569488000.0	34.89508	22.44755	parabolic	peak fit	105Thr	 105ThrN	None	34.0	34.0	33.0	0.04531000000000063	0.27231999999999346	0.07885157460697775	0.2570150232458758	0.3330144435997895
106	L	Leu	measured	1.0	8.60737	128.95346999999998	9386760.0	793485000.0	24.1811	25.63609	parabolic	peak fit	106Leu	 106LeuN	foo	35.0	5.0	34.0	0.016140000000000043	0.24929999999997676	0.06693865923365354	0.3113570099409909	0.42493707492100896
107	V	Val	measured	1.0	8.70554	129.37733	9435730.0	896255000.0	27.97283	20.365579999999998	parabolic	peak fit	107Val	 107ValN	None	36.0	4.0	35.0	-0.011350000000000193	0.1283499999999833	0.034893721856513134	0.4304150093055505	0.3204859559099605
108	C	Cys	measured	1.0	8.77897	127.25063	12731200.0	713479000.0	21.739729999999998	18.53942	parabolic	peak fit	108Cys	 108CysN	None	37.0	7.0	36.0	-0.012270000000000891	0.087040000000016	0.0246088147215628	0.3991760128175784	0.39125182333651387
109	L	Leu	measured	1.0	9.16018	129.70242	4865260.0	1929060000.0	39.61522	20.11755	parabolic	peak fit	109Leu	 109LeuN	None	38.0	3.0	37.0	0.03604999999999947	0.060689999999993915	0.030126907856597718	0.25283009062941714	1.575463068831466
110	S	Ser	measured	1.0	7.61309	112.83086000000002	11751600.0	843656000.0	22.83223	33.1341	parabolic	peak fit	110Ser	 110SerN	None	39.0	50.0	38.0	-0.004730000000000345	0.26092000000002713	0.06911391826543328	0.5909335478842431	0.5168605684108634
111	E	Glu	measured	1.0	7.89526	118.37826000000001	11931000.0	908524000.0	25.29308	18.72664	parabolic	peak fit	111Glu	 111GluN	None	40.0	37.0	39.0	-0.00022999999999928633	-0.0665599999999813	0.017610871699033685	0.4821521662699583	0.3982728085710779
112	M	Met	measured	1.0	7.51848	121.85989	11772900.0	815917000.0	22.93848	19.021810000000002	parabolic	peak fit	112Met	 112MetN	None	41.0	17.0	40.0	0.01581000000000099	-0.011320000000011987	0.011573591404574236	0.36388335110575365	0.4663262215160573
113	R	Arg	measured	1.0	8.68783	119.77368999999999	3914210.0	1258880000.0	40.82676	21.11482	parabolic	peak fit	113Arg	 113ArgN	None	42.0	33.0	41.0	-0.048159999999999314	0.03145999999998139	0.035056725631466	0.3863673155130888	1.4220455007568398
114	A	Ala	measured	1.0	7.91582	120.71855	15234000.0	1355230000.0	27.90229	24.46549	parabolic	peak fit	114Ala	 114AlaN	None	43.0	28.0	42.0	-0.020629999999999704	0.13543999999998846	0.03868950764742006	0.4684055332978714	0.6863244573639485
115	H	His	measured	1.0	8.26272	117.35361999999999	6340840.0	654594000.0	41.60248	26.806240000000003	parabolic	peak fit	115His	 115HisN	None	44.0	40.0	43.0	-0.040779999999999816	-0.19290000000000873	0.058619390136713544	0.25428660800936803	0.4273113604762744
116	I	Ile	measured	1.0	8.44609	115.49616999999999	5972820.0	504249000.0	27.12333	24.052629999999997	parabolic	peak fit	116Ile	 116IleN	None	45.0	46.0	44.0	0.016750000000000043	-0.4845600000000161	0.1287484710666542	0.3606557575025663	0.5221044500885793
117	R	Arg	measured	1.0	7.08765	116.10994	9131770.0	565968000.0	24.82224	21.49255	parabolic	peak fit	117Arg	 117ArgN	None	46.0	45.0	45.0	-0.008769999999999278	0.24378999999998996	0.06479819393316183	0.4047286007437053	0.4453355155482815
118	T	Thr	measured	1.0	7.2422	105.27458999999999	6462740.0	541548000.0	26.67905	21.32413	parabolic	peak fit	118Thr	 118ThrN	None	47.0	54.0	46.0	0.0046200000000000685	-0.2752400000000108	0.07289489853206751	0.4402471423316394	0.640259344120422
119	C	Cys	measured	1.0	7.301130000000001	127.72485	4111190.0	614807000.0	46.65749	20.97335	parabolic	peak fit	119Cys	 119CysN	foo	48.0	6.0	47.0	-0.06165999999999894	0.04775000000000773	0.04539363584248332	0.19516593797323536	0.4180170930872944
120	Q	Gln	unassigned	0.0	NaN	NaN	NaN	NaN	NaN	NaN	NaN	NaN	120Gln	NaN	None	NaN	NaN	NaN	NaN	NaN	NaN	NaN	NaN
121	K	Lys	measured	0.5	8.11089	116.62613999999999	11379100.0	1255360000.0	65.18406	19.55667	parabolic	peak fit	121Lys	 121LysN	None	49.0	43.0	48.0	0.02876999999999974	-0.09199000000000979	0.03172077642492565	0.2346394864741701	0.8372694834428253
122	Y	Tyr	measured	1.0	8.104239999999999	123.77951000000002	2819180.0	167974000.0	24.87891	25.416120000000003	parabolic	peak fit	122Tyr	 122TyrN	None	50.0	12.0	49.0	0.07628999999999841	0.5712000000000046	0.16046477136742585	0.1408062252456085	0.13782595139242168
123	I	Ile	measured	0.5	8.53455	121.56848000000001	6922340.0	120970000.0	36.00323	35.2727	parabolic	peak fit	123Ile	 123IleN	None	51.0	20.0	50.0	0.05043000000000042	0.007090000000019359	0.03570869945825583	0.41649910049758426	0.11078751911787602
124	D	Asp	measured	1.0	8.73103	120.85486000000002	5096310.0	541964000.0	44.59891	18.7988	parabolic	peak fit	124Asp	 124AspN	None	52.0	26.0	51.0	0.06915000000000049	0.04496000000001743	0.05032255321424126	0.21824710613204518	0.45387958829884345
125	K	Lys	measured	1.0	7.19265	118.51692	4225850.0	578017000.0	57.76194	20.37915	parabolic	peak fit	125Lys	 125LysN	None	53.0	35.0	52.0	-0.052819999999999645	-0.2996300000000076	0.08763244709010642	0.20513934533662784	0.35043014338112705
126	Y	Tyr	measured	0.5	8.25859	116.22261999999999	3250240.0	531834000.0	24.95338	29.78673	parabolic	peak fit	126Tyr	 126TyrN	None	54.0	44.0	53.0	-0.00961000000000034	-0.32666000000001816	0.08669284250733064	0.16123261916691056	0.24714279739582606
127	G	Gly	measured	1.0	8.31484	111.26142	5367400.0	624240000.0	36.29059	17.227520000000002	parabolic	peak fit	127Gly	 127GlyN	None	55.0	51.0	54.0	0.06939000000000028	0.08245000000000857	0.05556335393044737	0.2401478273319493	0.5044445162750105
128	P	Pro	unassigned	0.0	NaN	NaN	NaN	NaN	NaN	NaN	NaN	NaN	128Pro	NaN	None	NaN	NaN	NaN	NaN	NaN	NaN	NaN	NaN
