Res#	1-letter	3-letter	Peak Status	Merit	Position F1	Position F2	Height	Volume	Line Width F1 (Hz)	Line Width F2 (Hz)	Fit Method	Vol. Method	Assign F1	Assign F2	Details	Number	#	index	H1_delta	N15_delta	CSP	Height_ratio	Vol_ratio
31	P	Pro	unassigned	0.0	NaN	NaN	NaN	NaN	NaN	NaN	NaN	NaN	31Pro	NaN	None	NaN	NaN	NaN	NaN	NaN	NaN	NaN	NaN
32	V	Val	measured	1.0	8.20755	120.55657	17440600.0	1273600000.0	20.072	11.89823	parabolic	peak fit	32Val	 32ValN	None	1.0	30.0	0.0	-0.002160000000001716	-0.002020000000001687	0.0016181557403427472	1.8174391038165951	0.5952375388498119
33	T	Thr	unassigned	0.0	NaN	NaN	NaN	NaN	NaN	NaN	NaN	NaN	33Thr	NaN	None	NaN	NaN	NaN	NaN	NaN	NaN	NaN	NaN
34	S	Ser	unassigned	0.0	NaN	NaN	NaN	NaN	NaN	NaN	NaN	NaN	34Ser	NaN	None	NaN	NaN	NaN	NaN	NaN	NaN	NaN	NaN
35	F	Phe	measured	1.0	8.487219999999999	120.82231999999999	6474420.0	496597000.0	43.73081	15.75871	parabolic	peak fit	35Phe	 35PheN	None	2.0	57.0	1.0	0.012549999999999173	0.07404999999999973	0.021507892156136243	1.3594811041445316	0.038935042534007605
36	D	Asp	measured	1.0	7.58586	117.88779	34532200.0	2876170000.0	22.12213	11.50725	parabolic	peak fit	36Asp	 36AspN	None	3.0	40.0	2.0	0.000280000000000058	0.0036399999999900956	0.0009831947924978902	1.6692624872505089	1.7392227174051074
37	C	Cys	measured	1.0	8.92488	125.74394	17758800.0	1728730000.0	24.45489	14.071579999999999	parabolic	peak fit	37Cys	 37CysN	None	4.0	11.0	3.0	-0.0038000000000000256	0.05662999999998419	0.015221924418412896	1.3701086285643749	1.5813772663239356
38	A	Ala	measured	1.0	8.81777	130.40665	5221580.0	395169000.0	27.32648	40.00569	parabolic	peak fit	38Ala	 38AlaN	None	5.0	3.0	4.0	-0.00986999999999938	0.021830000000022665	0.00905907682934984	0.7848695286195286	0.5127789557278217
39	V	Val	lost	0.0	NaN	NaN	NaN	NaN	NaN	NaN	NaN	NaN	39Val	NaN	None	NaN	NaN	NaN	0.0	0.0	0.0	NaN	NaN
40	C	Cys	measured	1.0	8.270760000000001	118.56748	23960800.0	2066450000.0	23.64444	12.55236	parabolic	peak fit	40Cys	 40CysN	None	6.0	37.0	5.0	-0.008589999999999876	-0.005920000000003256	0.0062727424624323316	1.2725071164549433	1.3454676858567838
41	L	Leu	measured	1.0	8.015080000000001	118.30306999999999	9799810.0	1060300000.0	28.14677	20.14491	parabolic	peak fit	41Leu	 41LeuN	None	7.0	39.0	6.0	-0.013649999999998386	-0.08709000000001765	0.024981753681441045	0.4902454276223636	0.6944953888073779
42	E	Glu	measured	1.0	8.26952	121.17511999999999	36185900.0	2834750000.0	22.3238	12.65248	parabolic	peak fit	42Glu	 42GluN	None	8.0	23.0	7.0	0.0030400000000003757	0.002939999999981069	0.0022860122484346735	1.5693221096091212	1.204078511993
43	V	Val	measured	1.0	8.415289999999999	120.3464	46026900.0	4238050000.0	25.20169	13.701839999999999	parabolic	peak fit	43Val	 43ValN	None	9.0	32.0	8.0	0.003129999999998745	-0.00968000000000302	0.0033849103385466747	1.9475278735692978	1.4017033239622954
44	L	Leu	measured	1.0	8.57263	126.95421999999999	26065000.0	2410580000.0	21.5775	13.2406	parabolic	peak fit	44Leu	 44LeuN	None	10.0	9.0	9.0	-0.0016300000000004644	0.03626999999998759	0.009665110087316013	1.5186738915108082	1.8342984545378451
45	H	His	measured	1.0	8.39423	122.4755	14446800.0	1520730000.0	31.74656	13.15386	parabolic	peak fit	45His	 45HisN	None	11.0	16.0	10.0	0.003510000000000346	-0.005189999999998918	0.0028364726333952933	1.6017136033899546	1.1257328556200403
46	Q	Gln	measured	1.0	8.95571	121.51106000000001	11565200.0	1234290000.0	29.26352	14.234160000000001	parabolic	peak fit	46Gln	 46GlnN	None	12.0	22.0	11.0	0.00172000000000061	0.01769000000001597	0.004835775739221227	1.8128778722997365	2.0820372856882603
47	P	Pro	unassigned	0.0	NaN	NaN	NaN	NaN	NaN	NaN	NaN	NaN	47Pro	NaN	None	NaN	NaN	NaN	NaN	NaN	NaN	NaN	NaN
48	V	Val	unassigned	0.0	NaN	NaN	NaN	NaN	NaN	NaN	NaN	NaN	48Val	NaN	None	NaN	NaN	NaN	NaN	NaN	NaN	NaN	NaN
49	R	Arg	unassigned	0.0	NaN	NaN	NaN	NaN	NaN	NaN	NaN	NaN	49Arg	NaN	None	NaN	NaN	NaN	NaN	NaN	NaN	NaN	NaN
50	T	Thr	unassigned	0.0	NaN	NaN	NaN	NaN	NaN	NaN	NaN	NaN	50Thr	NaN	None	NaN	NaN	NaN	NaN	NaN	NaN	NaN	NaN
51	R	Arg	unassigned	0.0	NaN	NaN	NaN	NaN	NaN	NaN	NaN	NaN	51Arg	NaN	None	NaN	NaN	NaN	NaN	NaN	NaN	NaN	NaN
52	C	Cys	measured	1.0	7.5827	113.25893	32265400.0	2899670000.0	21.490920000000003	13.737860000000001	parabolic	peak fit	52Cys	 52CysN	None	13.0	51.0	12.0	0.0011999999999998678	-0.014969999999991046	0.00405056329415812	1.6368737190283893	1.8323349131121642
53	G	Gly	measured	1.0	8.056	110.19538	35482000.0	2489540000.0	20.64811	11.41987	parabolic	peak fit	53Gly	 53GlyN	None	14.0	55.0	13.0	-0.001020000000000465	-0.006500000000002615	0.002178347997911232	1.6724958755597454	1.6737416045340558
54	H	His	measured	1.0	7.655819999999999	122.7771	27078600.0	2979210000.0	25.17335	12.07064	parabolic	peak fit	54His	 54HisN	None	15.0	15.0	14.0	0.005709999999998772	0.007270000000005439	0.00447233194206317	1.5477819503746764	2.123154218928164
55	V	Val	measured	1.0	7.8772	120.2142	24558600.0	2852540000.0	25.017129999999998	14.26384	parabolic	peak fit	55Val	 55ValN	None	16.0	33.0	15.0	0.006400000000000183	0.054500000000004434	0.015112825678874054	1.267481768588814	1.5353901800996845
56	F	Phe	measured	1.0	8.55037	122.02428	35202500.0	3903990000.0	25.102420000000002	19.6072	parabolic	peak fit	56Phe	 56PheN	None	17.0	17.0	16.0	-0.002500000000001279	-0.021169999999997913	0.005873399611808906	1.4692195325542572	1.624611428072059
57	C	Cys	unassigned	0.0	NaN	NaN	NaN	NaN	NaN	NaN	NaN	NaN	57Cys	NaN	None	NaN	NaN	NaN	NaN	NaN	NaN	NaN	NaN
58	R	Arg	unassigned	0.0	NaN	NaN	NaN	NaN	NaN	NaN	NaN	NaN	58Arg	NaN	None	NaN	NaN	NaN	NaN	NaN	NaN	NaN	NaN
59	S	Ser	unassigned	0.0	NaN	NaN	NaN	NaN	NaN	NaN	NaN	NaN	59Ser	NaN	None	NaN	NaN	NaN	NaN	NaN	NaN	NaN	NaN
60	C	Cys	unassigned	0.0	NaN	NaN	NaN	NaN	NaN	NaN	NaN	NaN	60Cys	NaN	None	NaN	NaN	NaN	NaN	NaN	NaN	NaN	NaN
61	I	Ile	unassigned	0.0	NaN	NaN	NaN	NaN	NaN	NaN	NaN	NaN	61Ile	NaN	None	NaN	NaN	NaN	NaN	NaN	NaN	NaN	NaN
62	A	Ala	unassigned	0.0	NaN	NaN	NaN	NaN	NaN	NaN	NaN	NaN	62Ala	NaN	None	NaN	NaN	NaN	NaN	NaN	NaN	NaN	NaN
63	T	Thr	unassigned	0.0	NaN	NaN	NaN	NaN	NaN	NaN	NaN	NaN	63Thr	NaN	None	NaN	NaN	NaN	NaN	NaN	NaN	NaN	NaN
64	S	Ser	unassigned	0.0	NaN	NaN	NaN	NaN	NaN	NaN	NaN	NaN	64Ser	NaN	None	NaN	NaN	NaN	NaN	NaN	NaN	NaN	NaN
65	L	Leu	unassigned	0.0	NaN	NaN	NaN	NaN	NaN	NaN	NaN	NaN	65Leu	NaN	None	NaN	NaN	NaN	NaN	NaN	NaN	NaN	NaN
66	K	Lys	unassigned	0.0	NaN	NaN	NaN	NaN	NaN	NaN	NaN	NaN	66Lys	NaN	None	NaN	NaN	NaN	NaN	NaN	NaN	NaN	NaN
67	N	Asn	unassigned	0.0	NaN	NaN	NaN	NaN	NaN	NaN	NaN	NaN	67Asn	NaN	None	NaN	NaN	NaN	NaN	NaN	NaN	NaN	NaN
68	N	Asn	unassigned	0.0	NaN	NaN	NaN	NaN	NaN	NaN	NaN	NaN	68Asn	NaN	None	NaN	NaN	NaN	NaN	NaN	NaN	NaN	NaN
69	K	Lys	unassigned	0.0	NaN	NaN	NaN	NaN	NaN	NaN	NaN	NaN	69Lys	NaN	None	NaN	NaN	NaN	NaN	NaN	NaN	NaN	NaN
70	W	Trp	unassigned	0.0	NaN	NaN	NaN	NaN	NaN	NaN	NaN	NaN	70Trp	NaN	None	NaN	NaN	NaN	NaN	NaN	NaN	NaN	NaN
71	T	Thr	unassigned	0.0	NaN	NaN	NaN	NaN	NaN	NaN	NaN	NaN	71Thr	NaN	None	NaN	NaN	NaN	NaN	NaN	NaN	NaN	NaN
72	C	Cys	unassigned	0.0	NaN	NaN	NaN	NaN	NaN	NaN	NaN	NaN	72Cys	NaN	None	NaN	NaN	NaN	NaN	NaN	NaN	NaN	NaN
73	P	Pro	unassigned	0.0	NaN	NaN	NaN	NaN	NaN	NaN	NaN	NaN	73Pro	NaN	None	NaN	NaN	NaN	NaN	NaN	NaN	NaN	NaN
74	Y	Tyr	unassigned	0.0	NaN	NaN	NaN	NaN	NaN	NaN	NaN	NaN	74Tyr	NaN	None	NaN	NaN	NaN	NaN	NaN	NaN	NaN	NaN
75	C	Cys	unassigned	0.0	NaN	NaN	NaN	NaN	NaN	NaN	NaN	NaN	75Cys	NaN	None	NaN	NaN	NaN	NaN	NaN	NaN	NaN	NaN
76	R	Arg	unassigned	0.0	NaN	NaN	NaN	NaN	NaN	NaN	NaN	NaN	76Arg	NaN	None	NaN	NaN	NaN	NaN	NaN	NaN	NaN	NaN
77	A	Ala	unassigned	0.0	NaN	NaN	NaN	NaN	NaN	NaN	NaN	NaN	77Ala	NaN	None	NaN	NaN	NaN	NaN	NaN	NaN	NaN	NaN
78	Y	Tyr	unassigned	0.0	NaN	NaN	NaN	NaN	NaN	NaN	NaN	NaN	78Tyr	NaN	None	NaN	NaN	NaN	NaN	NaN	NaN	NaN	NaN
79	L	Leu	unassigned	0.0	NaN	NaN	NaN	NaN	NaN	NaN	NaN	NaN	79Leu	NaN	None	NaN	NaN	NaN	NaN	NaN	NaN	NaN	NaN
80	P	Pro	unassigned	0.0	NaN	NaN	NaN	NaN	NaN	NaN	NaN	NaN	80Pro	NaN	None	NaN	NaN	NaN	NaN	NaN	NaN	NaN	NaN
81	S	Ser	measured	1.0	9.550889999999999	123.09241999999999	12846700.0	1416530000.0	23.45231	15.22601	parabolic	peak fit	81Ser	 81SerN	None	18.0	14.0	17.0	-0.006910000000001304	0.06595000000000084	0.018119939983344782	1.195197514094859	1.1889026908163094
82	E	Glu	unassigned	0.0	NaN	NaN	NaN	NaN	NaN	NaN	NaN	NaN	82Glu	NaN	None	NaN	NaN	NaN	NaN	NaN	NaN	NaN	NaN
83	G	Gly	unassigned	0.0	NaN	NaN	NaN	NaN	NaN	NaN	NaN	NaN	83Gly	NaN	None	NaN	NaN	NaN	NaN	NaN	NaN	NaN	NaN
84	V	Val	unassigned	0.0	NaN	NaN	NaN	NaN	NaN	NaN	NaN	NaN	84Val	NaN	None	NaN	NaN	NaN	NaN	NaN	NaN	NaN	NaN
85	P	Pro	unassigned	0.0	NaN	NaN	NaN	NaN	NaN	NaN	NaN	NaN	85Pro	NaN	None	NaN	NaN	NaN	NaN	NaN	NaN	NaN	NaN
86	A	Ala	measured	1.0	8.80333	130.74903999999998	21346500.0	2306010000.0	24.22085	14.0076	parabolic	peak fit	86Ala	 86AlaN	None	19.0	2.0	18.0	0.0031999999999996476	0.003579999999971051	0.0024529875662107144	1.4993678443492309	2.0647445941711062
87	T	Thr	measured	1.0	7.83258	116.76742	9542160.0	968775000.0	21.97574	17.06481	parabolic	peak fit	87Thr	 87ThrN	None	20.0	44.0	19.0	-0.004050000000000331	0.00785999999999376	0.0035391838042117107	1.9603418522475142	2.1925625670482476
88	D	Asp	unassigned	0.0	NaN	NaN	NaN	NaN	NaN	NaN	NaN	NaN	88Asp	NaN	None	NaN	NaN	NaN	NaN	NaN	NaN	NaN	NaN
89	V	Val	measured	1.0	7.4004199999999996	123.94048000000001	36855600.0	2726790000.0	19.09461	12.1759	parabolic	peak fit	89Val	 89ValN	None	21.0	12.0	20.0	0.0002300000000001745	0.016630000000006362	0.004402889165084087	1.7218783141705172	1.8209921064230477
90	A	Ala	measured	1.0	8.07063	120.97826	35959400.0	4705720000.0	26.13216	22.9398	parabolic	peak fit	90Ala	 90AlaN	None	22.0	26.0	21.0	-0.006740000000000634	-0.011120000000005348	0.005600857791447003	1.3718678467877308	2.299207981745958
91	K	Lys	measured	1.0	8.04808	117.24342	60091300.0	3667510000.0	16.67654	11.8352	parabolic	peak fit	91Lys	 91LysN	None	23.0	43.0	22.0	-0.0030300000000007543	-0.0031199999999955708	0.0022960526997437038	1.5608210951745203	1.7776092130071686
92	R	Arg	measured	1.0	7.6828199999999995	120.51835	42784000.0	2932620000.0	18.322129999999998	12.05124	parabolic	peak fit	92Arg	 92ArgN	None	24.0	31.0	23.0	0.0047199999999998354	0.03178999999998666	0.009048838986297627	1.4097938229256253	1.5892805852865466
93	M	Met	measured	0.5	8.07382	116.68453999999998	60046200.0	1572420000.0	24.74354	13.192160000000001	parabolic	peak fit	93Met	 93MetN	None	25.0	58.0	24.0	-0.0013300000000011636	-0.021140000000016812	0.005671633098151828	1.263617098736724	1.2400397463802404
94	K	Lys	measured	1.0	7.06818	114.51023	28790800.0	2130340000.0	20.18091	13.4146	parabolic	peak fit	94Lys	 94LysN	None	26.0	50.0	25.0	-0.0034200000000002007	-0.01198999999998307	0.003988910502878232	1.8376715389034275	1.5792930640808944
95	S	Ser	measured	1.0	7.398289999999999	110.34178	26174200.0	2902160000.0	25.32712	12.78025	parabolic	peak fit	95Ser	 95SerN	None	27.0	54.0	26.0	0.00509999999999966	-0.009239999999991255	0.004356768527244356	1.724562339810111	1.875071070450199
96	E	Glu	measured	1.0	6.94946	121.60898999999999	25132200.0	2568960000.0	27.00685	12.32472	parabolic	peak fit	96Glu	 96GluN	None	28.0	20.0	27.0	-0.0033000000000003027	-0.042110000000008085	0.011382998155145626	1.453072693528524	1.7660937714835694
97	Y	Tyr	measured	1.0	8.79261	120.74938999999999	36027600.0	3491670000.0	23.39102	11.03111	parabolic	peak fit	97Tyr	 97TyrN	None	29.0	28.0	28.0	0.004490000000000549	-0.011849999999995475	0.004462020282337918	1.637968111369247	1.6494494229688172
98	K	Lys	measured	1.0	8.908489999999999	121.03165	41950300.0	2916120000.0	19.8295	11.40269	parabolic	peak fit	98Lys	 98LysN	None	30.0	25.0	29.0	-0.00627000000000244	-0.03294999999999959	0.009780369369303668	1.4611687176289878	1.4545762897859627
99	N	Asn	measured	1.0	8.53172	121.81166	50798400.0	3780230000.0	18.5427	13.65257	parabolic	peak fit	99Asn	 99AsnN	None	31.0	19.0	30.0	-0.0022900000000003473	-0.030229999999988877	0.008160377013346487	1.5675470510363725	1.6728383862074458
100	C	Cys	measured	1.0	8.92802	126.87958	33107200.0	2296470000.0	20.66518	12.20513	parabolic	peak fit	100Cys	 100CysN	None	32.0	10.0	31.0	0.0017700000000004934	-0.012409999999988486	0.00351383223845147	1.4957419028385808	1.672142248629284
101	A	Ala	measured	1.0	9.02163	133.17621	13992800.0	1013800000.0	18.09507	12.96377	parabolic	peak fit	101Ala	 101AlaN	None	33.0	1.0	32.0	-0.003580000000001249	0.0005600000000072214	0.0025357744379193186	1.5059186148751542	1.5023087364483987
102	E	Glu	measured	1.0	8.996080000000001	115.44795	27622600.0	3728070000.0	22.7455	13.61713	parabolic	peak fit	102Glu	 102GluN	None	34.0	49.0	33.0	0.002220000000001221	-0.04396999999998741	0.011738801599819515	1.3877495654270873	2.482516830588721
103	C	Cys	measured	1.0	8.328339999999999	117.75863000000001	23692500.0	2178420000.0	24.51874	12.55578	parabolic	peak fit	103Cys	 103CysN	None	35.0	41.0	34.0	-0.0030900000000020356	-0.002119999999990796	0.0022558053994091685	1.6878486297027164	0.9850195564197056
104	D	Asp	measured	1.0	8.05668	121.13852	39215600.0	4325140000.0	24.1447	21.33802	parabolic	peak fit	104Asp	 104AspN	None	36.0	24.0	35.0	-0.002489999999999881	-0.036029999999996676	0.009693880182877389	1.5624180754044934	1.9446435235350452
105	T	Thr	measured	1.0	8.34089	119.58613999999999	32173500.0	3294380000.0	23.52767	13.691379999999999	parabolic	peak fit	105Thr	 105ThrN	None	37.0	35.0	36.0	0.00478999999999985	0.04421999999999571	0.012179927668092809	1.1852633672995734	1.9264253552423836
106	L	Leu	measured	1.0	8.594489999999999	128.75028999999998	46445600.0	2971620000.0	16.85845	12.18944	parabolic	peak fit	106Leu	 106LeuN	None	38.0	6.0	37.0	0.0032599999999991525	0.046119999999973516	0.01241803559343531	1.5405915503235714	1.5913993466502436
107	V	Val	measured	1.0	8.71472	129.27348999999998	36598100.0	3550310000.0	22.64826	12.07083	parabolic	peak fit	107Val	 107ValN	None	39.0	5.0	38.0	-0.002169999999999561	0.02450999999996384	0.006663801992847249	1.6694385651206072	1.2695321020543169
108	C	Cys	measured	1.0	8.78914	127.1821	51702100.0	3121160000.0	16.91934	11.53715	parabolic	peak fit	108Cys	 108CysN	None	40.0	8.0	39.0	-0.002100000000000435	0.018510000000020455	0.00511746099155176	1.6210756356270988	1.711556389080819
109	L	Leu	measured	1.0	9.13	129.65276	29170000.0	1818870000.0	17.6259	12.36717	parabolic	peak fit	109Leu	 109LeuN	None	41.0	4.0	40.0	0.00586999999999982	0.011030000000005202	0.005073924812214602	1.5158601480003326	1.4854709091503056
110	S	Ser	measured	1.0	7.61713	112.64034	34686900.0	2473130000.0	17.495260000000002	13.7338	parabolic	peak fit	110Ser	 110SerN	None	42.0	52.0	41.0	-0.0006899999999996353	0.07040000000000646	0.018632478364406155	1.744243582329721	1.5151476165095235
111	E	Glu	measured	1.0	7.894430000000001	118.4335	40728100.0	4875060000.0	22.517020000000002	12.2414	parabolic	peak fit	111Glu	 111GluN	None	43.0	38.0	42.0	-0.0010599999999989507	-0.011319999999997776	0.0030873561504943616	1.6458923512747876	2.137096915604342
112	M	Met	measured	1.0	7.505210000000001	121.87037	52085700.0	3025470000.0	16.17786	11.72538	parabolic	peak fit	112Met	 112MetN	None	44.0	18.0	43.0	0.002540000000001541	-0.0008400000000108321	0.0018097491538898944	1.609893829106588	1.7291660713163053
113	R	Arg	measured	1.0	8.72536	119.75945	14510200.0	1483110000.0	33.85797	12.83941	parabolic	peak fit	113Arg	 113ArgN	None	45.0	34.0	44.0	-0.010629999999999029	0.017219999999994684	0.008789507267189491	1.4322857030046985	1.6753383186860358
114	A	Ala	measured	1.0	7.9328899999999996	120.60842	49482500.0	3117520000.0	17.42324	12.26613	parabolic	peak fit	114Ala	 114AlaN	None	46.0	29.0	45.0	-0.0035600000000002296	0.025309999999990396	0.007153916899151597	1.521457056676639	1.5787949073745835
115	H	His	measured	1.0	8.295169999999999	117.51728999999999	34600700.0	3519070000.0	23.781979999999997	15.638229999999998	parabolic	peak fit	115His	 115HisN	None	47.0	42.0	46.0	-0.008330000000000837	-0.029230000000012524	0.009721211498576616	1.387591334547117	2.297208024074836
116	I	Ile	measured	1.0	8.43253	115.89466000000002	20241300.0	1407700000.0	17.38566	15.8244	parabolic	peak fit	116Ile	 116IleN	None	48.0	48.0	47.0	0.003190000000000026	-0.08606999999999232	0.022883426163927193	1.222226918664332	1.4575466374542996
117	R	Arg	measured	1.0	7.094639999999999	115.91108999999999	33542700.0	2208200000.0	16.49464	12.32409	parabolic	peak fit	117Arg	 117ArgN	None	49.0	47.0	48.0	-0.0017800000000001148	0.04493999999998266	0.01195643977109788	1.4866438857051683	1.7375361953921693
118	T	Thr	measured	1.0	7.24022	105.49651999999999	23221400.0	2506740000.0	21.24655	11.95593	parabolic	peak fit	118Thr	 118ThrN	None	50.0	56.0	49.0	0.0026399999999995316	-0.053310000000010405	0.014227498972063797	1.5818607882941185	2.96365919231615
119	C	Cys	measured	1.0	7.35089	127.67568	25971400.0	2157010000.0	22.79937	12.39146	parabolic	peak fit	119Cys	 119CysN	None	51.0	7.0	50.0	-0.0118999999999998	-0.00141999999999598	0.008422953638718238	1.2329113082776726	1.4665855300284885
120	Q	Gln	unassigned	0.0	NaN	NaN	NaN	NaN	NaN	NaN	NaN	NaN	120Gln	NaN	None	NaN	NaN	NaN	NaN	NaN	NaN	NaN	NaN
121	K	Lys	measured	0.5	8.08468	116.70045	69643600.0	5458470000.0	22.09733	12.6916	parabolic	peak fit	121Lys	 121LysN	None	52.0	45.0	51.0	0.002560000000000784	-0.017679999999998586	0.005015732050259315	1.4360659929355144	3.6405575749491446
122	Y	Tyr	measured	1.0	8.03749	123.29488	16798100.0	1575070000.0	19.50435	15.7615	parabolic	peak fit	122Tyr	 122TyrN	None	53.0	13.0	52.0	0.009539999999999438	0.0865699999999947	0.023877004481298123	0.8389946907605248	1.292375732313701
123	I	Ile	measured	1.0	8.50478	121.56305	9999900.0	1240360000.0	43.38766	34.55687	parabolic	peak fit	123Ile	 123IleN	None	54.0	21.0	53.0	0.020660000000001233	0.0016600000000153159	0.014615426507633263	0.6016678399306872	1.1359544284785377
124	D	Asp	measured	1.0	8.671610000000001	120.82113000000001	25674900.0	1854770000.0	19.46451	12.12238	parabolic	peak fit	124Asp	 124AspN	None	55.0	27.0	54.0	0.009730000000001127	0.011230000000011842	0.0074942880248913294	1.0995156545087812	1.5533176446941972
125	K	Lys	measured	1.0	7.234	118.73721	18794000.0	2605970000.0	25.34896	20.49461	parabolic	peak fit	125Lys	 125LysN	None	56.0	36.0	55.0	-0.011470000000000091	-0.07934000000000196	0.02250375395350791	0.9123345258957568	1.5799023917063264
126	Y	Tyr	measured	1.0	8.27282	116.46261000000001	22815900.0	2047100000.0	24.98545	13.780470000000001	parabolic	peak fit	126Tyr	 126TyrN	None	57.0	46.0	56.0	0.00461999999999918	-0.08666999999999803	0.023162262907582505	1.1318140554698468	0.9512855901446609
127	G	Gly	measured	1.0	8.256960000000001	111.19436	25798300.0	1944820000.0	22.959039999999998	10.79833	parabolic	peak fit	127Gly	 127GlyN	None	58.0	53.0	57.0	0.011510000000001241	0.015390000000010673	0.009482893018485821	1.1542656954685375	1.5715971167210783
128	P	Pro	unassigned	0.0	NaN	NaN	NaN	NaN	NaN	NaN	NaN	NaN	128Pro	NaN	None	NaN	NaN	NaN	NaN	NaN	NaN	NaN	NaN
