Res#	1-letter	3-letter	Peak Status	Merit	Position F1	Position F2	Height	Volume	Line Width F1 (Hz)	Line Width F2 (Hz)	Fit Method	Vol. Method	Assign F1	Assign F2	Details	Number	#	index	H1_delta	N15_delta	CSP	Height_ratio	Vol_ratio
31	P	Pro	unassigned	0.0	NaN	NaN	NaN	NaN	NaN	NaN	NaN	NaN	31Pro	NaN	None	NaN	NaN	NaN	NaN	NaN	NaN	NaN	NaN
32	V	Val	measured	1.0	8.19453	120.4831	5385790.0	701666000.0	24.71343	18.49481	parabolic	peak fit	32Val	 32ValN	None	1.0	27.0	0.0	-0.01518000000000086	-0.07549000000000206	0.02267439099513005	0.5612390256610655	0.3279349426308041
33	T	Thr	unassigned	0.0	NaN	NaN	NaN	NaN	NaN	NaN	NaN	NaN	33Thr	NaN	None	NaN	NaN	NaN	NaN	NaN	NaN	NaN	NaN
34	S	Ser	unassigned	0.0	NaN	NaN	NaN	NaN	NaN	NaN	NaN	NaN	34Ser	NaN	None	NaN	NaN	NaN	NaN	NaN	NaN	NaN	NaN
35	F	Phe	lost	0.0	NaN	NaN	NaN	NaN	NaN	NaN	NaN	NaN	35Phe	NaN	None	NaN	NaN	NaN	0.013530000000001152	0.091700000000003	0.026079738303902786	NaN	NaN
36	D	Asp	measured	1.0	7.59513	117.96215	4406060.0	264753000.0	30.22591	20.522070000000003	parabolic	peak fit	36Asp	 36AspN	None	2.0	34.0	1.0	0.009549999999999947	0.07799999999998875	0.02171361899822037	0.21298587042166375	0.16009638933065654
37	C	Cys	measured	1.0	8.89968	126.4418	1609170.0	64198000.0	36.80492	43.062490000000004	parabolic	peak fit	37Cys	 37CysN	None	3.0	9.0	2.0	-0.028999999999999915	0.7544899999999899	0.20066978149935513	0.12414902481175163	0.05872591887886716
38	A	Ala	lost	0.0	NaN	NaN	NaN	NaN	NaN	NaN	NaN	NaN	38Ala	NaN	None	NaN	NaN	NaN	-0.00986999999999938	0.021830000000022665	0.00905907682934984	NaN	NaN
39	V	Val	lost	0.0	NaN	NaN	NaN	NaN	NaN	NaN	NaN	NaN	39Val	NaN	None	NaN	NaN	NaN	0.0	0.0	0.0	NaN	NaN
40	C	Cys	measured	1.0	8.157630000000001	118.41041000000001	1792600.0	133309000.0	46.97221	34.75274	parabolic	peak fit	40Cys	 40CysN	None	4.0	32.0	3.0	-0.12171999999999983	-0.16298999999999353	0.09626775683997126	0.09520117262182946	0.08679762478350891
41	L	Leu	lost	0.0	NaN	NaN	NaN	NaN	NaN	NaN	NaN	NaN	41Leu	NaN	None	NaN	NaN	NaN	-0.02321000000000062	-0.20573000000000263	0.05685147626051667	NaN	NaN
42	E	Glu	measured	1.0	8.3263	121.1943	3881370.0	234343000.0	35.05928	22.42149	parabolic	peak fit	42Glu	 42GluN	None	5.0	20.0	4.0	0.059820000000000206	0.022119999999986817	0.042702070301098655	0.16832854113269408	0.09953871443195188
43	V	Val	measured	1.0	8.45543	120.04316000000001	3727850.0	349199000.0	55.2573	25.84394	parabolic	peak fit	43Val	 43ValN	None	6.0	29.0	5.0	0.0432699999999997	-0.3129199999999912	0.08826364652562006	0.15773584107305308	0.11549495617661651
44	L	Leu	measured	1.0	8.55155	127.30878	1312230.0	107249000.0	18.78629	25.63884	parabolic	peak fit	44Leu	 44LeuN	None	7.0	7.0	6.0	-0.022710000000000008	0.390829999999994	0.10464338618851969	0.07645691312707568	0.08160968520054483
45	H	His	measured	1.0	8.454360000000001	122.4398	1596140.0	51475800.0	42.13166	99.54965	parabolic	peak fit	45His	 45HisN	None	8.0	14.0	7.0	0.06364000000000125	-0.04088999999999032	0.04628243994216407	0.17696369790644587	0.03810538315764539
46	Q	Gln	measured	0.5	8.97974	121.60406	1223760.0	24098500.0	36.52705	26.9023	parabolic	peak fit	46Gln	 46GlnN	None	9.0	19.0	8.0	0.025750000000000384	0.11069000000000528	0.03448464262537879	0.19182784776791803	0.040650070509490106
47	P	Pro	unassigned	0.0	NaN	NaN	NaN	NaN	NaN	NaN	NaN	NaN	47Pro	NaN	None	NaN	NaN	NaN	NaN	NaN	NaN	NaN	NaN
48	V	Val	unassigned	0.0	NaN	NaN	NaN	NaN	NaN	NaN	NaN	NaN	48Val	NaN	None	NaN	NaN	NaN	NaN	NaN	NaN	NaN	NaN
49	R	Arg	unassigned	0.0	NaN	NaN	NaN	NaN	NaN	NaN	NaN	NaN	49Arg	NaN	None	NaN	NaN	NaN	NaN	NaN	NaN	NaN	NaN
50	T	Thr	unassigned	0.0	NaN	NaN	NaN	NaN	NaN	NaN	NaN	NaN	50Thr	NaN	None	NaN	NaN	NaN	NaN	NaN	NaN	NaN	NaN
51	R	Arg	unassigned	0.0	NaN	NaN	NaN	NaN	NaN	NaN	NaN	NaN	51Arg	NaN	None	NaN	NaN	NaN	NaN	NaN	NaN	NaN	NaN
52	C	Cys	measured	1.0	7.5784199999999995	113.10141999999999	7105440.0	408383000.0	37.5526	22.42974	parabolic	peak fit	52Cys	 52CysN	None	10.0	44.0	9.0	-0.003080000000000638	-0.1724800000000073	0.045685859168895775	0.36046997706933986	0.2580619273301738
53	G	Gly	measured	1.0	8.045960000000001	110.17555	2556400.0	215367000.0	28.77423	26.23644	parabolic	peak fit	53Gly	 53GlyN	None	11.0	48.0	10.0	-0.011059999999998738	-0.02633000000000152	0.011423164622817708	0.12049964647654961	0.14479329841805555
54	H	His	measured	1.0	7.70719	122.90616999999999	2802380.0	241889000.0	35.58679	24.03456	parabolic	peak fit	54His	 54HisN	None	12.0	13.0	11.0	0.05707999999999913	0.1363399999999899	0.05413192119258061	0.1601808506381787	0.1723838369441277
55	V	Val	measured	1.0	7.94902	120.84137	4036930.0	361380000.0	117.74075	27.43938	parabolic	peak fit	55Val	 55ValN	None	13.0	30.0	12.0	0.07821999999999996	0.6816699999999969	0.188643482323137	0.20834799931874132	0.1945141183942816
56	F	Phe	measured	0.5	8.45377	121.74788000000001	2240240.0	235352000.0	72.31546	57.8685	parabolic	peak fit	56Phe	 56PheN	None	14.0	15.0	13.0	-0.09909999999999997	-0.29756999999999323	0.1053980945890376	0.0934991652754591	0.09793968448167521
57	C	Cys	unassigned	0.0	NaN	NaN	NaN	NaN	NaN	NaN	NaN	NaN	57Cys	NaN	None	NaN	NaN	NaN	NaN	NaN	NaN	NaN	NaN
58	R	Arg	unassigned	0.0	NaN	NaN	NaN	NaN	NaN	NaN	NaN	NaN	58Arg	NaN	None	NaN	NaN	NaN	NaN	NaN	NaN	NaN	NaN
59	S	Ser	unassigned	0.0	NaN	NaN	NaN	NaN	NaN	NaN	NaN	NaN	59Ser	NaN	None	NaN	NaN	NaN	NaN	NaN	NaN	NaN	NaN
60	C	Cys	unassigned	0.0	NaN	NaN	NaN	NaN	NaN	NaN	NaN	NaN	60Cys	NaN	None	NaN	NaN	NaN	NaN	NaN	NaN	NaN	NaN
61	I	Ile	unassigned	0.0	NaN	NaN	NaN	NaN	NaN	NaN	NaN	NaN	61Ile	NaN	None	NaN	NaN	NaN	NaN	NaN	NaN	NaN	NaN
62	A	Ala	unassigned	0.0	NaN	NaN	NaN	NaN	NaN	NaN	NaN	NaN	62Ala	NaN	None	NaN	NaN	NaN	NaN	NaN	NaN	NaN	NaN
63	T	Thr	unassigned	0.0	NaN	NaN	NaN	NaN	NaN	NaN	NaN	NaN	63Thr	NaN	None	NaN	NaN	NaN	NaN	NaN	NaN	NaN	NaN
64	S	Ser	unassigned	0.0	NaN	NaN	NaN	NaN	NaN	NaN	NaN	NaN	64Ser	NaN	None	NaN	NaN	NaN	NaN	NaN	NaN	NaN	NaN
65	L	Leu	unassigned	0.0	NaN	NaN	NaN	NaN	NaN	NaN	NaN	NaN	65Leu	NaN	None	NaN	NaN	NaN	NaN	NaN	NaN	NaN	NaN
66	K	Lys	unassigned	0.0	NaN	NaN	NaN	NaN	NaN	NaN	NaN	NaN	66Lys	NaN	None	NaN	NaN	NaN	NaN	NaN	NaN	NaN	NaN
67	N	Asn	unassigned	0.0	NaN	NaN	NaN	NaN	NaN	NaN	NaN	NaN	67Asn	NaN	None	NaN	NaN	NaN	NaN	NaN	NaN	NaN	NaN
68	N	Asn	unassigned	0.0	NaN	NaN	NaN	NaN	NaN	NaN	NaN	NaN	68Asn	NaN	None	NaN	NaN	NaN	NaN	NaN	NaN	NaN	NaN
69	K	Lys	unassigned	0.0	NaN	NaN	NaN	NaN	NaN	NaN	NaN	NaN	69Lys	NaN	None	NaN	NaN	NaN	NaN	NaN	NaN	NaN	NaN
70	W	Trp	unassigned	0.0	NaN	NaN	NaN	NaN	NaN	NaN	NaN	NaN	70Trp	NaN	None	NaN	NaN	NaN	NaN	NaN	NaN	NaN	NaN
71	T	Thr	unassigned	0.0	NaN	NaN	NaN	NaN	NaN	NaN	NaN	NaN	71Thr	NaN	None	NaN	NaN	NaN	NaN	NaN	NaN	NaN	NaN
72	C	Cys	unassigned	0.0	NaN	NaN	NaN	NaN	NaN	NaN	NaN	NaN	72Cys	NaN	None	NaN	NaN	NaN	NaN	NaN	NaN	NaN	NaN
73	P	Pro	unassigned	0.0	NaN	NaN	NaN	NaN	NaN	NaN	NaN	NaN	73Pro	NaN	None	NaN	NaN	NaN	NaN	NaN	NaN	NaN	NaN
74	Y	Tyr	unassigned	0.0	NaN	NaN	NaN	NaN	NaN	NaN	NaN	NaN	74Tyr	NaN	None	NaN	NaN	NaN	NaN	NaN	NaN	NaN	NaN
75	C	Cys	unassigned	0.0	NaN	NaN	NaN	NaN	NaN	NaN	NaN	NaN	75Cys	NaN	None	NaN	NaN	NaN	NaN	NaN	NaN	NaN	NaN
76	R	Arg	unassigned	0.0	NaN	NaN	NaN	NaN	NaN	NaN	NaN	NaN	76Arg	NaN	None	NaN	NaN	NaN	NaN	NaN	NaN	NaN	NaN
77	A	Ala	unassigned	0.0	NaN	NaN	NaN	NaN	NaN	NaN	NaN	NaN	77Ala	NaN	None	NaN	NaN	NaN	NaN	NaN	NaN	NaN	NaN
78	Y	Tyr	unassigned	0.0	NaN	NaN	NaN	NaN	NaN	NaN	NaN	NaN	78Tyr	NaN	None	NaN	NaN	NaN	NaN	NaN	NaN	NaN	NaN
79	L	Leu	unassigned	0.0	NaN	NaN	NaN	NaN	NaN	NaN	NaN	NaN	79Leu	NaN	None	NaN	NaN	NaN	NaN	NaN	NaN	NaN	NaN
80	P	Pro	unassigned	0.0	NaN	NaN	NaN	NaN	NaN	NaN	NaN	NaN	80Pro	NaN	None	NaN	NaN	NaN	NaN	NaN	NaN	NaN	NaN
81	S	Ser	measured	1.0	9.44744	123.93136000000001	1478750.0	368144000.0	20.82367	30.642559999999996	parabolic	peak fit	81Ser	 81SerN	None	15.0	12.0	14.0	-0.11036000000000001	0.9048900000000231	0.25180841655314645	0.1375760564166496	0.3089856142883521
82	E	Glu	unassigned	0.0	NaN	NaN	NaN	NaN	NaN	NaN	NaN	NaN	82Glu	NaN	None	NaN	NaN	NaN	NaN	NaN	NaN	NaN	NaN
83	G	Gly	unassigned	0.0	NaN	NaN	NaN	NaN	NaN	NaN	NaN	NaN	83Gly	NaN	None	NaN	NaN	NaN	NaN	NaN	NaN	NaN	NaN
84	V	Val	unassigned	0.0	NaN	NaN	NaN	NaN	NaN	NaN	NaN	NaN	84Val	NaN	None	NaN	NaN	NaN	NaN	NaN	NaN	NaN	NaN
85	P	Pro	unassigned	0.0	NaN	NaN	NaN	NaN	NaN	NaN	NaN	NaN	85Pro	NaN	None	NaN	NaN	NaN	NaN	NaN	NaN	NaN	NaN
86	A	Ala	measured	1.0	8.837530000000001	130.81988	2039300.0	61292100.0	26.25818	27.596290000000003	parabolic	peak fit	86Ala	 86AlaN	None	16.0	1.0	15.0	0.03739999999999988	0.07442000000000348	0.03297064676344751	0.143239446512608	0.05487943770425751
87	T	Thr	measured	1.0	7.815739999999999	116.77786	978721.0	16388900.0	50.52989	36.514309999999995	parabolic	peak fit	87Thr	 87ThrN	None	17.0	38.0	16.0	-0.020890000000001407	0.01829999999999643	0.015544720968869793	0.20106849371353439	0.03709188269215971
88	D	Asp	unassigned	0.0	NaN	NaN	NaN	NaN	NaN	NaN	NaN	NaN	88Asp	NaN	None	NaN	NaN	NaN	NaN	NaN	NaN	NaN	NaN
89	V	Val	measured	1.0	7.389889999999999	124.1113	2526260.0	87889000.0	37.18476	21.80592	parabolic	peak fit	89Val	 89ValN	None	18.0	10.0	17.0	-0.010299999999999976	0.18744999999999834	0.050126541622178125	0.11802581724232981	0.058693619692537835
90	A	Ala	measured	0.5	8.04572	120.81358999999999	2864180.0	167161000.0	130.59615	22.43189	parabolic	peak fit	90Ala	 90AlaN	None	19.0	23.0	18.0	-0.031650000000000844	-0.17579000000002054	0.05161404786490333	0.10926980009156112	0.08167462267976762
91	K	Lys	measured	1.0	8.01718	117.2117	4348470.0	676965000.0	28.387790000000003	31.249190000000002	parabolic	peak fit	91Lys	 91LysN	None	20.0	37.0	19.0	-0.03393000000000157	-0.03484000000000265	0.025701950159473623	0.11294785946939984	0.32811886562910475
92	R	Arg	measured	1.0	7.739489999999999	120.82831999999999	3842990.0	750508000.0	30.34692	23.86855	parabolic	peak fit	92Arg	 92ArgN	None	21.0	28.0	20.0	0.06138999999999939	0.3417599999999794	0.10030134037987219	0.12663200176619646	0.40672429210134126
93	M	Met	measured	0.5	8.01029	116.4133	2581030.0	84152700.0	43.344570000000004	75.34662	parabolic	peak fit	93Met	 93MetN	None	22.0	50.0	21.0	-0.06486000000000125	-0.2923799999999943	0.08993016350479882	0.054315404477759566	0.0663643891359894
94	K	Lys	measured	1.0	7.025469999999999	114.41066000000001	3968920.0	306269000.0	31.46913	21.30131	parabolic	peak fit	94Lys	 94LysN	None	23.0	43.0	22.0	-0.04613000000000067	-0.111559999999983	0.043990712678925376	0.2533299291504436	0.22704756397710762
95	S	Ser	measured	1.0	7.4352800000000006	110.23525	4343620.0	416116000.0	28.925240000000002	23.7054	parabolic	peak fit	95Ser	 95SerN	None	24.0	47.0	23.0	0.04209000000000085	-0.11576999999999771	0.042707991676031766	0.2861918786608949	0.2688504677727813
96	E	Glu	measured	1.0	6.87855	121.16933999999999	3278380.0	329080000.0	38.080009999999994	24.13278	parabolic	peak fit	96Glu	 96GluN	None	25.0	18.0	24.0	-0.07421000000000078	-0.4817600000000084	0.1378406720891937	0.1895466555657699	0.2262340162243916
97	Y	Tyr	measured	1.0	8.83148	120.65529	5996830.0	482002000.0	35.990629999999996	22.030070000000002	parabolic	peak fit	97Tyr	 97TyrN	None	26.0	25.0	25.0	0.04336000000000162	-0.10594999999999288	0.04154302558793672	0.2726414279414239	0.22769560719363965
98	K	Lys	measured	1.0	8.853	120.63486	6183000.0	380950000.0	33.43996	22.06925	parabolic	peak fit	98Lys	 98LysN	None	27.0	22.0	26.0	-0.06176000000000137	-0.42973999999999535	0.12179696848444056	0.2153597514463551	0.19001990233391028
99	N	Asn	measured	0.8	8.50215	121.50725	5502000.0	524154000.0	36.72425	24.09093	parabolic	peak fit	99Asn	 99AsnN	None	28.0	17.0	27.0	-0.03186	-0.33463999999999317	0.09135866062940985	0.16978180168670906	0.2319501542192347
100	C	Cys	measured	1.0	8.945689999999999	126.76933000000001	2273250.0	106446000.0	31.89354	20.17135	parabolic	peak fit	100Cys	 100CysN	None	29.0	8.0	28.0	0.019439999999999458	-0.122659999999982	0.03524400788786202	0.10270259280844662	0.07750715393521047
101	A	Ala	lost	0.0	NaN	NaN	NaN	NaN	NaN	NaN	NaN	NaN	101Ala	NaN	None	NaN	NaN	NaN	-0.026080000000000325	0.030570000000011532	0.020137029150300644	NaN	NaN
102	E	Glu	measured	1.0	9.01318	114.93547	2219050.0	187560000.0	35.9837	19.02327	parabolic	peak fit	102Glu	 102GluN	None	30.0	42.0	29.0	0.019320000000000448	-0.5564499999999981	0.1478553122988818	0.11148428001567477	0.12489595333382165
103	C	Cys	measured	1.0	8.3077	117.68558999999999	2416200.0	65860700.0	49.99776	31.59921	parabolic	peak fit	103Cys	 103CysN	None	31.0	35.0	30.0	-0.023730000000000473	-0.075160000000011	0.02601899771321192	0.17212957092276895	0.02978033505912143
104	D	Asp	measured	1.0	8.00463	120.76863999999999	5112100.0	481216000.0	71.59541999999999	26.27576	parabolic	peak fit	104Asp	 104AspN	None	32.0	21.0	31.0	-0.05453999999999937	-0.40591000000000577	0.11410832908688258	0.20367500288852677	0.2163614536920054
105	T	Thr	measured	1.0	8.41215	119.98456000000002	3809630.0	1211180000.0	51.477090000000004	25.3016	parabolic	peak fit	105Thr	 105ThrN	None	33.0	31.0	32.0	0.0760500000000004	0.4426400000000257	0.1288678125910486	0.14034577779742563	0.7082509794748845
106	L	Leu	measured	1.0	8.62968	129.21983999999998	3228300.0	747551000.0	27.034979999999997	20.629929999999998	parabolic	peak fit	106Leu	 106LeuN	None	34.0	4.0	33.0	0.03845000000000098	0.5156699999999717	0.1391161014153214	0.10708208531937548	0.40033792106249666
107	V	Val	measured	1.0	8.69479	129.49938	1768780.0	52188300.0	74.97445	27.97424	parabolic	peak fit	107Val	 107ValN	None	35.0	3.0	34.0	-0.02210000000000001	0.25039999999998486	0.06806773244349681	0.08068368426814582	0.018661672417800503
108	C	Cys	measured	1.0	8.76394	127.32347	3039480.0	450588000.0	31.32372	27.07265	parabolic	peak fit	108Cys	 108CysN	None	36.0	6.0	35.0	-0.027300000000000324	0.15988000000001534	0.04649686019507503	0.09530032576966611	0.24708979041226597
109	L	Leu	measured	1.0	9.21125	129.8142	1512830.0	30378200.0	46.074690000000004	18.415779999999998	parabolic	peak fit	109Leu	 109LeuN	None	37.0	2.0	36.0	0.08711999999999875	0.17247000000000412	0.07666263929059572	0.07861634239627505	0.024809872268138904
110	S	Ser	measured	1.0	7.6041300000000005	113.11514	6382660.0	262766000.0	40.20579	25.02495	parabolic	peak fit	110Ser	 110SerN	None	38.0	45.0	37.0	-0.013689999999999536	0.5452000000000083	0.14457081603837144	0.3209544163125739	0.16098194538893687
111	E	Glu	measured	1.0	7.89226	118.32206000000001	2903680.0	102310000.0	32.284	23.27371	parabolic	peak fit	111Glu	 111GluN	None	39.0	33.0	38.0	-0.0032299999999994	-0.12275999999998533	0.03255944842898519	0.117342687298194	0.044849988602290065
112	M	Met	measured	1.0	7.53522	121.86401000000001	2359620.0	68512600.0	31.113290000000003	23.261979999999998	parabolic	peak fit	112Met	 112MetN	None	40.0	16.0	39.0	0.03255000000000052	-0.007199999999997431	0.023095022190940076	0.07293244934860216	0.03915744111746786
113	R	Arg	lost	0.0	NaN	NaN	NaN	NaN	NaN	NaN	NaN	NaN	113Arg	NaN	None	NaN	NaN	NaN	-0.07316999999999929	0.022769999999994184	0.05208855491372293	NaN	NaN
114	A	Ala	measured	1.0	7.8898600000000005	120.89787	5011000.0	539690000.0	106.13408000000001	25.081570000000003	parabolic	peak fit	114Ala	 114AlaN	None	41.0	26.0	40.0	-0.04658999999999924	0.3147599999999926	0.08955715539251813	0.1540751035417903	0.27331334636537663
115	H	His	measured	0.5	8.23671	117.21776000000001	1404400.0	28766200.0	39.30424	39.58598	parabolic	peak fit	115His	 115HisN	None	42.0	36.0	41.0	-0.06678999999999924	-0.3287599999999884	0.09897611672519495	0.056320631381387404	0.018778241257531546
116	I	Ile	measured	1.0	8.44453	115.18946000000001	1723560.0	38901200.0	76.94479	26.34817	parabolic	peak fit	116Ile	 116IleN	None	43.0	41.0	42.0	0.015190000000000481	-0.7912699999999973	0.20962572111503805	0.10407342551778274	0.040278690951862754
117	R	Arg	measured	1.0	7.07773	116.30365	3153210.0	98992800.0	34.195209999999996	26.46155	parabolic	peak fit	117Arg	 117ArgN	None	44.0	40.0	43.0	-0.01868999999999943	0.4375	0.11650362891343767	0.13975322102407955	0.07789311343321163
118	T	Thr	measured	1.0	7.247510000000001	105.08023	2594910.0	136556000.0	31.692840000000004	20.337989999999998	parabolic	peak fit	118Thr	 118ThrN	None	45.0	49.0	44.0	0.00993000000000066	-0.4695999999999998	0.12444273241133849	0.1767673946511533	0.16144691697819646
119	C	Cys	measured	1.0	7.2290399999999995	127.77627	1917560.0	117314000.0	37.713840000000005	33.58234	parabolic	peak fit	119Cys	 119CysN	None	46.0	5.0	45.0	-0.13375000000000004	0.09917000000000087	0.09814764119936871	0.09103018737152921	0.07976366121147427
120	Q	Gln	unassigned	0.0	NaN	NaN	NaN	NaN	NaN	NaN	NaN	NaN	120Gln	NaN	None	NaN	NaN	NaN	NaN	NaN	NaN	NaN	NaN
121	K	Lys	measured	0.5	8.13828	116.51978999999999	3142380.0	350747000.0	48.39093	25.30167	parabolic	peak fit	121Lys	 121LysN	None	47.0	39.0	46.0	0.05616000000000021	-0.19834000000001595	0.0658079455081258	0.06479655065046468	0.23393270417180778
122	Y	Tyr	measured	1.0	8.14415	124.1322	1660040.0	92730500.0	30.97812	23.43103	parabolic	peak fit	122Tyr	 122TyrN	None	48.0	11.0	47.0	0.11619999999999919	0.9238899999999859	0.25787848155090043	0.08291204043612681	0.07608718840769975
123	I	Ile	lost	0.0	NaN	NaN	NaN	NaN	NaN	NaN	NaN	NaN	123Ile	NaN	None	NaN	NaN	NaN	0.061380000000001544	-0.088799999999992	0.04935314579639271	NaN	NaN
124	D	Asp	measured	1.0	8.780510000000001	120.8482	3500990.0	259509000.0	37.04998	30.25703	parabolic	peak fit	124Asp	 124AspN	None	49.0	24.0	48.0	0.11863000000000135	0.03830000000000666	0.08449390954382567	0.14992826890382038	0.2173314797289941
125	K	Lys	lost	0.0	NaN	NaN	NaN	NaN	NaN	NaN	NaN	NaN	125Lys	NaN	None	NaN	NaN	NaN	-0.0904000000000007	-0.4747899999999987	0.14094633051981162	NaN	NaN
126	Y	Tyr	lost	0.0	NaN	NaN	NaN	NaN	NaN	NaN	NaN	NaN	126Tyr	NaN	None	NaN	NaN	NaN	-0.00791000000000075	-0.7759700000000009	0.20537854053673696	NaN	NaN
127	G	Gly	measured	1.0	8.355410000000001	111.34656000000001	3713860.0	391134000.0	31.96398	20.06419	parabolic	peak fit	127Gly	 127GlyN	None	50.0	46.0	49.0	0.10996000000000095	0.16759000000001834	0.09409697981338572	0.16616525878731478	0.3160729870381744
128	P	Pro	unassigned	0.0	NaN	NaN	NaN	NaN	NaN	NaN	NaN	NaN	128Pro	NaN	None	NaN	NaN	NaN	NaN	NaN	NaN	NaN	NaN
