Res#	0250	0500	0_E2_ref1
1	NaN	NaN	NaN
2	1.0000	0.0056	0.8422
3	NaN	NaN	NaN
4	1.0000	0.0033	0.4960
5	1.0000	0.0041	0.6882
6	1.0000	0.0040	0.6890
7	1.0000	0.0040	0.7225
8	1.0000	0.0045	0.7661
9	1.0000	0.0046	0.8316
10	1.0000	0.0039	0.6726
11	1.0000	0.0029	0.6602
12	1.0000	0.0057	0.9446
13	1.0000	0.0035	0.7315
14	1.0000	0.0041	0.7086
15	1.0000	0.0027	2.0425
16	1.0000	0.0036	0.6719
17	NaN	NaN	NaN
18	NaN	NaN	NaN
19	NaN	NaN	NaN
20	1.0000	0.0036	3.4741
21	NaN	NaN	NaN
22	1.0000	0.0028	0.7224
23	1.0000	0.0042	0.6905
24	1.0000	0.0045	0.7620
25	NaN	NaN	NaN
26	1.0000	0.0045	0.4944
27	1.0000	0.0037	0.2203
28	1.0000	0.0028	2.3604
29	1.0000	0.0024	0.5228
30	1.0000	0.0029	0.5931
31	1.0000	0.0036	0.7905
32	1.0000	0.0001	0.8243
33	1.0000	0.0040	1.3653
34	1.0000	0.0032	1.0444
35	1.0000	0.0037	0.7260
36	1.0000	0.0033	0.8699
37	1.0000	NaN	NaN
38	NaN	NaN	NaN
39	1.0000	0.0043	0.9436
40	NaN	NaN	NaN
41	NaN	NaN	NaN
42	1.0000	0.0042	0.7689
43	1.0000	0.0035	0.6436
44	1.0000	0.0006	0.0340
45	1.0000	0.0037	0.7539
46	1.0000	0.0059	0.8399
47	1.0000	0.0018	0.3544
48	1.0000	0.0049	0.6979
49	1.0000	0.0045	0.8834
50	1.0000	0.0022	0.4907
51	1.0000	0.0033	1.0573
52	1.0000	0.0034	0.7498
53	1.0000	0.0028	0.7186
54	1.0000	0.0012	1.1238
55	1.0000	0.0030	0.2095
56	1.0000	0.0004	0.0314
57	NaN	NaN	NaN
58	1.0000	0.0045	0.7363
59	1.0000	0.0032	0.6813
60	1.0000	0.0047	0.7773
61	NaN	NaN	NaN
62	1.0000	0.4764	526.4131
63	1.0000	0.0042	0.7397
64	NaN	NaN	NaN
65	NaN	NaN	NaN
66	1.0000	0.0037	0.9998
67	1.0000	0.0020	0.6412
68	1.0000	0.0033	2.0948
69	1.0000	0.0028	0.6216
70	1.0000	0.0013	0.1272
71	1.0000	0.0048	0.7353
72	1.0000	0.0049	0.7677
73	1.0000	0.0039	2.1293
74	1.0000	0.0018	0.3704
75	1.0000	0.0043	0.7399
76	NaN	NaN	NaN
77	NaN	NaN	NaN
78	1.0000	0.0031	0.6290
79	1.0000	0.0032	0.7944
80	NaN	NaN	NaN
81	NaN	NaN	NaN
82	1.0000	0.0044	0.7456
83	1.0000	0.0043	0.6797
84	1.0000	0.0027	0.6600
85	1.0000	0.0029	0.6277
86	1.0000	0.0025	0.4586
87	NaN	NaN	NaN
88	1.0000	0.0006	0.1656
89	1.0000	0.0039	0.8290
90	1.0000	0.0030	0.1687
91	1.0000	NaN	0.7029
92	1.0000	0.0039	0.2550
93	1.0000	0.0054	0.1881
94	1.0000	0.0047	0.7037
95	NaN	NaN	NaN
96	1.0000	0.0041	0.1817
97	1.0000	0.0046	0.7784
98	1.0000	0.0035	0.8440
99	1.0000	0.0035	0.6926
100	NaN	NaN	NaN
101	1.0000	0.0037	0.8346
102	1.0000	0.0033	2.2149
103	1.0000	0.0036	0.7722
104	1.0000	0.0037	0.7498
105	1.0000	0.0030	0.5973
106	1.0000	0.0065	5.3085
107	1.0000	0.0040	0.7044
108	1.0000	0.0051	0.7799
109	1.0000	0.0048	0.8148
110	1.0000	0.0031	0.5902
111	1.0000	0.0046	0.7676
112	1.0000	0.0036	0.2328
113	NaN	NaN	NaN
114	1.0000	0.0032	0.7018
115	NaN	NaN	NaN
116	1.0000	0.0033	0.7886
117	1.0000	0.0036	0.1704
118	NaN	NaN	NaN
119	1.0000	0.0020	0.1940
120	1.0000	0.0027	0.6979
121	NaN	NaN	NaN
122	NaN	NaN	NaN
123	1.0000	0.0040	0.1987
124	1.0000	0.0053	0.7712
125	1.0000	0.0053	0.7288
126	1.0000	0.0045	0.1980
127	1.0000	0.0049	0.7239
128	1.0000	0.0047	0.7633
129	1.0000	0.0040	2.1213
130	1.0000	0.0038	0.6471
131	1.0000	0.0049	1.8655
132	1.0000	0.0050	0.7029
133	1.0000	0.0055	0.7874
134	1.0000	0.0050	0.7617
135	1.0000	0.0049	0.6944
136	1.0000	0.0054	0.7776
137	1.0000	0.0043	0.7391
138	1.0000	0.0047	0.7308
139	1.0000	0.0040	0.6699
140	NaN	NaN	NaN
141	1.0000	0.0041	0.6432
142	NaN	NaN	NaN
143	1.0000	0.0045	0.6770
144	1.0000	0.0051	0.7294
145	1.0000	0.0036	0.2172
146	1.0000	0.0035	0.2354
147	1.0000	0.0050	0.2801
