Res#	1-letter	3-letter	Peak Status	Merit	Position F1	Position F2	Height	Volume	Line Width F1 (Hz)	Line Width F2 (Hz)	Fit Method	Vol. Method	Assign F1	Assign F2	Details	Number	#	index	H1_delta
1	M	Met	measured	1.0	7.499507237521686	124.7723915865554	81.41879451500083	59.09445485976201	23.80462283628079	13.363028013508467	parabolic	box sum	1MetH	1MetN	None	0.0	0.0	0	-0.0006110112770585374
2	W	Trp	measured	1.0	8.384881963364826	105.626470192109	17.566731802511402	28.909162047690877	15.804007053854328	35.752572349262344	parabolic	box sum	2TrpH	2TrpN	None	1.0	1.0	1	0.009717243521537355
2	W	Trp	measured	1.0	9.065387257181994	132.6855045762445	10.408519282211767	5.923167774602635	10.536837082062386	10.673030570333683	parabolic	box sum	2TrpH1a	2TrpN1a	None	1.0	1.0	2	0.003840723157644277
3	G	Gly	measured	1.0	9.919305498975811	114.71437091519823	-0.9228678662072634	27.579082188081173	27.402842464261273	36.198732784016975	parabolic	box sum	3GlyH	3GlyN	None	2.0	2.0	3	0.0054139972715603335
4	V	Val	measured	1.0	7.058858458683307	125.09845680864969	64.4557024728254	21.808761840743852	5.9386701403300926	49.57234140784418	parabolic	box sum	4ValH	4ValN	None	3.0	3.0	4	0.011291961275116336
5	R	Arg	measured	1.0	6.659653389174881	117.70264160672508	69.23725964490417	72.17090123476535	34.91573555413972	47.151666114629535	parabolic	box sum	5ArgH	5ArgN	None	4.0	4.0	5	0.014055264873412021
6	Q	Gln	measured	1.0	7.0773732692738305	111.4054366457035	48.2251224876776	51.759212133509635	32.94326956564754	28.210655656996806	parabolic	box sum	6GlnH2b	6GlnN2b	None	5.0	5.0	6	-0.0020921331203549443
6	Q	Gln	measured	1.0	6.855238625949049	111.39563728881262	69.59874871301506	9.732489551434746	21.944870679914278	24.71359976689895	parabolic	box sum	6GlnH2a	6GlnN2a	None	5.0	5.0	7	0.007022212047206544
6	Q	Gln	measured	1.0	9.35732198719885	123.88845054622276	79.35586693472402	74.56996686214225	48.42830006352843	16.55020885538164	parabolic	box sum	6GlnH	6GlnN	None	5.0	5.0	8	-0.004372063816070693
7	Q	Gln	measured	1.0	9.01586805348538	132.57360024351814	60.54838881145916	36.183530270699436	30.531496516656443	32.11997891736267	parabolic	box sum	7GlnH	7GlnN	None	6.0	6.0	9	0.000508320619333702
7	Q	Gln	measured	1.0	6.3253663949942975	105.92304391729056	20.646569307181693	28.02566167375691	7.353704220395027	9.892827307764106	parabolic	box sum	7GlnH2b	7GlnN2b	None	6.0	6.0	10	0.01864867027343653
7	Q	Gln	measured	1.0	6.712163743838133	105.94042982919352	93.63055418525144	75.77777832600654	27.562738904790468	18.481037814251014	parabolic	box sum	7GlnH2a	7GlnN2a	None	6.0	6.0	11	0.002512348070919934
8	C	Cys	measured	1.0	6.367301485314952	123.3815399718962	82.99443428747406	58.45673634611829	36.50425153518018	31.21353242231493	parabolic	box sum	8CysH	8CysN	None	7.0	7.0	12	-0.004453884902940075
9	F	Phe	measured	1.0	6.948894378036004	127.49231654550428	20.71591083941808	1.2696120038014973	39.66189209218047	18.37824229848952	parabolic	box sum	9PheH	9PheN	None	8.0	8.0	13	0.01165965736128971
10	K	Lys	measured	1.0	7.208147502408379	124.46981758267172	35.89509376807729	37.56136810803364	41.17841170578061	4.935224199795815	parabolic	box sum	10LysH	10LysN	None	9.0	9.0	14	-0.004269439763202598
11	S	Ser	measured	1.0	7.938577302487607	117.90695899670988	71.93859600025273	49.0186520339116	40.03138339454532	34.72855742328391	parabolic	box sum	11SerH	11SerN	None	10.0	10.0	15	-0.0004052467501871604
12	V	Val	measured	1.0	9.731979563206412	112.53695638316736	62.227825723992225	22.089179304905066	23.057902181465913	8.059054857243533	parabolic	box sum	12ValH	12ValN	None	11.0	11.0	16	-0.0027186660344042934
13	Y	Tyr	measured	1.0	6.577305843615347	123.26497568324116	32.20566150463128	85.49106222257373	12.293864684840587	13.843077572590127	parabolic	box sum	13TyrH	13TyrN	None	12.0	12.0	17	-0.0030043025949790803
14	W	Trp	measured	1.0	9.684456437692594	132.15419040752292	48.039032681855275	9.09575637530183	30.37584113937593	17.38172600908256	parabolic	box sum	14TrpH1a	14TrpN1a	None	13.0	13.0	18	0.010746366417366815
14	W	Trp	measured	1.0	6.674726457359906	120.17779222737757	92.79913622141865	43.584138603080156	37.024595058879434	49.67368662469181	parabolic	box sum	14TrpH	14TrpN	None	13.0	13.0	19	0.003058333411289915
16	G	Gly	measured	1.0	7.14286082547862	123.47729493581484	60.074881342313155	94.92030722919962	48.57770839083844	18.988516247810352	parabolic	box sum	16GlyH	16GlyN	None	15.0	15.0	20	0.0026217501918059938
17	C	Cys	measured	1.0	9.906209205662188	115.82197504224207	15.145684461322384	20.538505679897696	47.44047505954899	46.8296028501107	parabolic	box sum	17CysH	17CysN	None	16.0	16.0	21	-0.00918474373697542
18	F	Phe	measured	1.0	8.240700740249276	131.92599299479102	21.565113535323285	38.542196244937735	26.616664659465467	39.41284219760075	parabolic	box sum	18PheH	18PheN	None	17.0	17.0	22	-0.007237943665822755
19	M	Met	measured	1.0	9.343564910711557	111.1917385756712	99.6082815123861	11.739210519365068	43.19049697777938	38.90019459226844	parabolic	box sum	19MetH	19MetN	None	18.0	18.0	23	0.006609345577086145
20	L	Leu	measured	1.0	7.425308178092773	132.82013681699232	50.32068182090275	18.261665519723245	37.116876370291536	24.19762994505096	parabolic	box sum	20LeuH	20LeuN	None	19.0	19.0	24	0.0028822427510357684
21	E	Glu	measured	1.0	9.461450578388494	131.21488513186443	56.00451210848821	30.438160087007837	46.55896453505543	16.56424295878655	parabolic	box sum	21GluH	21GluN	None	20.0	20.0	25	-0.015089811240043716
22	R	Arg	measured	1.0	9.45259262100536	122.19117582342932	10.537469732571443	28.30573979889172	29.85037596095429	38.88605500129719	parabolic	box sum	22ArgH	22ArgN	None	21.0	21.0	26	-0.01461199475282271
23	N	Asn	measured	1.0	8.274066449331949	125.42127661399981	94.05440375230593	53.68597292264265	26.773025892806093	46.05546461804244	parabolic	box sum	23AsnH	23AsnN	None	22.0	22.0	27	-0.013023766020189953
23	N	Asn	measured	1.0	7.635346352062847	110.87897612888126	32.96009876381222	80.41287731099658	35.460510982286614	46.39008451353798	parabolic	box sum	23AsnH2b	23AsnN2b	None	22.0	22.0	28	-0.017185462638202864
23	N	Asn	measured	1.0	6.0663329343020775	110.8820126239083	41.29940106388554	38.47191625030726	10.248272833482938	20.36019485178	parabolic	box sum	23AsnH2a	23AsnN2a	None	22.0	22.0	29	0.012595317913045356
24	K	Lys	measured	1.0	7.906521900522149	111.45617904425146	78.00420451663696	18.968757423329528	12.22718856962507	42.57912058149464	parabolic	box sum	24LysH	24LysN	None	23.0	23.0	30	-0.005221337968396966
25	K	Lys	measured	1.0	6.386718395500384	106.58560909467151	66.05853865966483	57.255183082831934	39.626469671649545	43.183769182820214	parabolic	box sum	25LysH	25LysN	None	24.0	24.0	31	0.013664115255941134
26	V	Val	measured	1.0	7.205781223280533	134.7126628716783	64.85184954102904	52.0395368397295	42.066166911916206	7.185768502344695	parabolic	box sum	26ValH	26ValN	None	25.0	25.0	32	-0.009495333532154149
27	L	Leu	measured	1.0	7.694741015921923	122.1505646971751	79.62270245327795	11.582183702279751	42.566651028425156	16.205317730450016	parabolic	box sum	27LeuH	27LeuN	None	26.0	26.0	33	-0.017881159574447025
28	A	Ala	measured	1.0	8.14960693887309	130.43603142003874	80.50347201967071	25.195511512404803	13.128983596308506	19.515001188232947	parabolic	box sum	28AlaH	28AlaN	None	27.0	27.0	34	0.013581798173058601
29	F	Phe	measured	1.0	7.624631212547157	113.91133721493608	88.74721044292744	60.086113419759855	6.952658616369902	21.880094902377017	parabolic	box sum	29PheH	29PheN	None	28.0	28.0	35	-0.0098587740091709
30	Q	Gln	measured	1.0	6.3349823347886245	106.60949125114391	45.867939137065385	43.275261658435966	11.210107635480359	38.59117058484245	parabolic	box sum	30GlnH2b	30GlnN2b	None	29.0	29.0	36	0.012153770330565195
30	Q	Gln	measured	1.0	9.078363773867313	124.77074648299612	6.512122735066249	24.760066243178603	39.39810594765116	13.829961132204367	parabolic	box sum	30GlnH	30GlnN	None	29.0	29.0	37	0.006750372933336024
30	Q	Gln	measured	1.0	6.279490509620223	106.59775843392494	95.50014712066988	29.70650603569563	7.915581034339333	18.725736919793526	parabolic	box sum	30GlnH2a	30GlnN2a	None	29.0	29.0	38	0.007183374708910506
31	E	Glu	measured	1.0	9.58283371442326	124.28170164557798	10.696376183162373	53.310265888813724	28.290363042825398	29.212484081589945	parabolic	box sum	31GluH	31GluN	None	30.0	30.0	39	0.007782166465560181
32	N	Asn	measured	1.0	6.0244283993749805	109.96990823176014	14.945010558355415	11.193641376983503	29.466568235336084	24.89581204115599	parabolic	box sum	32AsnH2b	32AsnN2b	None	31.0	31.0	40	0.005175350672222301
32	N	Asn	measured	1.0	7.6255280148845666	106.5762744071703	21.99059230278647	98.02392060454409	21.626352313815413	35.675311132406826	parabolic	box sum	32AsnH	32AsnN	None	31.0	31.0	41	-0.0014448956464807594
32	N	Asn	measured	1.0	7.389128018765928	109.9677983126886	72.31132385809595	22.206634262152328	38.44823007478677	36.50082044259708	parabolic	box sum	32AsnH2a	32AsnN2a	None	31.0	31.0	42	-0.015853812162347936
33	W	Trp	measured	1.0	9.678225891124553	132.51323703728576	6.3774485956062374	17.716886331844034	7.10896384339742	45.961970244926945	parabolic	box sum	33TrpH1a	33TrpN1a	None	32.0	32.0	43	-0.008512367204950522
33	W	Trp	measured	1.0	6.656735938893042	108.97437553143268	68.71801700122782	50.640799540256026	14.30958264195984	16.67528484855012	parabolic	box sum	33TrpH	33TrpN	None	32.0	32.0	44	0.0016559073874455876
34	H	His	measured	1.0	6.529453986580116	121.62359198061277	86.31291063426781	66.80414091074475	5.226195285919994	11.350380362551045	parabolic	box sum	34HisH	34HisN	None	33.0	33.0	45	0.01096790655924007
35	L	Leu	measured	1.0	8.00176854102569	119.8745815713058	50.242422130687196	71.50890334087227	27.38529968539812	12.68169304303479	parabolic	box sum	35LeuH	35LeuN	None	34.0	34.0	46	-0.0013398887790909697
36	Q	Gln	measured	1.0	6.142655014957818	127.435141671939	40.11557071255003	27.465884415220085	21.249295357813967	44.727732473397424	parabolic	box sum	36GlnH	36GlnN	None	35.0	35.0	49	-0.0025795423074557178
36	Q	Gln	measured	1.0	7.873920233876201	108.54480042176205	52.726584019849426	37.20021622734654	38.03465504593829	47.79141855070161	parabolic	box sum	36GlnH2b	36GlnN2b	None	35.0	35.0	48	0.0042203659050708
36	Q	Gln	measured	1.0	7.94620176163917	108.54975588586781	57.67014127042197	29.66303882431369	44.429972393058854	6.278333075419117	parabolic	box sum	36GlnH2a	36GlnN2a	None	35.0	35.0	47	-0.0016121693979114227
37	R	Arg	measured	1.0	6.369695945428097	108.91672537219088	73.79614917924266	67.88893755737145	31.732454288863625	47.27388886547091	parabolic	box sum	37ArgH	37ArgN	None	36.0	36.0	50	0.000688600927545302
38	S	Ser	measured	1.0	9.229904203680832	110.43385636822984	30.916832370527267	23.00880123780497	33.659630839184324	44.37769972833103	parabolic	box sum	38SerH	38SerN	None	37.0	37.0	51	0.014695641770405388
39	W	Trp	measured	1.0	6.912711304221977	123.34986642441378	79.21695705444724	12.96075427608059	25.99913540174555	19.974180871361852	parabolic	box sum	39TrpH	39TrpN	None	38.0	38.0	52	0.016866143147749035
39	W	Trp	measured	1.0	9.750988477088583	131.61497187376548	88.36643695787588	38.428929754869316	38.227298458181956	35.52936256948972	parabolic	box sum	39TrpH1a	39TrpN1a	None	38.0	38.0	53	-0.002726893715369272
40	L	Leu	measured	1.0	8.435970837953045	113.49041265679813	53.13011627514125	59.088299142310994	48.27117642263068	28.129411288153968	parabolic	box sum	40LeuH	40LeuN	None	39.0	39.0	54	-0.0043820271912657915
41	C	Cys	measured	1.0	8.907298199904004	112.6959118352395	6.097681690560111	16.715778491861506	16.594968179177766	4.543840028262541	parabolic	box sum	41CysH	41CysN	None	40.0	40.0	55	-0.006117161053326825
42	S	Ser	measured	1.0	9.752500063852905	119.98201546153228	98.38925784420313	37.29185559104514	17.802842440214786	24.87964334026556	parabolic	box sum	42SerH	42SerN	None	41.0	41.0	56	0.014749396555430394
43	E	Glu	measured	1.0	9.606215819831693	121.56779718689316	91.35869723786304	49.77210971381797	20.449188332296227	14.247728318175172	parabolic	box sum	43GluH	43GluN	None	42.0	42.0	57	0.009718155469695233
44	R	Arg	measured	1.0	7.490640897926045	112.29222621237317	2.7346443124510373	81.50499114477864	8.253412225857446	10.004331531046184	parabolic	box sum	44ArgH	44ArgN	None	43.0	43.0	58	-0.005744825193164438
45	A	Ala	measured	1.0	8.958122198530774	117.74242768024678	37.84712146662554	58.28126237590954	17.560818136810507	45.182296643672	parabolic	box sum	45AlaH	45AlaN	None	44.0	44.0	59	-0.001063948452511454
46	D	Asp	measured	1.0	7.154161282460753	119.43502698663544	40.774127034631945	84.75204078627523	14.117316383519366	50.81422303758747	parabolic	box sum	46AspH	46AspN	None	45.0	45.0	60	-0.012973832738061297
47	K	Lys	measured	1.0	8.807249376829898	114.91184192538546	68.78448102246534	13.832278581638038	29.135728569533647	38.2244556988505	parabolic	box sum	47LysH	47LysN	None	46.0	46.0	61	0.01655192266374428
48	S	Ser	measured	1.0	8.392013624359372	107.99608597381386	19.818227735506245	90.04026327125092	38.62529885167215	25.7750506445716	parabolic	box sum	48SerH	48SerN	None	47.0	47.0	62	-0.0005795127592271854
49	C	Cys	measured	1.0	8.202766815945926	123.85387163534023	23.43608643087943	83.30274656697256	32.147403343634906	22.652156953235444	parabolic	box sum	49CysH	49CysN	None	48.0	48.0	63	0.004977618575754406
50	I	Ile	measured	1.0	6.95890203504199	122.6893559407218	38.03011432362991	64.09410627810594	34.019230147885445	18.528288462237466	parabolic	box sum	50IleH	50IleN	None	49.0	49.0	64	-0.012714094682054089
51	C	Cys	measured	1.0	7.137215224545036	126.77361570406583	33.812346327727965	9.669101767617981	44.475303647079436	22.223922676597386	parabolic	box sum	51CysH	51CysN	None	50.0	50.0	65	-0.006467121076052962
52	D	Asp	measured	1.0	9.942815955027426	129.11659775657134	18.199895768522865	91.38223083971545	23.221492198073317	42.566816792224884	parabolic	box sum	52AspH	52AspN	None	51.0	51.0	66	-0.004782271550674011
53	T	Thr	measured	1.0	8.391305592628898	108.6735528057248	11.979092364466243	49.95011876534311	10.33098339940349	43.00754232017047	parabolic	box sum	53ThrH	53ThrN	None	52.0	52.0	67	0.0025531307212851573
54	I	Ile	measured	1.0	7.2074532789636425	114.71082556016329	15.54226624008744	99.8242568188792	44.99840024214697	21.229121697528765	parabolic	box sum	54IleH	54IleN	None	53.0	53.0	68	0.007451450997896458
55	G	Gly	measured	1.0	9.683747397347595	134.67477474676616	85.8335290067631	72.74626166751163	38.600392412782114	7.730823852155647	parabolic	box sum	55GlyH	55GlyN	None	54.0	54.0	69	0.011563562994739485
56	Q	Gln	measured	1.0	6.0234240815837525	105.64405235461358	35.92500880611301	72.59354978894423	23.776637157259717	29.679106348861612	parabolic	box sum	56GlnH2a	56GlnN2a	None	55.0	55.0	70	-0.003415309429292357
56	Q	Gln	measured	1.0	9.473403351390733	106.11542993194591	87.98190220934372	75.62037561935315	48.05383337796502	10.187716904159146	parabolic	box sum	56GlnH	56GlnN	None	55.0	55.0	71	0.00996474757724819
56	Q	Gln	measured	1.0	7.761007082683129	105.63342674990062	6.751880985744709	72.6575340394358	7.5959520250187005	15.609149973018875	parabolic	box sum	56GlnH2b	56GlnN2b	None	55.0	55.0	72	-0.014821514376408551
57	Q	Gln	measured	1.0	6.246292941208368	107.94681292982555	49.35659796294504	28.135067324363927	50.139675722442846	15.701927737271992	parabolic	box sum	57GlnH2a	57GlnN2a	None	56.0	56.0	73	-0.012064496337544917
57	Q	Gln	measured	1.0	9.800688991587727	124.13564777952108	74.19888214910178	17.775452857086755	26.148849143172413	36.22301538847506	parabolic	box sum	57GlnH	57GlnN	None	56.0	56.0	74	0.0056791874994530644
57	Q	Gln	measured	1.0	7.748284266221155	107.94800083940146	69.95270878278122	18.776533369696637	26.09172916146695	45.87125731235244	parabolic	box sum	57GlnH2b	57GlnN2b	None	56.0	56.0	75	0.0005165569019007776
58	A	Ala	measured	1.0	9.77894309144787	128.87469025150264	46.482764950974996	30.065335743401512	26.639969979524146	31.321954662530324	parabolic	box sum	58AlaH	58AlaN	None	57.0	57.0	76	-0.005834430397662516
59	V	Val	measured	1.0	8.434229821503253	125.01839352620172	97.2268642552778	5.2888130048626065	30.456195851760093	6.249293004444484	parabolic	box sum	59ValH	59ValN	None	58.0	58.0	77	0.006509743126439815
61	N	Asn	measured	1.0	6.3760396748412775	114.61062358252165	67.53957351012292	-0.0563884487573949	21.573977663209337	9.532998203212099	parabolic	box sum	61AsnH2b	61AsnN2b	None	60.0	60.0	78	-0.008577976320267133
61	N	Asn	measured	1.0	8.720240325734531	131.12507236247941	29.37002632437973	71.8283257234023	18.157375181934547	18.201593801548697	parabolic	box sum	61AsnH	61AsnN	None	60.0	60.0	79	-0.010193838011419487
61	N	Asn	measured	1.0	6.293358949302694	114.61294288997429	95.37950067320308	61.97512794645928	33.693842648157414	7.531605995609031	parabolic	box sum	61AsnH2a	61AsnN2a	None	60.0	60.0	80	-0.009630889946050658
62	H	His	measured	1.0	8.38198851703748	107.96860698581114	15.472834325381134	77.7794756519789	44.69888809106244	47.52937466434835	parabolic	box sum	62HisH	62HisN	None	61.0	61.0	81	-0.008147194129975333
63	C	Cys	measured	1.0	6.052332033990545	112.68991434519329	68.68082594744205	18.217490427870484	20.102031516039574	9.941683420196947	parabolic	box sum	63CysH	63CysN	None	62.0	62.0	82	0.004399853471312554
64	N	Asn	measured	1.0	6.809695478504262	111.84843891279058	94.87257405908673	29.36601891846229	11.759467430542946	16.661892923918145	parabolic	box sum	64AsnH2b	64AsnN2b	None	63.0	63.0	83	0.011507353028770595
64	N	Asn	measured	1.0	6.870970387266534	111.850008223159	79.12019655303244	11.454628192109404	4.817529867596188	45.09199484491063	parabolic	box sum	64AsnH2a	64AsnN2a	None	63.0	63.0	84	0.009001730086396265
64	N	Asn	measured	1.0	8.694972306351758	113.95653805521387	68.16108792754324	56.94618636994444	35.56168688440822	30.22240116206162	parabolic	box sum	64AsnH	64AsnN	None	63.0	63.0	85	0.0076503303544157575
65	W	Trp	measured	1.0	6.526024505520541	105.30404329157663	71.58313509976459	82.05377512628365	32.889356251360915	41.05771968052292	parabolic	box sum	65TrpH	65TrpN	None	64.0	64.0	86	0.0037700251628534076
65	W	Trp	measured	1.0	9.042985765227977	130.7364197171589	40.07292843768601	66.1447796112069	13.981591031690627	41.64647466388285	parabolic	box sum	65TrpH1a	65TrpN1a	None	64.0	64.0	87	-8.155107082785662e-05
66	Q	Gln	measured	1.0	7.14687108909941	111.6725130078068	91.86480896130199	55.103456417717716	27.70970318148152	48.14173989551549	parabolic	box sum	66GlnH2b	66GlnN2b	None	65.0	65.0	88	0.01315919092710871
66	Q	Gln	measured	1.0	6.770939279489298	111.66652458729479	17.529923005249902	47.181065934280504	42.32576926589018	27.340628484276852	parabolic	box sum	66GlnH2a	66GlnN2a	None	65.0	65.0	89	-0.007824080579334591
66	Q	Gln	measured	1.0	7.209951146453088	110.96085605835106	7.946696958528594	28.927878210635466	21.945341797261573	13.962558090698822	parabolic	box sum	66GlnH	66GlnN	None	65.0	65.0	90	-0.003976984512604531
67	W	Trp	measured	1.0	9.663996583486844	134.6830059247996	27.372727468655864	27.868837853700505	17.31850587405724	30.312385271328388	parabolic	box sum	67TrpH1a	67TrpN1a	None	66.0	66.0	91	0.002636449807571495
67	W	Trp	measured	1.0	9.937985917674359	115.22603163462894	97.90979843093932	37.11478076918281	36.096801498749656	47.94923802262624	parabolic	box sum	67TrpH	67TrpN	None	66.0	66.0	92	-0.0048267715258667465
68	A	Ala	measured	1.0	8.95080056953459	111.59595648778124	71.50636067970628	22.520921226499013	30.49501434923933	30.395412173507616	parabolic	box sum	68AlaH	68AlaN	None	67.0	67.0	93	0.0020931999168372073
69	W	Trp	measured	1.0	9.428268537864584	134.60859266518048	28.414279952482513	33.1059220758367	15.764242654416368	44.63463947398904	parabolic	box sum	69TrpH1a	69TrpN1a	None	68.0	68.0	94	0.0024314832487473126
69	W	Trp	measured	1.0	7.325873042840214	114.80169903434458	63.43974151288728	52.27398307909666	18.48976645386075	27.769852008448638	parabolic	box sum	69TrpH	69TrpN	None	68.0	68.0	95	-0.004159775290227152
70	A	Ala	measured	1.0	7.529169343033682	134.8425714798077	56.70130474000075	93.8859651119092	29.55527312552416	14.674844832794065	parabolic	box sum	70AlaH	70AlaN	None	69.0	69.0	96	0.01707851876071942
71	V	Val	measured	1.0	6.132994444754129	116.1316015560228	86.4037586598513	42.516977918128006	36.40366755203521	48.474383968873575	parabolic	box sum	71ValH	71ValN	None	70.0	70.0	97	-0.01182233455408177
72	V	Val	measured	1.0	9.781309210857946	112.77214127664163	86.33850924563197	12.949114461010046	20.840677485843106	46.29874601719797	parabolic	box sum	72ValH	72ValN	None	71.0	71.0	98	0.004997511203198357
73	Q	Gln	measured	1.0	9.468200064811468	109.2876463503863	26.90913916889431	60.360215689979704	10.261800911947695	10.765872514338136	parabolic	box sum	73GlnH	73GlnN	None	72.0	72.0	99	-0.0023420979481354465
73	Q	Gln	measured	1.0	7.23501319783364	107.11853219403123	84.6172999102844	90.17099561089279	48.36726066039874	25.486435545273434	parabolic	box sum	73GlnH2b	73GlnN2b	None	72.0	72.0	100	-0.007163872241113367
73	Q	Gln	measured	1.0	7.163439670567392	107.1250732954642	50.089979262258005	28.328928502837076	5.15740812496341	23.02553537611662	parabolic	box sum	73GlnH2a	73GlnN2a	None	72.0	72.0	101	0.001996199705437185
75	H	His	measured	1.0	8.534648628976287	127.04729034106873	77.14993709492022	69.48784091184622	40.435037317934935	45.631361405032855	parabolic	box sum	75HisH	75HisN	None	74.0	74.0	102	-0.004889499905363692
76	S	Ser	measured	1.0	6.951861610897197	128.94817894553563	92.22972365886427	6.80091631023518	20.04740706111995	17.10170415864658	parabolic	box sum	76SerH	76SerN	None	75.0	75.0	103	0.007406230954599913
77	D	Asp	measured	1.0	6.284346872365746	127.87315964861747	94.71696684564272	4.639539880131569	36.66750827144233	38.30530850091049	parabolic	box sum	77AspH	77AspN	None	76.0	76.0	104	-9.302193419102878e-05
78	E	Glu	measured	1.0	8.707355848091936	116.50876159877376	14.92914864730994	77.04027910012856	5.945387996983218	38.71096251381649	parabolic	box sum	78GluH	78GluN	None	77.0	77.0	105	-0.01229562406896001
79	H	His	measured	1.0	8.968092123567791	128.87352747138613	32.11372421606731	17.383513416020502	34.800927480674105	24.46629033995556	parabolic	box sum	79HisH	79HisN	None	78.0	78.0	106	0.008434796330817562
80	F	Phe	measured	1.0	9.145171070674056	109.64863731314442	50.69599193831966	93.76782153089842	14.764540128525695	4.882798514311951	parabolic	box sum	80PheH	80PheN	None	79.0	79.0	107	-0.009093381906595255
81	H	His	measured	1.0	8.891087391007854	127.09894190717924	37.187024888793495	102.6809422504681	7.149369997225293	10.73084720765702	parabolic	box sum	81HisH	81HisN	None	80.0	80.0	108	0.0030335755768486905
82	E	Glu	measured	1.0	8.544214417984309	122.51643767313027	81.93598656660755	67.07803664878297	27.19159629512014	7.521126616085031	parabolic	box sum	82GluH	82GluN	None	81.0	81.0	109	-0.0014098199725225413
83	C	Cys	measured	1.0	7.944625390994741	123.5008590329068	46.17770582467647	92.38666738395231	47.134880788272774	21.466935358012226	parabolic	box sum	83CysH	83CysN	None	82.0	82.0	110	0.00026395621022334836
84	D	Asp	measured	1.0	7.302842554026196	121.03382483167124	45.19564470926004	52.83793333603671	19.987640663559443	47.88468650846856	parabolic	box sum	84AspH	84AspN	None	83.0	83.0	111	0.000985403131981144
85	E	Glu	measured	1.0	7.483641175654711	125.44954908333395	64.93220754563265	6.9466995827899884	12.879247751046236	45.33825160950139	parabolic	box sum	85GluH	85GluN	None	84.0	84.0	112	0.004177790275210036
86	Q	Gln	measured	1.0	7.2173664643890545	118.64262923348684	3.2636070076892967	83.57426350340668	37.716443206797045	40.29915631902768	parabolic	box sum	86GlnH	86GlnN	None	85.0	85.0	114	0.004971628095253422
86	Q	Gln	measured	1.0	7.861643454658631	106.448940275408	16.32332613110724	42.83059130190722	21.02103799269668	29.13949640860568	parabolic	box sum	86GlnH2b	86GlnN2b	None	85.0	85.0	115	-0.008190527267566416
86	Q	Gln	measured	1.0	6.871948937743193	106.45742758350436	51.161775866413535	78.19121335159576	27.611517159713483	11.165586654995877	parabolic	box sum	86GlnH2a	86GlnN2a	None	85.0	85.0	113	0.006060936609991963
87	I	Ile	measured	1.0	6.373347798892077	115.17392528945322	18.894596843305088	102.08344494844721	5.5465005258307025	38.84234034268836	parabolic	box sum	87IleH	87IleN	None	86.0	86.0	116	0.0033631503899789195
88	V	Val	measured	1.0	8.654212567515588	126.78482502800136	21.150612105061406	54.69535647416602	32.02511500379529	12.186200058414164	parabolic	box sum	88ValH	88ValN	None	87.0	87.0	117	0.0028371723008753236
89	S	Ser	measured	1.0	9.172666628547756	129.70147751138435	29.901840532466515	16.747889670005925	45.29630796029335	7.19069182369592	parabolic	box sum	89SerH	89SerN	None	88.0	88.0	118	-0.008944621018637022
90	M	Met	measured	1.0	6.963155010881466	108.22994140544137	4.3260700184395295	5.62362840224232	38.44220200223389	36.15455488950275	parabolic	box sum	90MetH	90MetN	None	89.0	89.0	119	0.0003073951944969622
91	C	Cys	measured	1.0	7.3897832908170065	107.61796511068012	28.482572413678387	63.52713276409965	42.44215232438254	29.473843567846234	parabolic	box sum	91CysH	91CysN	None	90.0	90.0	120	-0.014820480878355191
92	I	Ile	measured	1.0	9.834495455937613	112.80440272542805	87.54279064369439	87.0103750870706	13.369115406133131	22.986006964108768	parabolic	box sum	92IleH	92IleN	None	91.0	91.0	121	-0.0043777419866462
93	Y	Tyr	measured	1.0	6.370081828817974	111.08258014547613	9.228525820852491	68.29807750755059	48.71352322400168	6.446118557133901	parabolic	box sum	93TyrH	93TyrN	None	92.0	92.0	122	0.0128161735428165
94	W	Trp	measured	1.0	9.875203063859805	131.8502655831102	10.725066071964005	46.98178507498422	35.864985524500135	5.327246643187476	parabolic	box sum	94TrpH1a	94TrpN1a	None	93.0	93.0	123	-0.01142441198907207
94	W	Trp	measured	1.0	7.797085127807528	124.7841870245277	50.69622045160094	93.81402434929949	10.419139347447619	44.83516313205766	parabolic	box sum	94TrpH	94TrpN	None	93.0	93.0	124	-0.009338817625421214
95	N	Asn	measured	1.0	6.958839948044809	114.16038210309344	99.78527991323251	22.746261787425393	27.793574257765236	16.404281371372388	parabolic	box sum	95AsnH2a	95AsnN2a	None	94.0	94.0	125	-0.0019099904766823883
95	N	Asn	measured	1.0	9.2114695800125	118.35167544025428	30.25525818411591	31.045789400750863	27.879298184864158	9.152563863450712	parabolic	box sum	95AsnH	95AsnN	None	94.0	94.0	126	-0.004527205620927788
95	N	Asn	measured	1.0	7.035633528057095	114.17419082342695	55.07634201853393	35.04963413968627	37.42894157254665	47.95705687374569	parabolic	box sum	95AsnH2b	95AsnN2b	None	94.0	94.0	127	0.0070503427919828
97	L	Leu	measured	1.0	9.113694640049347	110.8562344827668	-0.031366864001598486	56.479116311898785	48.706018875176795	17.088985588630546	parabolic	box sum	97LeuH	97LeuN	None	96.0	96.0	128	0.0014757774687375047
98	M	Met	measured	1.0	8.404320296270216	110.241319362288	39.81177106500094	97.58267424148913	12.111994932096168	25.448669403190195	parabolic	box sum	98MetH	98MetN	None	97.0	97.0	129	-0.00024400235995791775
99	E	Glu	measured	1.0	8.561931803636261	134.2626726746582	47.44301579871334	47.69342119435387	23.771221590542716	10.015430252484359	parabolic	box sum	99GluH	99GluN	None	98.0	98.0	130	-0.0026013765204222494
100	V	Val	measured	1.0	8.587303962701416	120.53418237104208	74.34230357705495	34.85285010265009	37.342800845220985	12.683265250824725	parabolic	box sum	100ValH	100ValN	None	99.0	99.0	131	-0.0024029150365940666
