Res#	1-letter	3-letter	Peak Status	Merit	Position F1	Position F2	Height	Volume	Line Width F1 (Hz)	Line Width F2 (Hz)	Fit Method	Vol. Method	Assign F1	Assign F2	Details	Number	#	index	H1_delta	N15_delta	CSP	Height_ratio	Vol_ratio
1	M	Met	unassigned	0.0	NaN	NaN	NaN	NaN	NaN	NaN	NaN	NaN	1Met	NaN	None	NaN	NaN	NaN	NaN	NaN	NaN	NaN	NaN
2	A	Ala	measured	0.8	8.33797	124.0753	15809400.0	9870440000.0	17.76572	14.242920000000002	lorentzian	peak fit	2Ala	 2AlaN	None	1.0	19.0	0.0	0.0	0.0	0.0	1.0	1.0
3	L	Leu	lost	0.0	NaN	NaN	NaN	NaN	NaN	NaN	NaN	NaN	3Leu	NaN	None	NaN	NaN	NaN	NaN	NaN	NaN	NaN	NaN
4	K	Lys	measured	0.8	7.677060000000001	118.07928000000001	22549200.0	25040000000.0	23.509829999999997	19.14319	lorentzian	peak fit	4Lys	 4LysN	None	2.0	78.0	1.0	0.0	0.0	0.0	1.0	1.0
5	R	Arg	measured	1.0	7.7456	121.28782	14231700.0	12215200000.0	22.44903	15.018120000000001	lorentzian	peak fit	5Arg	 5ArgN	None	3.0	47.0	2.0	0.0	0.0	0.0	1.0	1.0
6	I	Ile	measured	0.9	8.71856	122.44115	10954100.0	9609120000.0	25.43766	14.9305	lorentzian	peak fit	6Ile	 6IleN	None	4.0	30.0	3.0	0.0	0.0	0.0	1.0	1.0
7	Q	Gln	measured	0.9	8.52852	117.41886000000001	18602300.0	15374900000.0	21.141920000000002	15.84399	lorentzian	peak fit	7Gln	 7GlnN	None	5.0	84.0	4.0	0.0	0.0	0.0	1.0	1.0
8	K	Lys	measured	0.9	7.86912	122.4602	18404600.0	15056800000.0	22.48333	14.747010000000001	lorentzian	peak fit	8Lys	 8LysN	None	6.0	29.0	5.0	0.0	0.0	0.0	1.0	1.0
9	E	Glu	measured	0.8	8.62025	119.36603999999998	16657500.0	12607300000.0	19.95775	15.369639999999999	lorentzian	peak fit	9Glu	 9GluN	None	7.0	66.0	6.0	0.0	0.0	0.0	1.0	1.0
10	L	Leu	measured	0.8	8.79245	120.37268999999999	17016800.0	15602400000.0	24.63901	15.08172	lorentzian	peak fit	10Leu	 10LeuN	None	8.0	55.0	7.0	0.0	0.0	0.0	1.0	1.0
11	S	Ser	measured	0.9	8.21867	114.65725	8296520.0	10884900000.0	35.34067	15.06659	lorentzian	peak fit	11Ser	 11SerN	None	9.0	98.0	8.0	0.0	0.0	0.0	1.0	1.0
12	D	Asp	measured	0.7	8.44738	122.36511999999999	22743000.0	14294900000.0	17.87213	14.25335	lorentzian	peak fit	12Asp	 12AspN	None	10.0	31.0	9.0	0.0	0.0	0.0	1.0	1.0
13	L	Leu	measured	0.8	8.2065	122.21558	12936900.0	12846200000.0	24.97559	16.11344	lorentzian	peak fit	13Leu	 13LeuN	None	11.0	34.0	10.0	0.0	0.0	0.0	1.0	1.0
14	Q	Gln	measured	1.0	8.03645	115.06183999999999	19043900.0	16559800000.0	23.12624	15.23889	lorentzian	peak fit	14Gln	 14GlnN	None	12.0	96.0	11.0	0.0	0.0	0.0	1.0	1.0
15	R	Arg	measured	0.8	7.58869	118.24196	7245330.0	10016900000.0	30.570970000000003	18.32845	lorentzian	peak fit	15Arg	 15ArgN	None	13.0	77.0	12.0	0.0	0.0	0.0	1.0	1.0
16	D	Asp	measured	0.8	7.700539999999999	116.91868000000001	17334000.0	17411700000.0	31.01551	13.125670000000001	lorentzian	peak fit	16Asp	 16AspN	None	14.0	123.0	13.0	0.0	0.0	0.0	1.0	1.0
17	P	Pro	unassigned	0.0	NaN	NaN	NaN	NaN	NaN	NaN	NaN	NaN	17Pro	NaN	None	NaN	NaN	NaN	NaN	NaN	NaN	NaN	NaN
18	P	Pro	unassigned	0.0	NaN	NaN	NaN	NaN	NaN	NaN	NaN	NaN	18Pro	NaN	None	NaN	NaN	NaN	NaN	NaN	NaN	NaN	NaN
19	A	Ala	unassigned	0.0	NaN	NaN	NaN	NaN	NaN	NaN	NaN	NaN	19Ala	NaN	None	NaN	NaN	NaN	NaN	NaN	NaN	NaN	NaN
20	H	His	measured	1.0	8.19612	111.50129	7343780.0	7439400000.0	24.68785	16.6301	lorentzian	peak fit	20His	 20HisN	None	15.0	111.0	14.0	0.0	0.0	0.0	1.0	1.0
21	C	Cys	lost	0.0	NaN	NaN	NaN	NaN	NaN	NaN	NaN	NaN	21Cys	NaN	None	NaN	NaN	NaN	NaN	NaN	NaN	NaN	NaN
22	S	Ser	measured	1.0	8.49157	113.47753	6451920.0	7725380000.0	18.84398	15.97901	lorentzian	peak fit	22Ser	 22SerN	None	16.0	106.0	15.0	0.0	0.0	0.0	1.0	1.0
23	A	Ala	measured	0.8	8.272089999999999	121.74475	18437200.0	16176800000.0	21.62967	16.96274	lorentzian	peak fit	23Ala	 23AlaN	None	17.0	40.0	16.0	0.0	0.0	0.0	1.0	1.0
24	G	Gly	measured	1.0	8.047789999999999	103.95358	14200800.0	11693600000.0	21.25375	15.702160000000001	lorentzian	peak fit	24Gly	 24GlyN	None	18.0	116.0	17.0	0.0	0.0	0.0	1.0	1.0
25	P	Pro	unassigned	0.0	NaN	NaN	NaN	NaN	NaN	NaN	NaN	NaN	25Pro	NaN	None	NaN	NaN	NaN	NaN	NaN	NaN	NaN	NaN
26	V	Val	measured	0.7	8.51741	122.29848	22745300.0	19084700000.0	22.677670000000003	15.115910000000001	lorentzian	peak fit	26Val	 26ValN	None	19.0	32.0	18.0	0.0	0.0	0.0	1.0	1.0
27	G	Gly	measured	0.9	8.76673	115.32153000000001	4899960.0	4964860000.0	21.641189999999998	18.97552	lorentzian	peak fit	27Gly	 27GlyN	None	20.0	95.0	19.0	0.0	0.0	0.0	1.0	1.0
28	D	Asp	measured	0.9	8.52655	123.04274	10359500.0	13957500000.0	31.048540000000003	17.58675	lorentzian	peak fit	28Asp	 28AspN	None	21.0	27.0	20.0	0.0	0.0	0.0	1.0	1.0
29	D	Asp	measured	0.7	7.9774	119.71296000000001	11497100.0	16754100000.0	25.008229999999998	23.66809	lorentzian	peak fit	29Asp	 29AspN	None	22.0	63.0	21.0	0.0	0.0	0.0	1.0	1.0
30	L	Leu	measured	0.9	8.69797	125.77703000000001	7110750.0	10566100000.0	21.06656	18.056179999999998	lorentzian	peak fit	30Leu	 30LeuN	None	23.0	11.0	22.0	0.0	0.0	0.0	1.0	1.0
31	F	Phe	measured	1.0	8.419369999999999	112.14788999999999	6270390.0	7771110000.0	26.79247	18.20664	lorentzian	peak fit	31Phe	 31PheN	None	24.0	109.0	23.0	0.0	0.0	0.0	1.0	1.0
32	H	His	measured	0.7	8.013580000000001	119.7649	2750160.0	155834000000.0	346.69742	366.31682	lorentzian	peak fit	32His	 32HisN	None	25.0	118.0	24.0	0.0	0.0	0.0	1.0	1.0
33	W	Trp	measured	1.0	9.72644	123.89871000000001	5098260.0	4841800000.0	21.30152	18.06946	lorentzian	peak fit	33Trp	 33TrpN	None	26.0	21.0	25.0	0.0	0.0	0.0	1.0	1.0
34	Q	Gln	measured	0.8	8.72294	119.43822	7136930.0	8685920000.0	27.79813	17.743920000000003	lorentzian	peak fit	34Gln	 34GlnN	None	27.0	61.0	26.0	0.0	0.0	0.0	1.0	1.0
35	A	Ala	measured	1.0	8.77619	124.09533	12118600.0	12400000000.0	27.674459999999996	14.98466	lorentzian	peak fit	35Ala	 35AlaN	None	28.0	20.0	27.0	0.0	0.0	0.0	1.0	1.0
36	T	Thr	measured	1.0	8.8985	113.78772	10558400.0	12546900000.0	31.613740000000004	15.234210000000001	lorentzian	peak fit	36Thr	 36ThrN	None	29.0	105.0	28.0	0.0	0.0	0.0	1.0	1.0
37	I	Ile	unassigned	0.0	NaN	NaN	NaN	NaN	NaN	NaN	NaN	NaN	37Ile	NaN	None	NaN	NaN	NaN	NaN	NaN	NaN	NaN	NaN
38	M	Met	unassigned	0.0	NaN	NaN	NaN	NaN	NaN	NaN	NaN	NaN	38Met	NaN	None	NaN	NaN	NaN	NaN	NaN	NaN	NaN	NaN
39	G	Gly	measured	1.0	8.98498	108.98263	8605530.0	7544070000.0	23.80876	15.426029999999999	lorentzian	peak fit	39Gly	 39GlyN	None	31.0	114.0	30.0	0.0	0.0	0.0	1.0	1.0
40	P	Pro	unassigned	0.0	NaN	NaN	NaN	NaN	NaN	NaN	NaN	NaN	40Pro	NaN	None	NaN	NaN	NaN	NaN	NaN	NaN	NaN	NaN
41	P	Pro	unassigned	0.0	NaN	NaN	NaN	NaN	NaN	NaN	NaN	NaN	41Pro	NaN	None	NaN	NaN	NaN	NaN	NaN	NaN	NaN	NaN
42	D	Asp	measured	0.9	8.70315	116.06635	12357700.0	10123700000.0	22.21084	14.948529999999998	lorentzian	peak fit	42Asp	 42AspN	None	32.0	89.0	31.0	0.0	0.0	0.0	1.0	1.0
43	S	Ser	measured	1.0	7.91476	114.32506000000001	17802600.0	19084200000.0	25.78774	15.10345	lorentzian	peak fit	43Ser	 43SerN	None	33.0	101.0	32.0	0.0	0.0	0.0	1.0	1.0
44	A	Ala	measured	1.0	9.22637	123.61509	3565180.0	18227600000.0	21.07966	16.52375	lorentzian	peak fit	44Ala	 44AlaN	None	34.0	22.0	33.0	0.0	0.0	0.0	1.0	1.0
45	Y	Tyr	measured	1.0	7.462389999999999	114.61003999999998	9332830.0	9611770000.0	24.671429999999997	16.07572	lorentzian	peak fit	45Tyr	 45TyrN	None	35.0	99.0	34.0	0.0	0.0	0.0	1.0	1.0
46	Q	Gln	measured	1.0	7.18186	121.24386000000001	17335000.0	10356200000.0	16.88117	14.342820000000001	lorentzian	peak fit	46Gln	 46GlnN	None	36.0	48.0	35.0	0.0	0.0	0.0	1.0	1.0
47	G	Gly	measured	1.0	9.19753	115.8496	9488340.0	17632200000.0	46.40276	16.22954	lorentzian	peak fit	47Gly	 47GlyN	None	37.0	91.0	36.0	0.0	0.0	0.0	1.0	1.0
48	G	Gly	measured	1.0	8.3779	106.54435	15993600.0	12350600000.0	22.014310000000002	14.21662	lorentzian	peak fit	48Gly	 48GlyN	None	38.0	115.0	37.0	0.0	0.0	0.0	1.0	1.0
49	V	Val	measured	0.9	8.79456	125.50831000000001	13367100.0	11716000000.0	23.85377	14.67089	lorentzian	peak fit	49Val	 49ValN	None	39.0	12.0	38.0	0.0	0.0	0.0	1.0	1.0
50	F	Phe	measured	0.9	9.0095	124.66906000000002	12637900.0	19299100000.0	30.654790000000002	17.46932	lorentzian	peak fit	50Phe	 50PheN	None	40.0	16.0	39.0	0.0	0.0	0.0	1.0	1.0
51	F	Phe	measured	0.9	9.26624	121.13972	6770670.0	6908800000.0	28.84733	14.335939999999999	lorentzian	peak fit	51Phe	 51PheN	None	41.0	49.0	40.0	0.0	0.0	0.0	1.0	1.0
52	L	Leu	measured	0.9	9.20562	120.79121	10538300.0	12682900000.0	26.29983	14.08673	parabolic	peak fit	52Leu	 52LeuN	None	42.0	51.0	41.0	0.0	0.0	0.0	1.0	1.0
53	T	Thr	measured	1.0	9.15823	113.96112	9161810.0	12200000000.0	32.11305	16.80571	lorentzian	peak fit	53Thr	 53ThrN	None	43.0	103.0	42.0	0.0	0.0	0.0	1.0	1.0
54	V	Val	measured	0.8	8.2625	122.19318	9125250.0	26643800000.0	46.942240000000005	17.55125	lorentzian	peak fit	54Val	 54ValN	None	44.0	35.0	43.0	0.0	0.0	0.0	1.0	1.0
55	H	His	measured	0.8	8.94409	126.19763	8023930.0	11020400000.0	27.127159999999996	19.43325	lorentzian	peak fit	55His	 55HisN	None	45.0	9.0	44.0	0.0	0.0	0.0	1.0	1.0
56	F	Phe	measured	0.9	8.99306	126.39041999999999	4172440.0	43953700000.0	164.95245	16.57917	lorentzian	peak fit	56Phe	 56PheN	None	46.0	8.0	45.0	0.0	0.0	0.0	1.0	1.0
57	P	Pro	unassigned	0.0	NaN	NaN	NaN	NaN	NaN	NaN	NaN	NaN	57Pro	NaN	None	NaN	NaN	NaN	NaN	NaN	NaN	NaN	NaN
58	T	Thr	measured	1.0	8.472389999999999	110.71375	8400820.0	7122970000.0	20.78933	15.46215	lorentzian	peak fit	58Thr	 58ThrN	None	47.0	112.0	46.0	0.0	0.0	0.0	1.0	1.0
59	D	Asp	measured	0.8	8.404639999999999	114.69275	12361300.0	15681000000.0	37.5539	13.690339999999999	lorentzian	peak fit	59Asp	 59AspN	None	48.0	97.0	47.0	0.0	0.0	0.0	1.0	1.0
60	Y	Tyr	measured	0.9	7.5700899999999995	123.40288999999999	16172200.0	12423300000.0	22.52593	15.16799	lorentzian	peak fit	60Tyr	 60TyrN	None	49.0	24.0	48.0	0.0	0.0	0.0	1.0	1.0
61	P	Pro	unassigned	0.0	NaN	NaN	NaN	NaN	NaN	NaN	NaN	NaN	61Pro	NaN	None	NaN	NaN	NaN	NaN	NaN	NaN	NaN	NaN
62	F	Phe	measured	0.5	8.915519999999999	125.94183000000001	7642430.0	66056300.0	30.647140000000004	22.12379	parabolic	box sum	62Phe	 62PheN	None	50.0	119.0	49.0	0.0	0.0	0.0	1.0	1.0
63	K	Lys	measured	0.9	7.04777	118.74305	19755500.0	16486600000.0	24.432479999999998	13.657879999999999	lorentzian	peak fit	63Lys	 63LysN	None	51.0	73.0	50.0	0.0	0.0	0.0	1.0	1.0
64	P	Pro	unassigned	0.0	NaN	NaN	NaN	NaN	NaN	NaN	NaN	NaN	64Pro	NaN	None	NaN	NaN	NaN	NaN	NaN	NaN	NaN	NaN
65	P	Pro	unassigned	0.0	NaN	NaN	NaN	NaN	NaN	NaN	NaN	NaN	65Pro	NaN	None	NaN	NaN	NaN	NaN	NaN	NaN	NaN	NaN
66	K	Lys	measured	0.7	8.32115	120.78431	9470420.0	9927800000.0	27.040229999999998	15.712079999999998	lorentzian	peak fit	66Lys	 66LysN	None	52.0	52.0	51.0	0.0	0.0	0.0	1.0	1.0
67	I	Ile	measured	1.0	8.715010000000001	128.12347	9306000.0	17061200000.0	42.74398	17.3829	lorentzian	peak fit	67Ile	 67IleN	None	53.0	4.0	52.0	0.0	0.0	0.0	1.0	1.0
68	A	Ala	measured	1.0	8.237689999999999	127.70223999999999	16257500.0	16633400000.0	27.31972	14.179770000000001	lorentzian	peak fit	68Ala	 68AlaN	None	54.0	6.0	53.0	0.0	0.0	0.0	1.0	1.0
69	F	Phe	measured	1.0	9.77244	122.2882	7915620.0	10610000000.0	30.980790000000002	17.534660000000002	lorentzian	peak fit	69Phe	 69PheN	None	55.0	33.0	54.0	0.0	0.0	0.0	1.0	1.0
70	T	Thr	measured	1.0	9.595189999999999	116.99696000000002	6426990.0	20267400000.0	36.62957	15.267629999999999	lorentzian	peak fit	70Thr	 70ThrN	None	56.0	86.0	55.0	0.0	0.0	0.0	1.0	1.0
71	T	Thr	measured	0.9	7.561539999999999	121.90296000000001	17799300.0	14250200000.0	21.18335	15.31725	lorentzian	peak fit	71Thr	 71ThrN	None	57.0	38.0	56.0	0.0	0.0	0.0	1.0	1.0
72	K	Lys	measured	1.0	8.54085	128.27725	18676000.0	13219100000.0	20.33288	14.10847	lorentzian	peak fit	72Lys	 72LysN	None	58.0	3.0	57.0	0.0	0.0	0.0	1.0	1.0
73	I	Ile	measured	0.9	8.314680000000001	119.86051	17071400.0	16025200000.0	25.3826	14.98848	lorentzian	peak fit	73Ile	 73IleN	None	59.0	59.0	58.0	0.0	0.0	0.0	1.0	1.0
74	Y	Tyr	measured	1.0	8.66709	131.9557	4755820.0	9530340000.0	46.47013	16.32824	lorentzian	peak fit	74Tyr	 74TyrN	None	60.0	2.0	59.0	0.0	0.0	0.0	1.0	1.0
75	H	His	measured	1.0	8.56921	129.95326	11770100.0	9755440000.0	24.116020000000002	13.92905	lorentzian	peak fit	75His	 75HisN	None	61.0	1.0	60.0	0.0	0.0	0.0	1.0	1.0
76	P	Pro	unassigned	0.0	NaN	NaN	NaN	NaN	NaN	NaN	NaN	NaN	76Pro	NaN	None	NaN	NaN	NaN	NaN	NaN	NaN	NaN	NaN
77	N	Asn	unassigned	0.0	NaN	NaN	NaN	NaN	NaN	NaN	NaN	NaN	77Asn	NaN	None	NaN	NaN	NaN	NaN	NaN	NaN	NaN	NaN
78	I	Ile	measured	1.0	7.09997	120.09083000000001	13219600.0	16244500000.0	25.61466	15.30608	lorentzian	peak fit	78Ile	 78IleN	None	62.0	57.0	61.0	0.0	0.0	0.0	1.0	1.0
79	N	Asn	measured	0.9	7.94958	121.38063999999999	14268200.0	17421400000.0	29.242659999999997	16.92018	lorentzian	peak fit	79Asn	 79AsnN	None	63.0	44.0	62.0	0.0	0.0	0.0	1.0	1.0
80	S	Ser	lost	0.0	NaN	NaN	NaN	NaN	NaN	NaN	NaN	NaN	80Ser	NaN	None	NaN	NaN	NaN	NaN	NaN	NaN	NaN	NaN
81	N	Asn	lost	0.0	NaN	NaN	NaN	NaN	NaN	NaN	NaN	NaN	81Asn	NaN	None	NaN	NaN	NaN	NaN	NaN	NaN	NaN	NaN
82	G	Gly	measured	1.0	8.44315	110.09232	14241500.0	11335500000.0	21.643079999999998	14.878520000000002	lorentzian	peak fit	82Gly	 82GlyN	None	64.0	113.0	63.0	0.0	0.0	0.0	1.0	1.0
83	S	Ser	measured	0.9	7.74737	115.41876	17415300.0	14512300000.0	22.98312	14.6946	lorentzian	peak fit	83Ser	 83SerN	None	65.0	94.0	64.0	0.0	0.0	0.0	1.0	1.0
84	I	Ile	measured	0.9	8.5224	120.13918999999999	12406600.0	17516600000.0	33.271679999999996	16.44539	lorentzian	peak fit	84Ile	 84IleN	None	66.0	56.0	65.0	0.0	0.0	0.0	1.0	1.0
85	C	Cys	measured	1.0	8.619580000000001	127.75289	10701600.0	13598500000.0	23.24042	15.42327	lorentzian	peak fit	85Cys	 85CysN	None	67.0	5.0	66.0	0.0	0.0	0.0	1.0	1.0
86	L	Leu	measured	1.0	7.313339999999999	126.68593999999999	10453400.0	14697400000.0	38.70648	14.58337	lorentzian	peak fit	86Leu	 86LeuN	None	68.0	7.0	67.0	0.0	0.0	0.0	1.0	1.0
87	D	Asp	unassigned	0.0	NaN	NaN	NaN	NaN	NaN	NaN	NaN	NaN	87Asp	NaN	None	NaN	NaN	NaN	NaN	NaN	NaN	NaN	NaN
88	I	Ile	measured	0.9	8.3656	116.36851000000001	3719890.0	22110200000.0	435.58538	19.406470000000002	lorentzian	peak fit	88Ile	 88IleN	None	69.0	88.0	68.0	0.0	0.0	0.0	1.0	1.0
89	L	Leu	measured	1.0	7.1419	113.85726000000001	11786700.0	11836500000.0	26.29614	15.477529999999998	lorentzian	peak fit	89Leu	 89LeuN	None	70.0	104.0	69.0	0.0	0.0	0.0	1.0	1.0
90	R	Arg	measured	0.9	7.9046199999999995	121.34064	19427800.0	24543000000.0	35.66851	14.354170000000002	lorentzian	peak fit	90Arg	 90ArgN	None	71.0	45.0	70.0	0.0	0.0	0.0	1.0	1.0
91	S	Ser	measured	0.5	8.242339999999999	117.68125	23019100.0	16069900000.0	19.40869	15.0665	lorentzian	peak fit	91Ser	 91SerN	None	72.0	79.0	71.0	0.0	0.0	0.0	1.0	1.0
92	Q	Gln	measured	0.8	7.81975	117.62874	11131100.0	12205800000.0	38.99159	15.40666	lorentzian	peak fit	92Gln	 92GlnN	None	73.0	87.0	72.0	0.0	0.0	0.0	1.0	1.0
93	W	Trp	measured	0.9	7.42985	121.30615	16220800.0	11057500000.0	19.63202	13.657860000000001	lorentzian	peak fit	93Trp	 93TrpN	None	74.0	46.0	73.0	0.0	0.0	0.0	1.0	1.0
94	S	Ser	measured	1.0	5.5564	120.90053999999999	18765300.0	14693700000.0	22.750989999999998	13.9488	lorentzian	peak fit	94Ser	 94SerN	None	75.0	50.0	74.0	0.0	0.0	0.0	1.0	1.0
95	P	Pro	unassigned	0.0	NaN	NaN	NaN	NaN	NaN	NaN	NaN	NaN	95Pro	NaN	None	NaN	NaN	NaN	NaN	NaN	NaN	NaN	NaN
96	A	Ala	measured	1.0	7.2342	118.53623	10907200.0	9377730000.0	23.21544	15.593820000000001	lorentzian	peak fit	96Ala	 96AlaN	None	76.0	75.0	75.0	0.0	0.0	0.0	1.0	1.0
97	L	Leu	measured	1.0	7.320110000000001	119.56968	19103700.0	15097400000.0	22.31564	14.35271	lorentzian	peak fit	97Leu	 97LeuN	None	77.0	62.0	76.0	0.0	0.0	0.0	1.0	1.0
98	T	Thr	measured	1.0	6.11374	101.73235	9680930.0	9921320000.0	20.42985	17.14759	lorentzian	peak fit	98Thr	 98ThrN	None	78.0	117.0	77.0	0.0	0.0	0.0	1.0	1.0
99	V	Val	measured	1.0	10.24794	123.55868999999998	8854410.0	8729010000.0	24.759929999999997	16.13682	lorentzian	peak fit	99Val	 99ValN	None	79.0	23.0	78.0	0.0	0.0	0.0	1.0	1.0
100	S	Ser	unassigned	0.0	NaN	NaN	NaN	NaN	NaN	NaN	NaN	NaN	100Ser	NaN	None	NaN	NaN	NaN	NaN	NaN	NaN	NaN	NaN
101	K	Lys	measured	1.0	7.682919999999999	119.91111000000001	8993200.0	8320450000.0	26.626240000000003	14.98644	lorentzian	peak fit	101Lys	 101LysN	None	80.0	58.0	79.0	0.0	0.0	0.0	1.0	1.0
102	V	Val	measured	0.8	8.48996	121.83453999999999	10432900.0	11937700000.0	28.34988	16.57377	lorentzian	peak fit	102Val	 102ValN	None	81.0	39.0	80.0	0.0	0.0	0.0	1.0	1.0
103	L	Leu	measured	0.8	8.91275	119.70833	9640640.0	10501800000.0	27.29895	16.17238	lorentzian	peak fit	103Leu	 103LeuN	None	82.0	65.0	81.0	0.0	0.0	0.0	1.0	1.0
104	L	Leu	measured	0.9	8.1711	120.51046000000001	13682000.0	12730700000.0	22.05067	17.1017	lorentzian	peak fit	104Leu	 104LeuN	None	83.0	54.0	82.0	0.0	0.0	0.0	1.0	1.0
105	S	Ser	measured	0.9	8.078339999999999	117.44321000000001	18648000.0	23974300000.0	26.18903	17.05438	lorentzian	peak fit	105Ser	 105SerN	None	84.0	83.0	83.0	0.0	0.0	0.0	1.0	1.0
106	I	Ile	measured	0.4	8.46263	123.6874	1882440.0	1087980000.0	19.20859	17.884320000000002	lorentzian	peak fit	106Ile	 106IleN	None	85.0	121.0	84.0	0.0	0.0	0.0	1.0	1.0
107	C	Cys	measured	0.8	8.29795	119.18279	13056300.0	10765700000.0	21.206789999999998	15.75826	lorentzian	peak fit	107Cys	 107CysN	None	86.0	68.0	85.0	0.0	0.0	0.0	1.0	1.0
108	S	Ser	measured	0.9	8.156360000000001	114.51807	18007200.0	13567700000.0	20.3119	15.03377	lorentzian	peak fit	108Ser	 108SerN	None	87.0	100.0	86.0	0.0	0.0	0.0	1.0	1.0
109	L	Leu	measured	1.0	7.85628	124.21635	17700200.0	12822100000.0	19.42725	15.472370000000002	lorentzian	peak fit	109Leu	 109LeuN	None	88.0	18.0	87.0	0.0	0.0	0.0	1.0	1.0
110	L	Leu	measured	0.8	8.01869	119.4735	14445600.0	18155400000.0	27.819440000000004	18.31053	lorentzian	peak fit	110Leu	 110LeuN	None	89.0	82.0	88.0	0.0	0.0	0.0	1.0	1.0
111	C	Cys	measured	1.0	7.238180000000001	114.2163	13764100.0	11765900000.0	22.8656	15.15148	lorentzian	peak fit	111Cys	 111CysN	None	90.0	102.0	89.0	0.0	0.0	0.0	1.0	1.0
112	D	Asp	measured	0.9	8.168289999999999	118.90352	17338900.0	17114500000.0	27.758370000000003	14.41143	lorentzian	peak fit	112Asp	 112AspN	None	91.0	69.0	90.0	0.0	0.0	0.0	1.0	1.0
113	P	Pro	unassigned	0.0	NaN	NaN	NaN	NaN	NaN	NaN	NaN	NaN	113Pro	NaN	None	NaN	NaN	NaN	NaN	NaN	NaN	NaN	NaN
114	N	Asn	measured	1.0	8.61198	115.46933999999999	12331400.0	13396500000.0	30.83227	14.28004	lorentzian	peak fit	114Asn	 114AsnN	None	92.0	93.0	91.0	0.0	0.0	0.0	1.0	1.0
115	P	Pro	unassigned	0.0	NaN	NaN	NaN	NaN	NaN	NaN	NaN	NaN	115Pro	NaN	None	NaN	NaN	NaN	NaN	NaN	NaN	NaN	NaN
116	D	Asp	measured	0.8	7.67656	118.0671	22549200.0	25040000000.0	23.509829999999997	19.14319	lorentzian	peak fit	116Asp	 116AspN	None	93.0	120.0	92.0	0.0	0.0	0.0	1.0	1.0
117	D	Asp	measured	1.0	6.70569	118.38355	16319900.0	17584800000.0	32.53034	13.152779999999998	lorentzian	peak fit	117Asp	 117AspN	None	94.0	76.0	93.0	0.0	0.0	0.0	1.0	1.0
118	P	Pro	unassigned	0.0	NaN	NaN	NaN	NaN	NaN	NaN	NaN	NaN	118Pro	NaN	None	NaN	NaN	NaN	NaN	NaN	NaN	NaN	NaN
119	L	Leu	measured	0.8	8.60058	118.87053	8354120.0	14434300000.0	41.74025	16.77644	lorentzian	peak fit	119Leu	 119LeuN	None	95.0	71.0	94.0	0.0	0.0	0.0	1.0	1.0
120	V	Val	measured	0.8	7.5647899999999995	118.57184	11467800.0	15241500000.0	35.60674	15.127720000000002	lorentzian	peak fit	120Val	 120ValN	None	96.0	74.0	95.0	0.0	0.0	0.0	1.0	1.0
121	P	Pro	unassigned	0.0	NaN	NaN	NaN	NaN	NaN	NaN	NaN	NaN	121Pro	NaN	None	NaN	NaN	NaN	NaN	NaN	NaN	NaN	NaN
122	D	Asp	unassigned	0.0	NaN	NaN	NaN	NaN	NaN	NaN	NaN	NaN	122Asp	NaN	None	NaN	NaN	NaN	NaN	NaN	NaN	NaN	NaN
123	I	Ile	measured	0.9	6.904310000000001	118.92306	12886700.0	11779600000.0	22.18758	15.6525	lorentzian	peak fit	123Ile	 123IleN	None	97.0	70.0	96.0	0.0	0.0	0.0	1.0	1.0
124	A	Ala	measured	0.9	7.75318	121.97356	18092600.0	11790800000.0	18.48646	14.28725	lorentzian	peak fit	124Ala	 124AlaN	None	98.0	37.0	97.0	0.0	0.0	0.0	1.0	1.0
125	Q	Gln	measured	1.0	7.99868	115.52218	24389700.0	16071000000.0	18.35983	14.545589999999999	lorentzian	peak fit	125Gln	 125GlnN	None	99.0	92.0	98.0	0.0	0.0	0.0	1.0	1.0
126	I	Ile	measured	0.9	7.554410000000001	122.18364	18871300.0	14746000000.0	22.08699	14.338220000000002	lorentzian	peak fit	126Ile	 126IleN	None	100.0	36.0	99.0	0.0	0.0	0.0	1.0	1.0
127	Y	Tyr	measured	0.9	8.501669999999999	119.18256000000001	14945400.0	11554700000.0	18.445529999999998	15.36391	lorentzian	peak fit	127Tyr	 127TyrN	None	101.0	67.0	100.0	0.0	0.0	0.0	1.0	1.0
128	K	Lys	measured	1.0	7.659330000000001	112.04931	16510300.0	13313900000.0	20.706310000000002	15.78364	lorentzian	peak fit	128Lys	 128LysN	None	102.0	110.0	101.0	0.0	0.0	0.0	1.0	1.0
129	S	Ser	measured	1.0	7.88315	112.69113999999999	18085400.0	16270300000.0	25.58821	14.24913	lorentzian	peak fit	129Ser	 129SerN	None	103.0	107.0	102.0	0.0	0.0	0.0	1.0	1.0
130	D	Asp	measured	0.9	9.03991	124.77966	19669400.0	19053100000.0	26.475479999999997	14.828389999999999	lorentzian	peak fit	130Asp	 130AspN	None	104.0	14.0	103.0	0.0	0.0	0.0	1.0	1.0
131	K	Lys	measured	0.9	8.66228	125.24275	18679300.0	13372300000.0	19.08406	15.20315	lorentzian	peak fit	131Lys	 131LysN	None	105.0	13.0	104.0	0.0	0.0	0.0	1.0	1.0
132	E	Glu	measured	0.5	8.242339999999999	117.68125	23019100.0	16070000000.0	19.40869	15.0665	lorentzian	peak fit	132Glu	 132GluN	None	106.0	122.0	105.0	0.0	0.0	0.0	1.0	1.0
133	K	Lys	measured	0.9	7.60496	123.22317	22779100.0	15061700000.0	18.56662	14.433329999999998	lorentzian	peak fit	133Lys	 133LysN	None	107.0	25.0	106.0	0.0	0.0	0.0	1.0	1.0
134	Y	Tyr	measured	0.8	8.23584	118.77322	15159400.0	10818900000.0	18.68139	15.48298	lorentzian	peak fit	134Tyr	 134TyrN	None	108.0	72.0	107.0	0.0	0.0	0.0	1.0	1.0
135	N	Asn	measured	1.0	8.652510000000001	117.4922	16177400.0	12190800000.0	20.4137	14.961	lorentzian	peak fit	135Asn	 135AsnN	None	109.0	81.0	108.0	0.0	0.0	0.0	1.0	1.0
136	R	Arg	measured	0.9	7.886489999999999	120.59357	21957500.0	14230900000.0	18.5298	14.17552	lorentzian	peak fit	136Arg	 136ArgN	None	110.0	53.0	109.0	0.0	0.0	0.0	1.0	1.0
137	H	His	measured	0.8	7.9755199999999995	119.54925	20757100.0	17820100000.0	20.448620000000002	17.01521	lorentzian	peak fit	137His	 137HisN	None	111.0	80.0	110.0	0.0	0.0	0.0	1.0	1.0
138	A	Ala	measured	1.0	8.53806	121.45467	19198900.0	14875400000.0	19.68698	15.950460000000001	lorentzian	peak fit	138Ala	 138AlaN	None	112.0	43.0	111.0	0.0	0.0	0.0	1.0	1.0
139	R	Arg	measured	1.0	8.50222	121.54541	21567100.0	18770500000.0	20.73607	15.36396	lorentzian	peak fit	139Arg	 139ArgN	None	113.0	42.0	112.0	0.0	0.0	0.0	1.0	1.0
140	E	Glu	lost	0.0	NaN	NaN	NaN	NaN	NaN	NaN	NaN	NaN	140Glu	NaN	None	NaN	NaN	NaN	NaN	NaN	NaN	NaN	NaN
141	W	Trp	measured	1.0	9.28618	119.69247	11308500.0	10132300000.0	22.8023	15.92504	lorentzian	peak fit	141Trp	 141TrpN	None	114.0	60.0	113.0	0.0	0.0	0.0	1.0	1.0
142	T	Thr	lost	0.0	NaN	NaN	NaN	NaN	NaN	NaN	NaN	NaN	142Thr	NaN	None	NaN	NaN	NaN	NaN	NaN	NaN	NaN	NaN
143	Q	Gln	measured	0.9	8.09153	119.53636000000002	19619100.0	16094000000.0	22.3289	14.889370000000001	lorentzian	peak fit	143Gln	 143GlnN	None	115.0	64.0	114.0	0.0	0.0	0.0	1.0	1.0
144	K	Lys	measured	1.0	7.9058	116.00385	23260500.0	15786200000.0	19.0535	14.435920000000001	lorentzian	peak fit	144Lys	 144LysN	None	116.0	90.0	115.0	0.0	0.0	0.0	1.0	1.0
145	Y	Tyr	measured	1.0	7.98508	112.4634	14639700.0	14737100000.0	28.691309999999998	14.21959	lorentzian	peak fit	145Tyr	 145TyrN	None	117.0	108.0	116.0	0.0	0.0	0.0	1.0	1.0
146	A	Ala	measured	1.0	8.21593	123.12626000000002	15035100.0	15815200000.0	28.48005	14.96885	lorentzian	peak fit	146Ala	 146AlaN	None	118.0	26.0	117.0	0.0	0.0	0.0	1.0	1.0
147	M	Met	measured	1.0	7.24775	122.60387	28931300.0	22401200000.0	24.35771	12.88331	lorentzian	peak fit	147Met	 147MetN	None	119.0	28.0	118.0	0.0	0.0	0.0	1.0	1.0
