{
    "bar_plot_settings": {
        "bar_alpha": null, 
        "bar_color_user_details_flag": null, 
        "bar_linewidth": null, 
        "bar_lost_color": null, 
        "bar_mark_fontsize": null, 
        "bar_mark_prolines_flag": null, 
        "bar_mark_prolines_symbol": null, 
        "bar_mark_user_details_flag": null, 
        "bar_measured_color": null,
        "bar_status_color_flag": null, 
        "bar_threshold_alpha": null, 
        "bar_threshold_color": null,
        "bar_threshold_flag": null, 
        "bar_threshold_linewidth": null, 
        "bar_unassigned_color": null, 
        "bar_width": null
    }, 
    "compact_bar_settings": {
        "comp_bar_color_measured": null, 
        "comp_bar_cols_page": null, 
        "comp_bar_rows_page": null, 
        "comp_bar_unassigned_shade": null, 
        "comp_bar_unassigned_shade_alpha": null, 
        "comp_bar_x_ticks_fn": null,
        "comp_bar_x_ticks_weight": null,
        "comp_bar_x_ticks_fs": null, 
        "comp_bar_x_ticks_pad": null, 
        "comp_bar_x_ticks_rot": null, 
        "do_comp_bar": null
    }, 
    "cs_scatter_flower_settings": {
        "cs_scatter_flower_color_end": null, 
        "cs_scatter_flower_color_grad": null, 
        "cs_scatter_flower_color_list": [], 
        "cs_scatter_flower_color_start": null, 
        "cs_scatter_flower_mksize": null, 
        "cs_scatter_flower_x_label": null, 
        "cs_scatter_flower_x_label_fn": null,
        "cs_scatter_flower_x_label_fs": null, 
        "cs_scatter_flower_x_label_pad": null, 
        "cs_scatter_flower_x_label_weight": null,
        "cs_scatter_flower_x_ticks_fn": null,
        "cs_scatter_flower_x_ticks_fs": null, 
        "cs_scatter_flower_x_ticks_pad": null, 
        "cs_scatter_flower_x_ticks_rot": null, 
        "cs_scatter_flower_x_ticks_weight": null, 
        "cs_scatter_flower_y_label": null,
        "cs_scatter_flower_y_label_fn": null,
        "cs_scatter_flower_y_label_fs": null, 
        "cs_scatter_flower_y_label_pad": null, 
        "cs_scatter_flower_y_label_weight": null,
        "cs_scatter_flower_y_ticks_fn": null,
        "cs_scatter_flower_y_ticks_fs": null, 
        "cs_scatter_flower_y_ticks_pad": null, 
        "cs_scatter_flower_y_ticks_rot": null, 
        "cs_scatter_flower_y_ticks_weight": null
    }, 
    "cs_scatter_settings": {
        "cs_scatter_cols_page": null, 
        "cs_scatter_hide_lost": null, 
        "cs_scatter_markers": [
            "^", 
            ">", 
            "v", 
            "<", 
            "s", 
            "p", 
            "h", 
            "8", 
            "*", 
            "D"
        ], 
        "cs_scatter_mk_color": null, 
        "cs_scatter_mk_edge_lost": null, 
        "cs_scatter_mk_edgecolors": null, 
        "cs_scatter_mk_end_color": null, 
        "cs_scatter_mk_lost_color": null, 
        "cs_scatter_mk_start_color": null, 
        "cs_scatter_mk_type": null, 
        "cs_scatter_mksize": null, 
        "cs_scatter_rows_page": null, 
        "cs_scatter_scale": null, 
        "cs_scatter_x_label": null, 
        "cs_scatter_y_label": null, 
        "do_cs_scatter": null
    }, 
    "cs_settings": {
        "cs_correction_res_ref": null, 
        "perform_cs_correction": null
    }, 
    "csp_settings": {
        "cs_lost": null, 
        "csp_res4alpha": null, 
        "csp_res_exceptions": null
    }, 
    "dpre_osci_settings": {
        "do_dpre": null, 
        "dpre_osci_color_end": null, 
        "dpre_osci_color_init": null, 
        "dpre_osci_dpre_alpha": null, 
        "dpre_osci_dpre_ms": null, 
        "dpre_osci_grid_color": null, 
        "dpre_osci_ref_color": null, 
        "dpre_osci_res_highlight": [],
        "dpre_osci_res_shade": null, 
        "dpre_osci_rh_fs": null, 
        "dpre_osci_rh_y": null, 
        "dpre_osci_smooth_lw": null, 
        "dpre_osci_title_fn": null, 
        "dpre_osci_title_fs": null, 
        "dpre_osci_title_y": null, 
        "dpre_osci_width": null, 
        "dpre_osci_x_ticks_fn": null, 
        "dpre_osci_x_ticks_fs": null, 
        "dpre_osci_y_label_fn": null, 
        "dpre_osci_y_label_fs": null, 
        "dpre_osci_y_label_pad": null, 
        "dpre_osci_y_label_weight": null, 
        "dpre_osci_y_ticks_fs": null, 
        "dpre_osci_y_ticks_len": null, 
        "dpre_osci_y_ticks_pad": null
    }, 
    "extended_bar_settings": {
        "do_ext_bar": null, 
        "ext_bar_cols_page": null, 
        "ext_bar_rows_page": null, 
        "ext_bar_x_ticks_color_flag": null, 
        "ext_bar_x_ticks_fn": null, 
        "ext_bar_x_ticks_fs": null,
        "ext_bar_x_ticks_pad": null, 
        "ext_bar_x_ticks_rot": null, 
        "ext_bar_x_ticks_weight": null
    }, 
    "fasta_settings": {
        "FASTAstart": null, 
        "applyFASTA": null
    }, 
    "fitting_settings": {
        "do_titvar1": null, 
        "do_titvar2": null, 
        "do_titvar3": null, 
        "expand_lost_yy": null, 
        "expand_lost_zz": null, 
        "fit_line_color": null, 
        "fit_line_width": null, 
        "include_user_annotations": null, 
        "perform_comparisons": null, 
        "perform_controls": null, 
        "perform_resevo_fitting": null
    }, 
    "general_settings": {
        "chimera_att_select_format":null, 
        "fig_dpi": null, 
        "fig_file_type": null, 
        "fig_height": null, 
        "fig_width": null, 
        "has_sidechains": null, 
        "logfile_name": null, 
        "spectrum_path": null, 
        "use_sidechains": null
    }, 
    "heat_map_settings": {
        "do_heat_map": null, 
        "heat_map_bottom_margin": null, 
        "heat_map_cbar_font_size": null, 
        "heat_map_right_margin": null, 
        "heat_map_rows": null, 
        "heat_map_top_margin": null, 
        "heat_map_vmax": null, 
        "heat_map_vmin": null, 
        "heat_map_x_tick_pad": null, 
        "heat_map_x_ticks_fn": null,
        "heat_map_x_ticks_fs": null,
        "heat_map_x_ticks_rot": null, 
        "heat_map_y_label_fn": null,
        "heat_map_y_label_fs": null, 
        "heat_map_y_label_pad": null, 
        "heat_map_y_label_weight": null
    }, 
    "plots_CSP_settings": {
        "calccol_name_CSP": null, 
        "plots_CSP": null, 
        "yy_label_CSP": null, 
        "yy_scale_CSP": null
    }, 
    "plots_Height_ratio_settings": {
        "calccol_name_Height_ratio": null, 
        "plots_Height_ratio": null, 
        "yy_label_Height_ratio": null,
        "yy_scale_Height_ratio": null
    }, 
    "plots_PosF1_settings": {
        "calccol_name_PosF1_delta": null, 
        "plots_PosF1_delta": null, 
        "yy_label_PosF1_delta": null, 
        "yy_scale_PosF1_delta": null
    }, 
    "plots_PosF2_settings": {
        "calccol_name_PosF2_delta": null, 
        "plots_PosF2_delta": null, 
        "yy_label_PosF2_delta": null, 
        "yy_scale_PosF2_delta": null
    }, 
    "plots_Volume_ratio_settings": {
        "calccol_name_Volume_ratio": null, 
        "plots_Volume_ratio": null, 
        "yy_label_Volume_ratio": null, 
        "yy_scale_Volume_ratio": null
    }, 
    "pre_settings": {
        "apply_PRE_analysis": null, 
        "apply_smooth": null, 
        "d_pre_rows": null, 
        "d_pre_y_label": null, 
        "d_pre_y_max": null, 
        "gauss_x_size": null, 
        "gaussian_stdev": null, 
        "pre_color": null, 
        "pre_lw": null, 
        "tag_color": null, 
        "tag_ls": null, 
        "tag_lw": null
    }, 
    "res_evo_settings": {
        "do_res_evo": null, 
        "res_evo_cols_page": null,
        "res_evo_x_ticks_nbins": null,
        "res_evo_fill_alpha": null, 
        "res_evo_fill_between": null, 
        "res_evo_fill_color": null, 
        "res_evo_fit_line_color": null, 
        "res_evo_fit_line_style": null, 
        "res_evo_fit_line_width": null, 
        "res_evo_line_color": null, 
        "res_evo_line_style": null, 
        "res_evo_line_width": null, 
        "res_evo_marker_color": null, 
        "res_evo_marker_size": null, 
        "res_evo_marker_style": null, 
        "res_evo_rows_page": null, 
        "res_evo_set_x_values": null, 
        "res_evo_x_label": null
    }, 
    "revo_settings": {
        "revo_subtitle_fn": null,
        "revo_subtitle_fs": null, 
        "revo_subtitle_pad": null, 
        "revo_subtitle_weight": null,
        "revo_x_label_fn": null,
        "revo_x_label_fs": null,
        "revo_x_label_pad": null, 
        "revo_x_label_weight": null,
        "revo_x_ticks_fn": null,
        "revo_x_ticks_fs": null, 
        "revo_x_ticks_pad": null, 
        "revo_x_ticks_rot": null, 
        "revo_x_ticks_weight": null, 
        "revo_y_label_fn": null,
        "revo_y_label_fs": null,
        "revo_y_label_pad": null, 
        "revo_y_label_weight": null,
        "revo_y_ticks_fn": null,
        "revo_y_ticks_fs": null, 
        "revo_y_ticks_pad": null, 
        "revo_y_ticks_rot": null, 
        "revo_y_ticks_weight": null,
        "titration_x_values": []

    }, 
    "titration_plot_settings": {
        "tplot_subtitle_fn": null,
        "tplot_subtitle_fs": null, 
        "tplot_subtitle_pad": null, 
        "tplot_subtitle_weight": null,
        "tplot_vspace": null, 
        "tplot_x_label_fn": null,
        "tplot_x_label_fs": null, 
        "tplot_x_label_pad": null, 
        "tplot_x_label_weight": null,
        "tplot_x_ticks_len": null, 
        "tplot_x_ticks_pad": null, 
        "tplot_y_grid_alpha": null, 
        "tplot_y_grid_color": null,
        "tplot_y_grid_flag": null, 
        "tplot_y_grid_linestyle": null, 
        "tplot_y_grid_linewidth": null, 
        "tplot_y_label_fn": null,
        "tplot_y_label_fs": null, 
        "tplot_y_label_pad": null, 
        "tplot_y_label_weight": null,
        "tplot_y_ticks_fn": null,
        "tplot_y_ticks_fs": null, 
        "tplot_y_ticks_len": null, 
        "tplot_y_ticks_pad": null, 
        "tplot_y_ticks_rot": null, 
        "tplot_y_ticks_weight": null
    }, 
    "user_mark_settings": {
    }, 
    "vert_bar_settings": {
        "do_vert_bar": null, 
        "vert_bar_cols_page": null, 
        "vert_bar_rows_page": null
    }
}
