{
    "bar_plot_settings": {
        "bar_alpha": 1, 
        "bar_color_user_details_flag": false, 
        "bar_linewidth": 0, 
        "bar_lost_color": "#ff0000",
        "bar_mark_fontsize": 3, 
        "bar_mark_prolines_flag": true, 
        "bar_mark_prolines_symbol": "P", 
        "bar_mark_user_details_flag": false, 
        "bar_measured_color": "#000000",
        "bar_status_color_flag": true, 
        "bar_threshold_alpha": 0.8, 
        "bar_threshold_color": "red", 
        "bar_threshold_flag": true, 
        "bar_threshold_linewidth": 0.5, 
        "bar_unassigned_color": "#e7e7e7",
        "bar_width": 0.6
    }, 
    "compact_bar_settings": {
        "comp_bar_color_measured": "#000000",
        "comp_bar_cols_page": 3, 
        "comp_bar_rows_page": 5, 
        "comp_bar_unassigned_shade": true, 
        "comp_bar_unassigned_shade_alpha": 0.5, 
        "comp_bar_x_ticks_fn": "Arial",
        "comp_bar_x_ticks_weight": "normal",
        "comp_bar_x_ticks_fs": 8, 
        "comp_bar_x_ticks_pad": 2, 
        "comp_bar_x_ticks_rot": 0, 
        "do_comp_bar": true
    }, 
    "cs_scatter_flower_settings": {
        "cs_scatter_flower_color_end": "#000000", 
        "cs_scatter_flower_color_grad": true, 
        "cs_scatter_flower_color_list": [], 
        "cs_scatter_flower_color_start": "#e7e7e7", 
        "cs_scatter_flower_mksize": 8, 
        "cs_scatter_flower_x_label": "1H (ppm)", 
        "cs_scatter_flower_x_label_fn": "Arial", 
        "cs_scatter_flower_x_label_fs": 10, 
        "cs_scatter_flower_x_label_pad": 2, 
        "cs_scatter_flower_x_label_weight": "normal", 
        "cs_scatter_flower_x_ticks_fn": "Arial", 
        "cs_scatter_flower_x_ticks_fs": 8, 
        "cs_scatter_flower_x_ticks_pad": 1, 
        "cs_scatter_flower_x_ticks_rot": 0, 
        "cs_scatter_flower_x_ticks_weight": 1, 
        "cs_scatter_flower_y_label": "15N (ppm)", 
        "cs_scatter_flower_y_label_fn": "Arial", 
        "cs_scatter_flower_y_label_fs": 10, 
        "cs_scatter_flower_y_label_pad": 2, 
        "cs_scatter_flower_y_label_weight": "normal", 
        "cs_scatter_flower_y_ticks_fn": "Arial", 
        "cs_scatter_flower_y_ticks_fs": 8, 
        "cs_scatter_flower_y_ticks_pad": 1, 
        "cs_scatter_flower_y_ticks_rot": 0, 
        "cs_scatter_flower_y_ticks_weight": 1
    }, 
    "cs_scatter_settings": {
        "cs_scatter_cols_page": 5, 
        "cs_scatter_hide_lost": false, 
        "cs_scatter_markers": [
            "^", 
            ">", 
            "v", 
            "<", 
            "s", 
            "p", 
            "h", 
            "8", 
            "*", 
            "D"
        ], 
        "cs_scatter_mk_color": "#999999",
        "cs_scatter_mk_edge_lost": "#ff0000",
        "cs_scatter_mk_edgecolors": "#000000",
        "cs_scatter_mk_end_color": "#000000", 
        "cs_scatter_mk_lost_color": "#ff0000",
        "cs_scatter_mk_start_color": "#e7e7e7",
        "cs_scatter_mk_type": "color", 
        "cs_scatter_mksize": 20, 
        "cs_scatter_rows_page": 7, 
        "cs_scatter_scale": 0.01, 
        "cs_scatter_x_label": "1H (ppm)", 
        "cs_scatter_y_label": "15N (ppm)", 
        "do_cs_scatter": true
    }, 
    "cs_settings": {
        "cs_correction_res_ref": 76, 
        "perform_cs_correction": false
    }, 
    "csp_settings": {
        "cs_lost": "'prev'", 
        "csp_res4alpha": 0.14, 
        "csp_res_exceptions": "{'G': 0.2}"
    }, 
    "dpre_osci_settings": {
        "do_dpre": true, 
        "dpre_osci_color_end": "#0000ff", 
        "dpre_osci_color_init": "#ff00ff", 
        "dpre_osci_dpre_alpha": 0.5, 
        "dpre_osci_dpre_ms": 2, 
        "dpre_osci_grid_color": "#999999",
        "dpre_osci_ref_color": "#000000",
        "dpre_osci_res_highlight": [
            [
                24, 
                1.5
            ], 
            [
                37, 
                3
            ], 
            [
                3, 
                1.5
            ], 
            [
                65, 
                6
            ]
        ], 
        "dpre_osci_res_shade": false, 
        "dpre_osci_rh_fs": 4, 
        "dpre_osci_rh_y": 0.9, 
        "dpre_osci_smooth_lw": 1, 
        "dpre_osci_title_fn": "Arial", 
        "dpre_osci_title_fs": 6, 
        "dpre_osci_title_y": 1, 
        "dpre_osci_width": 3, 
        "dpre_osci_x_ticks_fn": "Arial", 
        "dpre_osci_x_ticks_fs": 5, 
        "dpre_osci_y_label_fn": "Arial", 
        "dpre_osci_y_label_fs": 6, 
        "dpre_osci_y_label_pad": 1, 
        "dpre_osci_y_label_weight": "normal", 
        "dpre_osci_y_ticks_fs": 4, 
        "dpre_osci_y_ticks_len": 1, 
        "dpre_osci_y_ticks_pad": 1
    }, 
    "extended_bar_settings": {
        "do_ext_bar": true, 
        "ext_bar_cols_page": 5, 
        "ext_bar_rows_page": 10, 
        "ext_bar_x_ticks_color_flag": true, 
        "ext_bar_x_ticks_fn": "monospace", 
        "ext_bar_x_ticks_fs": 6, 
        "ext_bar_x_ticks_pad": 2, 
        "ext_bar_x_ticks_rot": 90, 
        "ext_bar_x_ticks_weight": "normal"
    }, 
    "fasta_settings": {
        "FASTAstart": 1, 
        "applyFASTA": true
    }, 
    "fitting_settings": {
        "do_titvar1": true, 
        "do_titvar2": true, 
        "do_titvar3": true, 
        "expand_lost_yy": false, 
        "expand_lost_zz": false, 
        "fit_line_color": "#000000",
        "fit_line_width": 1, 
        "include_user_annotations": false, 
        "perform_comparisons": true, 
        "perform_controls": true, 
        "perform_resevo_fitting": false
    }, 
    "general_settings": {
        "chimera_att_select_format": ":", 
        "fig_dpi": 300, 
        "fig_file_type": "pdf", 
        "fig_height": 11.69, 
        "fig_width": 8.69, 
        "has_sidechains": false, 
        "logfile_name": "file.log", 
        "spectrum_path": "sys.argv[1]", 
        "use_sidechains": false
    }, 
    "heat_map_settings": {
        "do_heat_map": true, 
        "heat_map_bottom_margin": 0.5, 
        "heat_map_cbar_font_size": 4, 
        "heat_map_right_margin": 0.2, 
        "heat_map_rows": 20, 
        "heat_map_top_margin": 0.9, 
        "heat_map_vmax": 0.7, 
        "heat_map_vmin": 0.2, 
        "heat_map_x_tick_pad": 1, 
        "heat_map_x_ticks_fn": "Arial", 
        "heat_map_x_ticks_fs": 6, 
        "heat_map_x_ticks_rot": 0, 
        "heat_map_y_label_fn": "Arial", 
        "heat_map_y_label_fs": 3, 
        "heat_map_y_label_pad": 2, 
        "heat_map_y_label_weight": "bold"
    }, 
    "plots_CSP_settings": {
        "calccol_name_CSP": "CSP", 
        "plots_CSP": true, 
        "yy_label_CSP": "CSPs (ppm)", 
        "yy_scale_CSP": 0.1
    }, 
    "plots_Height_ratio_settings": {
        "calccol_name_Height_ratio": "Height_ratio", 
        "plots_Height_ratio": true, 
        "yy_label_Height_ratio": "Hi/H0", 
        "yy_scale_Height_ratio": 1.5
    }, 
    "plots_PosF1_settings": {
        "calccol_name_PosF1_delta": "H1_delta", 
        "plots_PosF1_delta": true, 
        "yy_label_PosF1_delta": "ppm", 
        "yy_scale_PosF1_delta": 0.1
    }, 
    "plots_PosF2_settings": {
        "calccol_name_PosF2_delta": "N15_delta", 
        "plots_PosF2_delta": true, 
        "yy_label_PosF2_delta": "ppm", 
        "yy_scale_PosF2_delta": 0.25
    }, 
    "plots_Volume_ratio_settings": {
        "calccol_name_Volume_ratio": "Vol_ratio", 
        "plots_Volume_ratio": true, 
        "yy_label_Volume_ratio": "Vi/V0", 
        "yy_scale_Volume_ratio": 1.5
    }, 
    "pre_settings": {
        "apply_PRE_analysis": false, 
        "apply_smooth": true, 
        "d_pre_rows": 10, 
        "d_pre_y_label": "r'$\\Delta$PRE$_(rc-exp)$'", 
        "d_pre_y_max": 1, 
        "gauss_x_size": 7, 
        "gaussian_stdev": 1, 
        "pre_color": "'#ff0000'",
        "pre_lw": 1, 
        "tag_color": "'#0000ff'",
        "tag_ls": "'-'", 
        "tag_lw": 0.3
    }, 
    "res_evo_settings": {
        "do_res_evo": true, 
        "res_evo_cols_page": 5, 
        "res_evo_fill_alpha": 0.5,
        "res_evo_x_ticks_nbins": 5,
        "res_evo_fill_between": true, 
        "res_evo_fill_color": "ff0080",
        "res_evo_fit_line_color": "#000000",
        "res_evo_fit_line_style": "-", 
        "res_evo_fit_line_width": 1, 
        "res_evo_line_color": "r", 
        "res_evo_line_style": "-", 
        "res_evo_line_width": 1, 
        "res_evo_marker_color": "#8b0000",
        "res_evo_marker_size": 3, 
        "res_evo_marker_style": "o", 
        "res_evo_rows_page": 8, 
        "res_evo_set_x_values": true, 
        "res_evo_x_label": "[RNF125]"
    }, 
    "revo_settings": {
        "revo_subtitle_fn": "Arial", 
        "revo_subtitle_fs": 8, 
        "revo_subtitle_pad": 0.98, 
        "revo_subtitle_weight": "normal", 
        "revo_x_label_fn": "Arial", 
        "revo_x_label_fs": 6, 
        "revo_x_label_pad": 2, 
        "revo_x_label_weight": "normal", 
        "revo_x_ticks_fn": "Arial", 
        "revo_x_ticks_fs": 5, 
        "revo_x_ticks_pad": 1, 
        "revo_x_ticks_rot": 30, 
        "revo_x_ticks_weight": 1, 
        "revo_y_label_fn": "Arial", 
        "revo_y_label_fs": 6, 
        "revo_y_label_pad": 2, 
        "revo_y_label_weight": "normal", 
        "revo_y_ticks_fn": "Arial", 
        "revo_y_ticks_fs": 5, 
        "revo_y_ticks_pad": 1, 
        "revo_y_ticks_rot": 0, 
        "revo_y_ticks_weight": 1
    }, 
    "titration_plot_settings": {
        "tplot_subtitle_fn": "Arial", 
        "tplot_subtitle_fs": 8, 
        "tplot_subtitle_pad": 0.99, 
        "tplot_subtitle_weight": "normal", 
        "tplot_vspace": 0.5, 
        "tplot_x_label_fn": "Arial", 
        "tplot_x_label_fs": 8, 
        "tplot_x_label_pad": 2, 
        "tplot_x_label_weight": "bold", 
        "tplot_x_ticks_len": 2, 
        "tplot_x_ticks_pad": 2, 
        "tplot_y_grid_alpha": 0.8, 
        "tplot_y_grid_color": "e7e7e7",
        "tplot_y_grid_flag": true, 
        "tplot_y_grid_linestyle": "-", 
        "tplot_y_grid_linewidth": 0.2, 
        "tplot_y_label_fn": "Arial", 
        "tplot_y_label_fs": 8, 
        "tplot_y_label_pad": 3, 
        "tplot_y_label_weight": "bold", 
        "tplot_y_ticks_fn": "Arial", 
        "tplot_y_ticks_fs": 5, 
        "tplot_y_ticks_len": 2, 
        "tplot_y_ticks_pad": 1, 
        "tplot_y_ticks_rot": 0, 
        "tplot_y_ticks_weight": "normal"
    }, 
    "user_mark_settings": {
        "H0": "V", 
        "V0": "H", 
        "low": "L", 
        "p1": "1", 
        "p10": "10", 
        "p2": "2", 
        "p3": "3", 
        "p4": "4", 
        "p5": "5", 
        "p6": "6", 
        "p7": "7", 
        "p8": "8", 
        "p9": "9", 
        "z": "z"
    }, 
    "vert_bar_settings": {
        "do_vert_bar": true, 
        "vert_bar_cols_page": 5, 
        "vert_bar_rows_page": 2
    }
}
