Res#	1-letter	3-letter	Peak Status	Merit	Position F1	Position F2	Height	Volume	Line Width F1 (Hz)	Line Width F2 (Hz)	Fit Method	Vol. Method	Assign F1	Assign F2	Details	Number	#	index	H1_delta	N15_delta	CSP	Height_ratio	Vol_ratio
1	M	Met	measured	1.0	6.296709297990353	122.41580176364008	63.100085779024475	75.90600836189772	8.450309518081243	5.126901172968375	parabolic	box sum	1MetH	1MetN	None	0	0	10	-0.0048464989791146	-0.011276933252801769	0.004543800372865171	1.0093569359385446	1.024994536780085
2	H	His	measured	1.0	9.981064783388751	106.77540387954024	23.868783277482496	59.54650463499606	17.227040189536645	23.338696715693963	parabolic	box sum	2HisH	2HisN	None	1	1	22	-0.0012478846534005328	-0.010743551610929103	0.0029762864679437526	0.8598469118422939	1.0501516244332822
3	W	Trp	measured	1.0	6.629524567539437	121.27395612021331	46.50923795217613	27.32560335472613	17.68953564759561	35.7371292335739	parabolic	box sum	3TrpH	3TrpN	None	2	2	33	-0.004227873970698681	0.009855007986743658	0.003966855420275663	1.0409629236719222	1.0899554478928104
4	Q	Gln	measured	1.0	7.5649442450390465	133.17494729327842	65.92120557817437	28.96919597925172	16.884606304733012	41.97637218780915	parabolic	box sum	4GlnH	4GlnN	None	3	3	48	0.004320648730199217	-0.021330248241440586	0.006417364492358962	1.0203698611701677	1.0349282597117977
5	Y	Tyr	measured	1.0	9.470574427255654	119.46654718238148	95.57076655536233	75.54628504062356	33.37184347070737	37.74431436183085	parabolic	box sum	5TyrH	5TyrN	None	4	4	52	-0.004769653634392412	-0.009070245268887334	0.004139281621571609	0.9909744152242663	0.998629702762638
6	S	Ser	measured	1.0	8.531747946829396	115.78083241154499	42.89113924666987	38.17530993016435	43.06655746581007	24.33943315764005	parabolic	box sum	6SerH	6SerN	None	5	5	53	-0.00380638169884584	-0.00495205062871662	0.0029934707612920422	0.9982561700362207	0.9768275653134838
7	Y	Tyr	measured	1.0	7.0551924371148935	134.05673684437377	76.3579135784911	94.57870856465887	8.915279571106636	11.364632757063985	parabolic	box sum	7TyrH	7TyrN	None	6	6	54	0.0005322501824034376	0.003072188493518979	0.0008957282389843336	1.0048554657491344	0.9851650555935438
8	K	Lys	measured	1.0	6.902193025876378	114.55805684813738	6.81332730375946	61.01377215523813	43.497710228823564	30.418613038530623	parabolic	box sum	8LysH	8LysN	None	7	7	55	-0.006587395533523832	-0.0023360767453084463	0.004698818763981308	0.7588800118691684	1.0395156714810698
9	K	Lys	measured	1.0	8.107527770504191	109.25609999741181	81.54922688805934	99.02985634030293	25.180489911094266	6.709333983452967	parabolic	box sum	9LysH	9LysN	None	8	8	56	-4.75839072517914e-05	-0.004658960144766411	0.0012331041270919516	1.0377526210750267	0.9821460489949482
10	K	Lys	measured	1.0	8.891868557189365	111.20195704493808	11.660696355515151	62.131502570703105	21.98223554070781	27.710135547052666	parabolic	box sum	10LysH	10LysN	None	9	9	0	0.0012743577809413154	-0.012322978128182172	0.003382587644579039	1.0334642346250893	1.0332588424287126
11	F	Phe	measured	1.0	5.996902737209528	118.25529920837856	24.55984656229528	30.244879443919515	46.18597520467437	7.933761021911563	parabolic	box sum	11PheH	11PheN	None	10	10	1	-0.005968183565342677	0.0044748737009996375	0.004383072228426779	0.8832640127699006	0.9322870498290647
12	D	Asp	measured	1.0	8.590525031715215	113.55293522904678	11.540307125650878	23.76336103294497	12.055296498992677	23.52354035903473	parabolic	box sum	12AspH	12AspN	None	11	11	2	0.00030104513887785345	0.007326914105263427	0.0019501720460601841	0.9253115196492816	0.9634645939974216
13	I	Ile	measured	1.0	6.290505296326003	125.38828855295013	23.99753390687052	19.7523386624658	15.973422813895473	29.643374615371965	parabolic	box sum	13IleH	13IleN	None	12	12	3	0.00046272034238725723	-0.0021614017328346335	0.000658840708501326	1.0051521695570889	1.2038684280227812
14	C	Cys	measured	1.0	6.263179550982064	108.82418451101739	69.90548841088035	30.170599062921287	40.580814884010245	30.556843276577982	parabolic	box sum	14CysH	14CysN	None	13	13	4	0.0037872125614981655	-0.0033333845566687614	0.0028194487360420997	0.9877633500838121	0.9168813356263396
15	C	Cys	measured	1.0	9.402356292191596	133.16914985124552	64.9779468676557	70.40114539986145	42.88195725616085	30.092287378902732	parabolic	box sum	15CysH	15CysN	None	14	14	5	-0.004764475209473318	0.004427025744377033	0.0035667928166266257	1.037969840301592	1.0183375714064318
16	R	Arg	measured	1.0	9.680528593164592	123.71961468399643	60.39078191382707	69.90495351863504	49.75718321848182	28.824971311184377	parabolic	box sum	16ArgH	16ArgN	None	15	15	6	0.003512447297810084	-0.004157623216272555	0.0027163672738679647	0.9340902972647639	0.9935460143867658
17	M	Met	measured	1.0	9.90616770792084	117.1951191260351	44.962763879289824	26.641935127526587	5.493527834871301	27.873182438731174	parabolic	box sum	17MetH	17MetN	None	16	16	7	-0.0006443482172162618	-0.007678460788199004	0.0020819955614334446	0.9804844296079951	0.9296903886422702
18	I	Ile	measured	1.0	8.34450359781556	112.73871918094109	42.12181941570447	99.17715402876695	11.97303083925433	36.03911740851663	parabolic	box sum	18IleH	18IleN	None	17	17	8	-0.006962051412225279	-0.008295876788494638	0.005390045449857161	1.0235599966660152	0.9763355320107346
19	V	Val	measured	1.0	8.271395531155775	110.33988701633398	91.71286503107528	73.02145922288513	17.27796883236797	26.380970513556004	parabolic	box sum	19ValH	19ValN	None	18	18	9	-0.0015020274395975974	0.009426963308783343	0.0027108629291080683	0.9747197504572551	0.9675509640082912
20	V	Val	measured	1.0	9.178456758439363	109.75230702151948	23.73120860302977	38.42629392136382	21.145903618917533	5.3095157682614715	parabolic	box sum	20ValH	20ValN	None	19	19	11	0.0026392132875834307	0.0001870439491824527	0.0018668616363842485	0.942110065237759	1.0223363681144455
21	F	Phe	measured	1.0	7.155536520928662	126.55563933730312	63.216005822699486	66.59933539256683	32.73474512649265	21.59330178084107	parabolic	box sum	21PheH	21PheN	None	20	20	12	-0.0031937702100925947	0.019359916777034414	0.005597904117649421	0.9605247676654641	1.0385482080040525
22	I	Ile	measured	1.0	8.347783290529733	108.82574387253813	0.4223570077150287	49.33397169464055	45.367779645801285	36.771554212334586	parabolic	box sum	22IleH	22IleN	None	21	21	13	-0.0027950072679807647	-0.008589938189530244	0.0030118309183998293	0.13799661732274862	0.9554329443765346
23	W	Trp	measured	1.0	8.772610565765849	121.4307051937592	30.303874081281442	30.958006791732068	12.660194807415955	12.266175792490527	parabolic	box sum	23TrpH	23TrpN	None	22	22	14	0.005447708710676125	-0.0031187870770423842	0.003939497860949175	0.8905769041501506	1.045629363302911
24	D	Asp	measured	1.0	9.952142296868026	120.4189666612386	36.659157118815244	78.2080012665661	15.32833927552176	19.47521163683253	parabolic	box sum	24AspH	24AspN	None	23	23	16	-0.0015674339144826632	0.003321025345826456	0.0014143794372334264	1.0371262401086723	1.0071047244579308
25	F	Phe	measured	1.0	9.5763725528766	109.69576692597988	98.8892518563902	75.87139141480371	9.607920766961843	20.426919349614128	parabolic	box sum	25PheH	25PheN	None	24	24	17	0.004437925883978622	0.012760567975732329	0.00460932096195022	1.03129403026926	1.032595226833035
26	S	Ser	measured	1.0	8.408435810098691	116.65851157889179	78.51621886038986	2.112832412909522	44.23874432725992	46.78963265905967	parabolic	box sum	26SerH	26SerN	None	25	25	18	0.0031009781710142903	-0.006385594403724326	0.0027680931922127996	0.9987928033504343	0.4480354226228163
27	H	His	measured	1.0	8.379658785558956	105.63162852392885	36.75035509722724	41.92871741217119	34.230885306592924	34.42739882334225	parabolic	box sum	27HisH	27HisN	None	26	26	19	-0.00030626661090593643	0.023372161630177857	0.006187483767023471	1.0905814834987737	0.9909920631541393
28	I	Ile	measured	1.0	8.354103320212868	116.87811398111977	68.10080541392774	27.36185303156667	25.64391488778944	38.83760339605421	parabolic	box sum	28IleH	28IleN	None	27	27	20	0.005191060361195099	0.0007566865965884517	0.0036760895064140453	1.015315039550452	1.0038461261990868
29	A	Ala	measured	1.0	6.244203453804418	128.86557887028388	77.92523664135969	87.31695324012124	47.00102437078706	33.474499706663195	parabolic	box sum	29AlaH	29AlaN	None	28	28	21	0.0006139076474793725	0.010652046579309626	0.002851502769201104	1.0374648910798545	1.0095632012605829
30	S	Ser	measured	1.0	8.58866179523665	122.50764523138304	45.04631521039517	4.336303950340067	24.499408577579285	37.04455269959888	parabolic	box sum	30SerH	30SerN	None	29	29	23	0.001881556545916041	-0.008031366491835001	0.0025070554159355267	0.9737653802983549	1.921296861343461
31	G	Gly	measured	1.0	9.84030443453786	131.67304039918912	40.08723728780369	5.519871643701967	45.515012489153996	39.467045763649566	parabolic	box sum	31GlyH	31GlyN	None	30	30	24	-0.00042685579548340513	-0.01743698756399681	0.0055223144120709776	1.0754461192811713	0.6116370279880738
32	G	Gly	measured	1.0	8.268417640644396	109.53498627709118	94.09513069417005	82.21757555691231	14.812045688791942	30.091022028605423	parabolic	box sum	32GlyH	32GlyN	None	31	31	25	0.005318378665977619	0.007412774023691782	0.004431421633064823	0.9800824456601219	1.0018907270794193
33	I	Ile	measured	1.0	6.360802660418134	130.40706486055157	18.59508577653606	24.188510552480555	22.11656030770216	11.686427556614301	parabolic	box sum	33IleH	33IleN	None	32	32	26	-0.006149401592372428	0.0054165365514222685	0.0045783502210991695	1.0202312355832641	1.025208198845521
34	H	His	measured	1.0	7.832044538006978	128.2619394856828	92.05033956088708	9.118397959805533	42.038279924508856	40.96390805858946	parabolic	box sum	34HisH	34HisN	None	33	33	27	-0.003152621329917338	-0.0019676464489180034	0.002289219278112225	0.9873495145779051	1.5127711933032855
35	L	Leu	measured	1.0	6.469212579903978	121.80208749673548	6.8309022443624245	15.379218230820587	29.24710685726431	6.615354301228824	parabolic	box sum	35LeuH	35LeuN	None	34	34	28	0.005862918635389569	-0.0036781884798386955	0.004258396693254916	1.5089811966563624	1.1398948588207982
36	L	Leu	measured	1.0	6.988119938089521	115.02044442823005	58.11097835101219	55.23856330218185	21.56774102144311	26.35106011706886	parabolic	box sum	36LeuH	36LeuN	None	35	35	29	0.0019822916912461963	0.004015418721550645	0.0017588039402526969	1.017299118961331	1.0336807664259475
37	K	Lys	measured	1.0	9.861154801892932	108.46687855034071	95.06441928884334	40.58404943275801	37.55301456492318	23.52846443895157	parabolic	box sum	37LysH	37LysN	None	36	36	30	-0.0034463211514506042	0.0012185036204783728	0.0024581491644296593	0.9734983511090627	1.0095925686333829
38	P	Pro	measured	1.0	7.949273119407833	120.89935289224441	30.025377615531287	14.739643657040679	40.59917614288949	34.63019592873505	parabolic	box sum	38ProH	38ProN	None	37	37	31	0.0037614040217874845	-0.0020550080546826166	0.0027147180654528862	0.9966742969479794	0.965728122710825
39	M	Met	measured	1.0	7.057152224149807	118.89860298444616	98.72236939929836	33.83309544596436	25.978846744869852	22.11324597141769	parabolic	box sum	39MetH	39MetN	None	38	38	32	-0.0010691373870850285	0.010809287576961424	0.0029581034854671974	1.0251154384491334	0.977374102531925
40	S	Ser	measured	1.0	6.382851885920878	127.08600026912356	36.006861500702016	2.195856507978676	20.75735051012927	22.06445698047376	parabolic	box sum	40SerH	40SerN	None	39	39	35	-0.004730535207338349	-0.002098417691129839	0.003390754584216485	0.9025648525016503	0.7697672265769964
41	Y	Tyr	measured	1.0	8.261583673301171	121.94014897026156	86.66439129198328	64.77687560070935	18.94760336809936	25.721541071002306	parabolic	box sum	41TyrH	41TyrN	None	40	40	36	0.005787005118177646	-0.011341801234294735	0.005074373457441284	1.0461462479001455	0.9641527987587868
42	A	Ala	measured	1.0	7.796739360543954	115.52202692652044	99.44645976239241	33.47472644497149	11.924613662063631	20.545981415406867	parabolic	box sum	42AlaH	42AlaN	None	41	41	37	-0.0017510611294602185	-0.019950837296619284	0.005421772879611013	1.0091733500330242	1.0897000007907942
43	Q	Gln	measured	1.0	6.970679661021823	114.55521036366079	61.02951687854764	83.21007026454335	16.60145110397803	41.78346628781581	parabolic	box sum	43GlnH	43GlnN	None	42	42	38	0.0013102741824200237	0.007151934307628949	0.002106874633290512	1.0208428710022728	0.99359950363242
44	Y	Tyr	measured	1.0	9.806006704808055	112.8854801556355	60.224574425637805	14.433003529412419	45.65281405050428	35.66084346181318	parabolic	box sum	44TyrH	44TyrN	None	43	43	41	-0.0014999490066340826	0.013782862436499954	0.0037977143517245984	0.9846489878604628	0.8442149465608715
45	G	Gly	measured	1.0	8.523228082021811	114.55737733863302	63.968788871171654	82.53562332887059	22.58538220926455	13.48855094722675	parabolic	box sum	45GlyH	45GlyN	None	44	44	42	-0.004666662943924038	0.006459071624888679	0.0038808287957137577	1.0167951331225218	1.031700178619805
46	W	Trp	measured	1.0	6.08269086017942	127.21591089190996	-1.4342840335355058	55.21368619751849	44.29287584470863	36.10710884143528	parabolic	box sum	46TrpH	46TrpN	None	45	45	43	-0.0008744039702985873	-0.00039443350819112766	0.0006270419420611699	9.87538614443994	1.0143480526774795
47	A	Ala	measured	1.0	6.41278049021675	123.3041790170973	81.32984852020182	3.9938080284288913	36.8568286577157	41.15906846966386	parabolic	box sum	47AlaH	47AlaN	None	46	46	45	-0.0012396711950186656	0.003771087219945457	0.0013281073952470938	0.9863171112266073	0.5742483664428584
48	S	Ser	measured	1.0	9.818507113288623	130.78274613512647	20.3449330162451	75.21246831220701	8.48770392839951	14.540658902422777	parabolic	box sum	48SerH	48SerN	None	47	47	46	-0.003353593249471487	0.006368595659239418	0.0029090246799249033	0.9458053443386769	0.973024495817462
49	I	Ile	measured	1.0	8.36669872883813	109.60732762673055	4.952806067164037	3.791884441014685	10.481049564239802	31.89697137706568	parabolic	box sum	49IleH	49IleN	None	48	48	47	-0.0028289559505232376	-0.011114951742598578	0.0035566060425384592	0.5925958652627672	0.9216257072346652
50	C	Cys	measured	1.0	6.833380265611242	118.10310947736919	90.173241546553	29.884013988811997	49.123766463440845	18.010374738973926	parabolic	box sum	50CysH	50CysN	None	49	49	51	0.00495296478826468	0.011311097213152266	0.004606711897706602	1.0062431639398728	0.9286897063421723
